938fc712753d484cb17f940be86eb10e	mediteranean	Spicy Mediterranean Chicken with Sausage-Stuffed Cherry Peppers 	6 (4 ounce) bone-in chicken thighs with skin |1 tablespoon ground black pepper |2 teaspoons ground cumin |1 teaspoon salt |18 cherry peppers in brine (such as Peppadew(R)) |6 ounces fresh Italian sausage |2 tablespoons olive oil |1 onion, sliced |1 pinch salt |4 cloves garlic, crushed |1 tablespoon herbes de Provence |1/2 teaspoon crushed red pepper flakes |1 cup sliced pepperoncini peppers, with liquid |2 cups chicken stock |1 (14 ounce) can artichoke hearts, drained and chopped |1/2 cup pitted kalamata olives |1 tablespoon chopped fresh basil |1 tablespoon chopped fresh oregano |1 tablespoon chopped fresh marjoram |	389	15700.0	25200.0	25	2487	75
beabcbbfcef71f75f1934f633433aa8d	mediteranean	Mediterranean Greek Salad 	3 cucumbers, seeded and sliced |1 1/2 cups crumbled feta cheese |1 cup black olives, pitted and sliced |3 cups diced roma tomatoes |1/3 cup diced oil packed sun-dried tomatoes, drained, oil reserved |1/2 red onion, sliced |	131	9300.0	8800.0	5.5	486	25
a7ca8f050a4b358d38817935ed15a5e1	mediteranean	Baked Falafel 	1/4 cup chopped onion |1 (15 ounce) can garbanzo beans, rinsed and drained |1/4 cup chopped fresh parsley |3 cloves garlic, minced |1 teaspoon ground cumin |1/4 teaspoon ground coriander |1/4 teaspoon salt |1/4 teaspoon baking soda |1 tablespoon all-purpose flour |1 egg, beaten |2 teaspoons olive oil |	281	39300.0	9300.0	11.4	909	93
1f2d9fedb663fbdfba5f52cc957de4be	mediteranean	Mediterranean Quinoa Salad 	2 cups water |2 cubes chicken bouillon |1 clove garlic, smashed |1 cup uncooked quinoa |2 large cooked chicken breasts - cut into bite size pieces |1 large red onion, diced |1 large green bell pepper, diced |1/2 cup chopped kalamata olives |1/2 cup crumbled feta cheese |1/4 cup chopped fresh parsley |1/4 cup chopped fresh chives |1/2 teaspoon salt |2/3 cup fresh lemon juice |1 tablespoon balsamic vinegar |1/4 cup olive oil |	278	20100.0	13900.0	18.4	713	45
4469f1c82df21b85ca26e8b59a899173	mediteranean	Good for You Greek Salad 	3 large ripe tomatoes, chopped |2 cucumbers, peeled and chopped |1 small red onion, chopped |1/4 cup olive oil |4 teaspoons lemon juice |1 1/2 teaspoons dried oregano |salt and pepper to taste |1 cup crumbled feta cheese |6 black Greek olives, pitted and sliced |	187	8300.0	15600.0	5	347	22
734d08e6087a6d617f6408fe31f98939	mediteranean	Real Hummus 	1 clove garlic |1 (19 ounce) can garbanzo beans, half the liquid reserved |4 tablespoons lemon juice |2 tablespoons tahini |1 clove garlic, chopped |1 teaspoon salt |black pepper to taste |2 tablespoons olive oil |	54	6800.0	2500.0	1.6	199	0
2eaf3bae8aa6b1c152b4af102473b9df	mediteranean	Mediterranean Kale 	12 cups chopped kale |2 tablespoons lemon juice |1 tablespoon olive oil, or as needed |1 tablespoon minced garlic |1 teaspoon soy sauce |salt to taste |ground black pepper to taste |	91	14500.0	3200.0	4.6	108	0
8ea43b5f1966822e5d66f771a9ce5a86	mediteranean	Easy Mediterranean Fish 	4 (6 ounce) fillets halibut |1 tablespoon Greek seasoning (such as Cavender&#39;s(R)) |1 large tomato, chopped |1 onion, chopped |1 (5 ounce) jar pitted kalamata olives |1/4 cup capers |1/4 cup olive oil |1 tablespoon lemon juice |salt and pepper to taste |	429	9200.0	26800.0	36.6	1275	54
aa7f6900c4a73346082f4345d8013e78	mediteranean	Mediterranean Barley Salad 	1 cup barley |2 1/2 cups water |7 sun-dried tomatoes |2 cloves garlic |2 tablespoons olive oil |1 tablespoon balsamic vinegar |1/2 cup finely chopped cilantro |1 (4 ounce) can chopped black olives |2 tablespoons olive oil |	220	25900.0	11800.0	4.5	221	0
6bbefb2477ac53ddb9730cb39ccfdd36	mediteranean	Greek Chicken Pasta 	1 (16 ounce) package linguine pasta |1/2 cup chopped red onion |1 tablespoon olive oil |2 cloves garlic, crushed |1 pound skinless, boneless chicken breast meat - cut into bite-size pieces |1 (14 ounce) can marinated artichoke hearts, drained and chopped |1 large tomato, chopped |1/2 cup crumbled feta cheese |3 tablespoons chopped fresh parsley |2 tablespoons lemon juice |2 teaspoons dried oregano |salt and pepper to taste |2 lemons, wedged, for garnish |	488	70000	11400.0	32.6	444	55
a596f22f310a0f86a147f03525c5c6e9	mediteranean	Spinach and Feta Pita Bake 	1 (6 ounce) tub sun-dried tomato pesto |6 (6 inch) whole wheat pita breads |2 roma (plum) tomatoes, chopped |1 bunch spinach, rinsed and chopped |4 fresh mushrooms, sliced |1/2 cup crumbled feta cheese |2 tablespoons grated Parmesan cheese |3 tablespoons olive oil |ground black pepper to taste |	350	41600.0	17100.0	11.6	587	13
2d8c130706f8654d7f99eabfca59dea4	mediteranean	Greek Penne and Chicken 	1 (16 ounce) package penne pasta |1 1/2 tablespoons butter |1/2 cup chopped red onion |2 cloves garlic, minced |1 pound skinless, boneless chicken breast halves - cut into bite-size pieces |1 (14 ounce) can artichoke hearts in water |1 tomato, chopped |1/2 cup crumbled feta cheese |3 tablespoons chopped fresh parsley |2 tablespoons lemon juice |1 teaspoon dried oregano |salt to taste |ground black pepper to taste |	685	96200.0	13200.0	47	826	94
8ffdbb2a23d34900637f743583c39ef4	mediteranean	Spiced Sweet Roasted Red Pepper Hummus 	1 (15 ounce) can garbanzo beans, drained |1 (4 ounce) jar roasted red peppers |3 tablespoons lemon juice |1 1/2 tablespoons tahini |1 clove garlic, minced |1/2 teaspoon ground cumin |1/2 teaspoon cayenne pepper |1/4 teaspoon salt |1 tablespoon chopped fresh parsley |	64	9600.0	2200.0	2.5	370	0
ebf6221d0f2508e25bc64a2fdcad571a	mediteranean	Black Bean Hummus 	1 clove garlic |1 (15 ounce) can black beans; drain and reserve liquid |2 tablespoons lemon juice |1 1/2 tablespoons tahini |3/4 teaspoon ground cumin |1/2 teaspoon salt |1/4 teaspoon cayenne pepper |1/4 teaspoon paprika |10 Greek olives |	81	10300.0	3100.0	3.9	427	0
ce5f95b551ff89617c9c0875f4ad800a	mediteranean	Extra Easy Hummus 	1 (15 ounce) can garbanzo beans, drained, liquid reserved |1 clove garlic, crushed |2 teaspoons ground cumin |1/2 teaspoon salt |1 tablespoon olive oil |	118	16500.0	4400.0	3.7	502	0
4dbf29c9596c4c1eee3cdec2735adccf	mediteranean	Greek Style Potatoes 	1/3 cup olive oil |1 1/2 cups water |2 cloves garlic, finely chopped |1/4 cup fresh lemon juice |1 teaspoon dried thyme |1 teaspoon dried rosemary |2 cubes chicken bouillon |ground black pepper to taste |6 potatoes, peeled and quartered |	418	58600.0	18500.0	7	596	&lt;1
aa5560211092e60f250c69911cad4e5a	mediteranean	Greek Pasta with Tomatoes and White Beans 	2 (14.5 ounce) cans Italian-style diced tomatoes |1 (19 ounce) can cannellini beans, drained and rinsed |10 ounces fresh spinach, washed and chopped |8 ounces penne pasta |1/2 cup crumbled feta cheese |	460	79000	5900.0	23.4	593	17
4ff0f74767cc3cc8e2d03f37ccfdf5ec	mediteranean	Greek Lentil Soup (Fakes) 	8 ounces brown lentils |1/4 cup olive oil |1 tablespoon minced garlic |1 onion, minced |1 large carrot, chopped |1 quart water |1 pinch dried oregano |1 pinch crushed dried rosemary |2 bay leaves |1 tablespoon tomato paste |salt and ground black pepper to taste |1 teaspoon olive oil, or to taste |1 teaspoon red wine vinegar, or to taste (optional) |	357	40300.0	15500.0	15.5	57	0
c78a84cb0ede06bb13125f47110e8bb0	mediteranean	Pasta Fagioli 	1 tablespoon olive oil |2 stalks celery, chopped |1 onion, chopped |3 cloves garlic, minced |2 teaspoons dried parsley |1 teaspoon Italian seasoning |1/4 teaspoon crushed red pepper flakes |salt to taste |1 (14.5 ounce) can chicken broth |2 medium tomatoes, peeled and chopped |1 (8 ounce) can tomato sauce |1/2 cup uncooked spinach pasta |1 (15 ounce) can cannellini beans, with liquid |	225	37300.0	4400.0	11	758	2
024a88920d0f9a71a9e7fdeac8977401	mediteranean	Mediterranean Chicken 	2 teaspoons olive oil |2 tablespoons white wine |6 skinless, boneless chicken breast halves |3 cloves garlic, minced |1/2 cup diced onion |3 cups tomatoes, chopped |1/2 cup white wine |2 teaspoons chopped fresh thyme |1 tablespoon chopped fresh basil |1/2 cup kalamata olives |1/4 cup chopped fresh parsley |salt and pepper to taste |	222	7200.0	6200.0	28.6	268	68
ed975df915cafcf45ef36716bf7a4084	mediteranean	Penne with Shrimp 	1 (16 ounce) package penne pasta |2 tablespoons olive oil |1/4 cup chopped red onion |1 tablespoon chopped garlic |1/4 cup white wine |2 (14.5 ounce) cans diced tomatoes |1 pound shrimp, peeled and deveined |1 cup grated Parmesan cheese |	385	48500.0	8500.0	24.5	399	95
f1c2a5a563b551b9d9bd87c6377ac519	mediteranean	Insalata Caprese II 	4 large ripe tomatoes, sliced 1/4 inch thick |1 pound fresh mozzarella cheese, sliced 1/4 inch thick |1/3 cup fresh basil leaves |3 tablespoons extra virgin olive oil |fine sea salt to taste |freshly ground black pepper to taste |	311	6600.0	23900.0	17.9	627	60
7e244839f8643d73a86ddbeb6c900c0b	mediteranean	Easy Hummus 	1 (15 ounce) can garbanzo beans, drained, liquid reserved |2 ounces fresh jalapeno pepper, sliced |1/2 teaspoon ground cumin |2 tablespoons lemon juice |3 cloves garlic, minced |	23	4500.0	200.0	1	53	0
ad6701537715c4a120743e186e0eed80	mediteranean	Easy Arugula Salad 	4 cups young arugula leaves, rinsed and dried |1 cup cherry tomatoes, halved |1/4 cup pine nuts |2 tablespoons grapeseed oil or olive oil |1 tablespoon rice vinegar |salt to taste |freshly ground black pepper to taste |1/4 cup grated Parmesan cheese |1 large avocado - peeled, pitted and sliced |	257	10000	23200.0	6.2	381	4
a17d1af7fdbc73e18cebc30c0e5b01c3	mediteranean	Creamy Italian White Bean Soup 	1 tablespoon vegetable oil |1 onion, chopped |1 stalk celery, chopped |1 clove garlic, minced |2 (16 ounce) cans white kidney beans, rinsed and drained |1 (14 ounce) can chicken broth |1/4 teaspoon ground black pepper |1/8 teaspoon dried thyme |2 cups water |1 bunch fresh spinach, rinsed and thinly sliced |1 tablespoon lemon juice |	245	38100.0	4900.0	12	1014	2
934b0f66d6f7e6d2272d0e5ad8eb108a	mediteranean	Greek Tzatziki 	1 (32 ounce) container plain low-fat yogurt |1/2 English cucumber with peel, grated |1 clove garlic, pressed |2 tablespoons fresh lemon juice |2 tablespoons extra-virgin olive oil |2 teaspoons grated lemon zest |3 tablespoons chopped fresh dill |1 tablespoon salt, or to taste |1 tablespoon freshly ground black pepper, or to taste |	22	1900.0	1000	1.3	191	1
25e0e9048b068c516f71dec35a565f4d	mediteranean	Pasta e Fagioli I 	2 tablespoons olive oil |1 cup chopped onion |3 cloves garlic, minced |2 (14.5 ounce) cans stewed tomatoes |3 cups low-sodium chicken broth |1 (15 ounce) can cannellini beans |1/4 cup chopped fresh parsley |1 teaspoon dried basil leaves |1/4 teaspoon ground black pepper |1/4 pound seashell pasta |	185	30500.0	4200.0	8.2	272	2
7fb065a76a8472fa9578f0cd5818b415	mediteranean	Greek Salad I 	1 head romaine lettuce- rinsed, dried and chopped |1 red onion, thinly sliced |1 (6 ounce) can pitted black olives |1 green bell pepper, chopped |1 red bell pepper, chopped |2 large tomatoes, chopped |1 cucumber, sliced |1 cup crumbled feta cheese |6 tablespoons olive oil |1 teaspoon dried oregano |1 lemon, juiced |ground black pepper to taste |	265	14100.0	22400.0	6	538	22
03e821e5e65bb203d45080e71e5da03e	mediteranean	Flounder Mediterranean 	5 roma (plum) tomatoes |2 tablespoons extra virgin olive oil |1/2 Spanish onion, chopped |2 cloves garlic, chopped |1 pinch Italian seasoning |24 kalamata olives, pitted and chopped |1/4 cup white wine |1/4 cup capers |1 teaspoon fresh lemon juice |6 leaves fresh basil, chopped |3 tablespoons freshly grated Parmesan cheese |1 pound flounder fillets |6 leaves fresh basil, torn |	282	8200.0	15400.0	24.4	777	63
3b7ee585f4b3cf466bef0d63209ed414	mediteranean	Baked Falafel 	1/4 cup chopped onion |1 (15 ounce) can garbanzo beans, rinsed and drained |1/4 cup chopped fresh parsley |3 cloves garlic, minced |1 teaspoon ground cumin |1/4 teaspoon ground coriander |1/4 teaspoon salt |1/4 teaspoon baking soda |1 tablespoon all-purpose flour |1 egg, beaten |2 teaspoons olive oil |	281	39300.0	9300.0	11.4	909	93
04c2d64361de00b056dcd7a1b178cd29	mediteranean	Avocado and Tuna Tapas 	1 (12 ounce) can solid white tuna packed in water, drained |1 tablespoon mayonnaise |3 green onions, thinly sliced, plus additional for garnish |1/2 red bell pepper, chopped |1 dash balsamic vinegar |black pepper to taste |1 pinch garlic salt, or to taste |2 ripe avocados, halved and pitted |	294	11000	18200.0	23.9	154	27
02a9fbf8abcfad0361623f129a67e74e	mediteranean	Pasta Fagioli Soup II 	1 (29 ounce) can diced tomatoes |2 (14 ounce) cans great Northern beans, undrained |1 (14 ounce) can chopped spinach, drained |2 (14.5 ounce) cans chicken broth |1 (8 ounce) can tomato sauce |3 cups water |1 tablespoon minced garlic |8 slices crisp cooked bacon, crumbled |1 tablespoon dried parsley |1 teaspoon garlic powder |1 1/2 teaspoons salt |1/2 teaspoon ground black pepper |1/2 teaspoon dried basil |1/2 pound seashell pasta |	288	48500.0	3600.0	15.8	1135	7
e023d490ad0557a953469e4a86fd00ca	mediteranean	Chicken Costa Brava 	1 (20 ounce) can pineapple chunks |10 skinless, boneless chicken breast halves |1 tablespoon vegetable oil |1 teaspoon ground cumin |1 teaspoon ground cinnamon |2 cloves garlic, minced |1 onions, quartered |1 (14.5 ounce) can stewed tomatoes |2 cups black olives |1/2 cup salsa |2 tablespoons cornstarch |2 tablespoons water |1 red bell pepper, thinly sliced |salt to taste |	239	17600.0	6100.0	28.6	495	68
81666ad3c1469a7e6e99f657bd3ecd5e	mediteranean	Cavatelli and Broccoli 	3 heads fresh broccoli, cut into florets |1/2 cup olive oil |3 cloves garlic, minced |1 1/2 pounds cavatelli pasta |1 teaspoon salt |1 teaspoon crushed red pepper flakes |2 tablespoons grated Parmesan cheese |	317	47600.0	10300.0	10.2	234	&lt;1
7aaab52ed149c71d307be8742963d876	mediteranean	Spanish Cod 	1 tablespoon butter |1 tablespoon olive oil |1/4 cup finely chopped onion |2 tablespoons chopped fresh garlic |1 cup tomato sauce |15 cherry tomatoes, halved |1/2 cup chopped green olives |1/4 cup deli marinated Italian vegetable salad, drained and coarsely chopped |1 dash black pepper |1 dash cayenne pepper |1 dash paprika |6 (4 ounce) fillets cod fillets |	170	6500.0	6600.0	21.3	597	46
cbae60a1a324036f8abec5e5f4c8d332	mediteranean	Slow Cooker Mediterranean Stew 
Down Triangle</title><path d="M0 63.75l127.5 127.5L255 63.75z"/></svg>
Down</title><path d="M12 2L10.59.59 6 5.17 1.41.59 0 2l6 6z"/></svg>
Previous</title>
Down Triangle</title><path d="M0 63.75l127.5 127.5L255 63.75z"/></svg>
Down</title><path d="M12 2L10.59.59 6 5.17 1.41.59 0 2l6 6z"/></svg>
Previous</title>
Close</title><path fill="#F0F1F3" d="M14 1.41L12.59 0 7 5.59 1.41 0 0 1.41 5.59 7 0 12.59 1.41 14 7 8.41 12.59 14 14 12.59 8.41 7z"/></svg>
Down</title><path d="M12 2L10.59.59 6 5.17 1.41.59 0 2l6 6z"/></svg>
Previous</title>
Next</title>
Next</title>
Next</title>
Down</title><path d="M12 2L10.59.59 6 5.17 1.41.59 0 2l6 6z"/></svg>
Previous</title>
Down</title><path d="M12 2L10.59.59 6 5.17 1.41.59 0 2l6 6z"/></svg>
Previous</title>
Down</title><path d="M12 2L10.59.59 6 5.17 1.41.59 0 2l6 6z"/></svg>
Previous</title>
Down</title><path d="M12 2L10.59.59 6 5.17 1.41.59 0 2l6 6z"/></svg>
Previous</title>
Down</title><path d="M12 2L10.59.59 6 5.17 1.41.59 0 2l6 6z"/></svg>
Previous</title>
Down</title><path d="M12 2L10.59.59 6 5.17 1.41.59 0 2l6 6z"/></svg>
Previous</title>
Down</title><path d="M12 2L10.59.59 6 5.17 1.41.59 0 2l6 6z"/></svg>
Previous</title>
Down</title><path d="M12 2L10.59.59 6 5.17 1.41.59 0 2l6 6z"/></svg>
Previous</title>
Down</title><path d="M12 2L10.59.59 6 5.17 1.41.59 0 2l6 6z"/></svg>
Previous</title>
Down</title><path d="M12 2L10.59.59 6 5.17 1.41.59 0 2l6 6z"/></svg>
Previous</title>
Down</title><path d="M12 2L10.59.59 6 5.17 1.41.59 0 2l6 6z"/></svg>
Previous</title>
Down</title><path d="M12 2L10.59.59 6 5.17 1.41.59 0 2l6 6z"/></svg>
Previous</title>
Down</title><path d="M12 2L10.59.59 6 5.17 1.41.59 0 2l6 6z"/></svg>
Previous</title>
Down</title><path d="M12 2L10.59.59 6 5.17 1.41.59 0 2l6 6z"/></svg>
Previous</title>
Down</title><path d="M12 2L10.59.59 6 5.17 1.41.59 0 2l6 6z"/></svg>
Previous</title>
Down Triangle</title><path d="M0 63.75l127.5 127.5L255 63.75z"/></svg>
Down</title><path d="M12 2L10.59.59 6 5.17 1.41.59 0 2l6 6z"/></svg>
Previous</title>
Down Triangle</title><path d="M0 63.75l127.5 127.5L255 63.75z"/></svg>
Down</title><path d="M12 2L10.59.59 6 5.17 1.41.59 0 2l6 6z"/></svg>
Previous</title>
Chevron Right</title><path d="M8.578 16.359l4.594-4.594-4.594-4.594 1.406-1.406 6 6-6 6z"></path></svg>
Chevron Right</title><path d="M8.578 16.359l4.594-4.594-4.594-4.594 1.406-1.406 6 6-6 6z"></path></svg>
Chevron Right</title><path d="M8.578 16.359l4.594-4.594-4.594-4.594 1.406-1.406 6 6-6 6z"></path></svg>
Chevron Right</title><path d="M8.578 16.359l4.594-4.594-4.594-4.594 1.406-1.406 6 6-6 6z"></path></svg>
Rating Star</title><path d="M12 17.27L18.18 21l-1.64-7.03L22 9.24l-7.19-.61L12 2 9.19 8.63 2 9.24l5.46 4.73L5.82 21z"></path></svg>
Rating Star</title><path d="M12 17.27L18.18 21l-1.64-7.03L22 9.24l-7.19-.61L12 2 9.19 8.63 2 9.24l5.46 4.73L5.82 21z"></path></svg>
Rating Star</title><path d="M12 17.27L18.18 21l-1.64-7.03L22 9.24l-7.19-.61L12 2 9.19 8.63 2 9.24l5.46 4.73L5.82 21z"></path></svg>
Rating Star</title><path d="M12 17.27L18.18 21l-1.64-7.03L22 9.24l-7.19-.61L12 2 9.19 8.63 2 9.24l5.46 4.73L5.82 21z"></path></svg>
Rating Star</title><path d="M12 17.27L18.18 21l-1.64-7.03L22 9.24l-7.19-.61L12 2 9.19 8.63 2 9.24l5.46 4.73L5.82 21z"></path></svg>
Down Triangle</title><path d="M0 63.75l127.5 127.5L255 63.75z"/></svg>
Rating Star</title><path d="M12 17.27L18.18 21l-1.64-7.03L22 9.24l-7.19-.61L12 2 9.19 8.63 2 9.24l5.46 4.73L5.82 21z"></path></svg>
Rating Star</title><path d="M12 17.27L18.18 21l-1.64-7.03L22 9.24l-7.19-.61L12 2 9.19 8.63 2 9.24l5.46 4.73L5.82 21z"></path></svg>
Rating Star</title><path d="M12 17.27L18.18 21l-1.64-7.03L22 9.24l-7.19-.61L12 2 9.19 8.63 2 9.24l5.46 4.73L5.82 21z"></path></svg>
Rating Star</title><path d="M12 17.27L18.18 21l-1.64-7.03L22 9.24l-7.19-.61L12 2 9.19 8.63 2 9.24l5.46 4.73L5.82 21z"></path></svg>
Rating Star</title><path d="M12 17.27L18.18 21l-1.64-7.03L22 9.24l-7.19-.61L12 2 9.19 8.63 2 9.24l5.46 4.73L5.82 21z"></path></svg>
ellipsis</title><path d="M10.001 7.8c-1.215 0-2.201 0.985-2.201 2.2s0.986 2.2 2.201 2.2c1.215 0 2.199-0.985 2.199-2.2s-0.984-2.2-2.199-2.2zM3.001 7.8c-1.215 0-2.201 0.985-2.201 2.2s0.986 2.2 2.201 2.2c1.215 0 2.199-0.986 2.199-2.2s-0.984-2.2-2.199-2.2zM17.001 7.8c-1.215 0-2.201 0.985-2.201 2.2s0.986 2.2 2.201 2.2c1.215 0 2.199-0.985 2.199-2.2s-0.984-2.2-2.199-2.2z"></path></svg>
Mail</title><path d="M20.016 8.016v-2.016l-8.016 5.016-8.016-5.016v2.016l8.016 4.969zM20.016 3.984c1.078 0 1.969 0.938 1.969 2.016v12c0 1.078-0.891 2.016-1.969 2.016h-16.031c-1.078 0-1.969-0.938-1.969-2.016v-12c0-1.078 0.891-2.016 1.969-2.016h16.031z"></path></svg>
iphone</title><path d="M15.984 18v-14.016h-9v14.016h9zM11.484 21.984c0.844 0 1.5-0.656 1.5-1.5s-0.656-1.5-1.5-1.5-1.5 0.656-1.5 1.5 0.656 1.5 1.5 1.5zM15.516 0.984c1.359 0 2.484 1.172 2.484 2.531v16.969c0 1.359-1.125 2.531-2.484 2.531h-8.016c-1.359 0-2.484-1.172-2.484-2.531v-16.969c0-1.359 1.125-2.531 2.484-2.531h8.016z"></path></svg>
Image zoom</title>
Rate Review</title><path id="a" d="M12.726 10.694L9.998 9.267l-2.719 1.43.52-3.025-2.205-2.15 3.04-.446L9.998 2.32l1.363 2.756 3.042.44-2.196 2.15.52 3.028zM18.236 0H1.761C.001 0 .001 1.606.001 1.606V12.16s-.057 1.587 1.524 1.587h1.638v5.476l5.475-5.476h9.836c1.579 0 1.526-1.587 1.526-1.587V1.606S20 0 18.236 0z"/></svg>
Rating Star</title><path d="M12 17.27L18.18 21l-1.64-7.03L22 9.24l-7.19-.61L12 2 9.19 8.63 2 9.24l5.46 4.73L5.82 21z"></path></svg>
Rating Star</title><path d="M12 17.27L18.18 21l-1.64-7.03L22 9.24l-7.19-.61L12 2 9.19 8.63 2 9.24l5.46 4.73L5.82 21z"></path></svg>
Rating Star</title><path d="M12 17.27L18.18 21l-1.64-7.03L22 9.24l-7.19-.61L12 2 9.19 8.63 2 9.24l5.46 4.73L5.82 21z"></path></svg>
Rating Star</title><path d="M12 17.27L18.18 21l-1.64-7.03L22 9.24l-7.19-.61L12 2 9.19 8.63 2 9.24l5.46 4.73L5.82 21z"></path></svg>
Rating Star</title><path d="M12 17.27L18.18 21l-1.64-7.03L22 9.24l-7.19-.61L12 2 9.19 8.63 2 9.24l5.46 4.73L5.82 21z"></path></svg>
Thumb Up</title><path d="M1 21h4V9H1v12zm22-11c0-1.1-.9-2-2-2h-6.31l.95-4.57.03-.32c0-.41-.17-.79-.44-1.06L14.17 1 7.59 7.59C7.22 7.95 7 8.45 7 9v10c0 1.1.9 2 2 2h9c.83 0 1.54-.5 1.84-1.22l3.02-7.05c.09-.23.14-.47.14-.73v-1.91l-.01-.01L23 10z"></path></svg>
Rating Star</title><path d="M12 17.27L18.18 21l-1.64-7.03L22 9.24l-7.19-.61L12 2 9.19 8.63 2 9.24l5.46 4.73L5.82 21z"></path></svg>
Rating Star</title><path d="M12 17.27L18.18 21l-1.64-7.03L22 9.24l-7.19-.61L12 2 9.19 8.63 2 9.24l5.46 4.73L5.82 21z"></path></svg>
Rating Star</title><path d="M12 17.27L18.18 21l-1.64-7.03L22 9.24l-7.19-.61L12 2 9.19 8.63 2 9.24l5.46 4.73L5.82 21z"></path></svg>
Rating Star</title><path d="M12 17.27L18.18 21l-1.64-7.03L22 9.24l-7.19-.61L12 2 9.19 8.63 2 9.24l5.46 4.73L5.82 21z"></path></svg>
Rating Star</title><path d="M12 17.27L18.18 21l-1.64-7.03L22 9.24l-7.19-.61L12 2 9.19 8.63 2 9.24l5.46 4.73L5.82 21z"></path></svg>
Thumb Up</title><path d="M1 21h4V9H1v12zm22-11c0-1.1-.9-2-2-2h-6.31l.95-4.57.03-.32c0-.41-.17-.79-.44-1.06L14.17 1 7.59 7.59C7.22 7.95 7 8.45 7 9v10c0 1.1.9 2 2 2h9c.83 0 1.54-.5 1.84-1.22l3.02-7.05c.09-.23.14-.47.14-.73v-1.91l-.01-.01L23 10z"></path></svg>
Rating Star</title><path d="M12 17.27L18.18 21l-1.64-7.03L22 9.24l-7.19-.61L12 2 9.19 8.63 2 9.24l5.46 4.73L5.82 21z"></path></svg>
Rating Star</title><path d="M12 17.27L18.18 21l-1.64-7.03L22 9.24l-7.19-.61L12 2 9.19 8.63 2 9.24l5.46 4.73L5.82 21z"></path></svg>
Rating Star</title><path d="M12 17.27L18.18 21l-1.64-7.03L22 9.24l-7.19-.61L12 2 9.19 8.63 2 9.24l5.46 4.73L5.82 21z"></path></svg>
Rating Star</title><path d="M12 17.27L18.18 21l-1.64-7.03L22 9.24l-7.19-.61L12 2 9.19 8.63 2 9.24l5.46 4.73L5.82 21z"></path></svg>
Rating Star</title><path d="M12 17.27L18.18 21l-1.64-7.03L22 9.24l-7.19-.61L12 2 9.19 8.63 2 9.24l5.46 4.73L5.82 21z"></path></svg>
Rating Star</title><path d="M12 17.27L18.18 21l-1.64-7.03L22 9.24l-7.19-.61L12 2 9.19 8.63 2 9.24l5.46 4.73L5.82 21z"></path></svg>
Rating Star</title><path d="M12 17.27L18.18 21l-1.64-7.03L22 9.24l-7.19-.61L12 2 9.19 8.63 2 9.24l5.46 4.73L5.82 21z"></path></svg>
Rating Star</title><path d="M12 17.27L18.18 21l-1.64-7.03L22 9.24l-7.19-.61L12 2 9.19 8.63 2 9.24l5.46 4.73L5.82 21z"></path></svg>
Rating Star</title><path d="M12 17.27L18.18 21l-1.64-7.03L22 9.24l-7.19-.61L12 2 9.19 8.63 2 9.24l5.46 4.73L5.82 21z"></path></svg>
Rating Star</title><path d="M12 17.27L18.18 21l-1.64-7.03L22 9.24l-7.19-.61L12 2 9.19 8.63 2 9.24l5.46 4.73L5.82 21z"></path></svg>
Thumb Up</title><path d="M1 21h4V9H1v12zm22-11c0-1.1-.9-2-2-2h-6.31l.95-4.57.03-.32c0-.41-.17-.79-.44-1.06L14.17 1 7.59 7.59C7.22 7.95 7 8.45 7 9v10c0 1.1.9 2 2 2h9c.83 0 1.54-.5 1.84-1.22l3.02-7.05c.09-.23.14-.47.14-.73v-1.91l-.01-.01L23 10z"></path></svg>
Rating Star</title><path d="M12 17.27L18.18 21l-1.64-7.03L22 9.24l-7.19-.61L12 2 9.19 8.63 2 9.24l5.46 4.73L5.82 21z"></path></svg>
Rating Star</title><path d="M12 17.27L18.18 21l-1.64-7.03L22 9.24l-7.19-.61L12 2 9.19 8.63 2 9.24l5.46 4.73L5.82 21z"></path></svg>
Rating Star</title><path d="M12 17.27L18.18 21l-1.64-7.03L22 9.24l-7.19-.61L12 2 9.19 8.63 2 9.24l5.46 4.73L5.82 21z"></path></svg>
Rating Star</title><path d="M12 17.27L18.18 21l-1.64-7.03L22 9.24l-7.19-.61L12 2 9.19 8.63 2 9.24l5.46 4.73L5.82 21z"></path></svg>
Rating Star</title><path d="M12 17.27L18.18 21l-1.64-7.03L22 9.24l-7.19-.61L12 2 9.19 8.63 2 9.24l5.46 4.73L5.82 21z"></path></svg>
Thumb Up</title><path d="M1 21h4V9H1v12zm22-11c0-1.1-.9-2-2-2h-6.31l.95-4.57.03-.32c0-.41-.17-.79-.44-1.06L14.17 1 7.59 7.59C7.22 7.95 7 8.45 7 9v10c0 1.1.9 2 2 2h9c.83 0 1.54-.5 1.84-1.22l3.02-7.05c.09-.23.14-.47.14-.73v-1.91l-.01-.01L23 10z"></path></svg>
Rating Star</title><path d="M12 17.27L18.18 21l-1.64-7.03L22 9.24l-7.19-.61L12 2 9.19 8.63 2 9.24l5.46 4.73L5.82 21z"></path></svg>
Rating Star</title><path d="M12 17.27L18.18 21l-1.64-7.03L22 9.24l-7.19-.61L12 2 9.19 8.63 2 9.24l5.46 4.73L5.82 21z"></path></svg>
Rating Star</title><path d="M12 17.27L18.18 21l-1.64-7.03L22 9.24l-7.19-.61L12 2 9.19 8.63 2 9.24l5.46 4.73L5.82 21z"></path></svg>
Rating Star</title><path d="M12 17.27L18.18 21l-1.64-7.03L22 9.24l-7.19-.61L12 2 9.19 8.63 2 9.24l5.46 4.73L5.82 21z"></path></svg>
Rating Star</title><path d="M12 17.27L18.18 21l-1.64-7.03L22 9.24l-7.19-.61L12 2 9.19 8.63 2 9.24l5.46 4.73L5.82 21z"></path></svg>
Thumb Up</title><path d="M1 21h4V9H1v12zm22-11c0-1.1-.9-2-2-2h-6.31l.95-4.57.03-.32c0-.41-.17-.79-.44-1.06L14.17 1 7.59 7.59C7.22 7.95 7 8.45 7 9v10c0 1.1.9 2 2 2h9c.83 0 1.54-.5 1.84-1.22l3.02-7.05c.09-.23.14-.47.14-.73v-1.91l-.01-.01L23 10z"></path></svg>
Rating Star</title><path d="M12 17.27L18.18 21l-1.64-7.03L22 9.24l-7.19-.61L12 2 9.19 8.63 2 9.24l5.46 4.73L5.82 21z"></path></svg>
Rating Star</title><path d="M12 17.27L18.18 21l-1.64-7.03L22 9.24l-7.19-.61L12 2 9.19 8.63 2 9.24l5.46 4.73L5.82 21z"></path></svg>
Rating Star</title><path d="M12 17.27L18.18 21l-1.64-7.03L22 9.24l-7.19-.61L12 2 9.19 8.63 2 9.24l5.46 4.73L5.82 21z"></path></svg>
Rating Star</title><path d="M12 17.27L18.18 21l-1.64-7.03L22 9.24l-7.19-.61L12 2 9.19 8.63 2 9.24l5.46 4.73L5.82 21z"></path></svg>
Rating Star</title><path d="M12 17.27L18.18 21l-1.64-7.03L22 9.24l-7.19-.61L12 2 9.19 8.63 2 9.24l5.46 4.73L5.82 21z"></path></svg>
Thumb Up</title><path d="M1 21h4V9H1v12zm22-11c0-1.1-.9-2-2-2h-6.31l.95-4.57.03-.32c0-.41-.17-.79-.44-1.06L14.17 1 7.59 7.59C7.22 7.95 7 8.45 7 9v10c0 1.1.9 2 2 2h9c.83 0 1.54-.5 1.84-1.22l3.02-7.05c.09-.23.14-.47.14-.73v-1.91l-.01-.01L23 10z"></path></svg>
Rating Star</title><path d="M12 17.27L18.18 21l-1.64-7.03L22 9.24l-7.19-.61L12 2 9.19 8.63 2 9.24l5.46 4.73L5.82 21z"></path></svg>
Rating Star</title><path d="M12 17.27L18.18 21l-1.64-7.03L22 9.24l-7.19-.61L12 2 9.19 8.63 2 9.24l5.46 4.73L5.82 21z"></path></svg>
Rating Star</title><path d="M12 17.27L18.18 21l-1.64-7.03L22 9.24l-7.19-.61L12 2 9.19 8.63 2 9.24l5.46 4.73L5.82 21z"></path></svg>
Rating Star</title><path d="M12 17.27L18.18 21l-1.64-7.03L22 9.24l-7.19-.61L12 2 9.19 8.63 2 9.24l5.46 4.73L5.82 21z"></path></svg>
Rating Star</title><path d="M12 17.27L18.18 21l-1.64-7.03L22 9.24l-7.19-.61L12 2 9.19 8.63 2 9.24l5.46 4.73L5.82 21z"></path></svg>
Thumb Up</title><path d="M1 21h4V9H1v12zm22-11c0-1.1-.9-2-2-2h-6.31l.95-4.57.03-.32c0-.41-.17-.79-.44-1.06L14.17 1 7.59 7.59C7.22 7.95 7 8.45 7 9v10c0 1.1.9 2 2 2h9c.83 0 1.54-.5 1.84-1.22l3.02-7.05c.09-.23.14-.47.14-.73v-1.91l-.01-.01L23 10z"></path></svg>
Rating Star</title><path d="M12 17.27L18.18 21l-1.64-7.03L22 9.24l-7.19-.61L12 2 9.19 8.63 2 9.24l5.46 4.73L5.82 21z"></path></svg>
Rating Star</title><path d="M12 17.27L18.18 21l-1.64-7.03L22 9.24l-7.19-.61L12 2 9.19 8.63 2 9.24l5.46 4.73L5.82 21z"></path></svg>
Rating Star</title><path d="M12 17.27L18.18 21l-1.64-7.03L22 9.24l-7.19-.61L12 2 9.19 8.63 2 9.24l5.46 4.73L5.82 21z"></path></svg>
Rating Star</title><path d="M12 17.27L18.18 21l-1.64-7.03L22 9.24l-7.19-.61L12 2 9.19 8.63 2 9.24l5.46 4.73L5.82 21z"></path></svg>
Rating Star</title><path d="M12 17.27L18.18 21l-1.64-7.03L22 9.24l-7.19-.61L12 2 9.19 8.63 2 9.24l5.46 4.73L5.82 21z"></path></svg>
Thumb Up</title><path d="M1 21h4V9H1v12zm22-11c0-1.1-.9-2-2-2h-6.31l.95-4.57.03-.32c0-.41-.17-.79-.44-1.06L14.17 1 7.59 7.59C7.22 7.95 7 8.45 7 9v10c0 1.1.9 2 2 2h9c.83 0 1.54-.5 1.84-1.22l3.02-7.05c.09-.23.14-.47.14-.73v-1.91l-.01-.01L23 10z"></path></svg>
Rating Star</title><path d="M12 17.27L18.18 21l-1.64-7.03L22 9.24l-7.19-.61L12 2 9.19 8.63 2 9.24l5.46 4.73L5.82 21z"></path></svg>
Rating Star</title><path d="M12 17.27L18.18 21l-1.64-7.03L22 9.24l-7.19-.61L12 2 9.19 8.63 2 9.24l5.46 4.73L5.82 21z"></path></svg>
Rating Star</title><path d="M12 17.27L18.18 21l-1.64-7.03L22 9.24l-7.19-.61L12 2 9.19 8.63 2 9.24l5.46 4.73L5.82 21z"></path></svg>
Rating Star</title><path d="M12 17.27L18.18 21l-1.64-7.03L22 9.24l-7.19-.61L12 2 9.19 8.63 2 9.24l5.46 4.73L5.82 21z"></path></svg>
Rating Star</title><path d="M12 17.27L18.18 21l-1.64-7.03L22 9.24l-7.19-.61L12 2 9.19 8.63 2 9.24l5.46 4.73L5.82 21z"></path></svg>
Thumb Up</title><path d="M1 21h4V9H1v12zm22-11c0-1.1-.9-2-2-2h-6.31l.95-4.57.03-.32c0-.41-.17-.79-.44-1.06L14.17 1 7.59 7.59C7.22 7.95 7 8.45 7 9v10c0 1.1.9 2 2 2h9c.83 0 1.54-.5 1.84-1.22l3.02-7.05c.09-.23.14-.47.14-.73v-1.91l-.01-.01L23 10z"></path></svg>
Rating Star</title><path d="M12 17.27L18.18 21l-1.64-7.03L22 9.24l-7.19-.61L12 2 9.19 8.63 2 9.24l5.46 4.73L5.82 21z"></path></svg>
Rating Star</title><path d="M12 17.27L18.18 21l-1.64-7.03L22 9.24l-7.19-.61L12 2 9.19 8.63 2 9.24l5.46 4.73L5.82 21z"></path></svg>
Rating Star</title><path d="M12 17.27L18.18 21l-1.64-7.03L22 9.24l-7.19-.61L12 2 9.19 8.63 2 9.24l5.46 4.73L5.82 21z"></path></svg>
Rating Star</title><path d="M12 17.27L18.18 21l-1.64-7.03L22 9.24l-7.19-.61L12 2 9.19 8.63 2 9.24l5.46 4.73L5.82 21z"></path></svg>
Rating Star</title><path d="M12 17.27L18.18 21l-1.64-7.03L22 9.24l-7.19-.61L12 2 9.19 8.63 2 9.24l5.46 4.73L5.82 21z"></path></svg>
Thumb Up</title><path d="M1 21h4V9H1v12zm22-11c0-1.1-.9-2-2-2h-6.31l.95-4.57.03-.32c0-.41-.17-.79-.44-1.06L14.17 1 7.59 7.59C7.22 7.95 7 8.45 7 9v10c0 1.1.9 2 2 2h9c.83 0 1.54-.5 1.84-1.22l3.02-7.05c.09-.23.14-.47.14-.73v-1.91l-.01-.01L23 10z"></path></svg>
Rating Star</title><path d="M12 17.27L18.18 21l-1.64-7.03L22 9.24l-7.19-.61L12 2 9.19 8.63 2 9.24l5.46 4.73L5.82 21z"></path></svg>
Rating Star</title><path d="M12 17.27L18.18 21l-1.64-7.03L22 9.24l-7.19-.61L12 2 9.19 8.63 2 9.24l5.46 4.73L5.82 21z"></path></svg>
Rating Star</title><path d="M12 17.27L18.18 21l-1.64-7.03L22 9.24l-7.19-.61L12 2 9.19 8.63 2 9.24l5.46 4.73L5.82 21z"></path></svg>
Rating Star</title><path d="M12 17.27L18.18 21l-1.64-7.03L22 9.24l-7.19-.61L12 2 9.19 8.63 2 9.24l5.46 4.73L5.82 21z"></path></svg>
Rating Star</title><path d="M12 17.27L18.18 21l-1.64-7.03L22 9.24l-7.19-.61L12 2 9.19 8.63 2 9.24l5.46 4.73L5.82 21z"></path></svg>
Thumb Up</title><path d="M1 21h4V9H1v12zm22-11c0-1.1-.9-2-2-2h-6.31l.95-4.57.03-.32c0-.41-.17-.79-.44-1.06L14.17 1 7.59 7.59C7.22 7.95 7 8.45 7 9v10c0 1.1.9 2 2 2h9c.83 0 1.54-.5 1.84-1.22l3.02-7.05c.09-.23.14-.47.14-.73v-1.91l-.01-.01L23 10z"></path></svg>
Previous</title>
Close</title><path fill="#F0F1F3" d="M14 1.41L12.59 0 7 5.59 1.41 0 0 1.41 5.59 7 0 12.59 1.41 14 7 8.41 12.59 14 14 12.59 8.41 7z"/></svg>
Close</title><path fill="#F0F1F3" d="M14 1.41L12.59 0 7 5.59 1.41 0 0 1.41 5.59 7 0 12.59 1.41 14 7 8.41 12.59 14 14 12.59 8.41 7z"/></svg>
Rating Star</title><path d="M12 17.27L18.18 21l-1.64-7.03L22 9.24l-7.19-.61L12 2 9.19 8.63 2 9.24l5.46 4.73L5.82 21z"></path></svg>
Rating Star</title><path d="M12 17.27L18.18 21l-1.64-7.03L22 9.24l-7.19-.61L12 2 9.19 8.63 2 9.24l5.46 4.73L5.82 21z"></path></svg>
Rating Star</title><path d="M12 17.27L18.18 21l-1.64-7.03L22 9.24l-7.19-.61L12 2 9.19 8.63 2 9.24l5.46 4.73L5.82 21z"></path></svg>
Rating Star</title><path d="M12 17.27L18.18 21l-1.64-7.03L22 9.24l-7.19-.61L12 2 9.19 8.63 2 9.24l5.46 4.73L5.82 21z"></path></svg>
Rating Star</title><path d="M12 17.27L18.18 21l-1.64-7.03L22 9.24l-7.19-.61L12 2 9.19 8.63 2 9.24l5.46 4.73L5.82 21z"></path></svg>
Thumb Up</title><path d="M1 21h4V9H1v12zm22-11c0-1.1-.9-2-2-2h-6.31l.95-4.57.03-.32c0-.41-.17-.79-.44-1.06L14.17 1 7.59 7.59C7.22 7.95 7 8.45 7 9v10c0 1.1.9 2 2 2h9c.83 0 1.54-.5 1.84-1.22l3.02-7.05c.09-.23.14-.47.14-.73v-1.91l-.01-.01L23 10z"></path></svg>
Rating Star</title><path d="M12 17.27L18.18 21l-1.64-7.03L22 9.24l-7.19-.61L12 2 9.19 8.63 2 9.24l5.46 4.73L5.82 21z"></path></svg>
Rating Star</title><path d="M12 17.27L18.18 21l-1.64-7.03L22 9.24l-7.19-.61L12 2 9.19 8.63 2 9.24l5.46 4.73L5.82 21z"></path></svg>
Rating Star</title><path d="M12 17.27L18.18 21l-1.64-7.03L22 9.24l-7.19-.61L12 2 9.19 8.63 2 9.24l5.46 4.73L5.82 21z"></path></svg>
Rating Star</title><path d="M12 17.27L18.18 21l-1.64-7.03L22 9.24l-7.19-.61L12 2 9.19 8.63 2 9.24l5.46 4.73L5.82 21z"></path></svg>
Rating Star</title><path d="M12 17.27L18.18 21l-1.64-7.03L22 9.24l-7.19-.61L12 2 9.19 8.63 2 9.24l5.46 4.73L5.82 21z"></path></svg>
Thumb Up</title><path d="M1 21h4V9H1v12zm22-11c0-1.1-.9-2-2-2h-6.31l.95-4.57.03-.32c0-.41-.17-.79-.44-1.06L14.17 1 7.59 7.59C7.22 7.95 7 8.45 7 9v10c0 1.1.9 2 2 2h9c.83 0 1.54-.5 1.84-1.22l3.02-7.05c.09-.23.14-.47.14-.73v-1.91l-.01-.01L23 10z"></path></svg>
Rating Star</title><path d="M12 17.27L18.18 21l-1.64-7.03L22 9.24l-7.19-.61L12 2 9.19 8.63 2 9.24l5.46 4.73L5.82 21z"></path></svg>
Rating Star</title><path d="M12 17.27L18.18 21l-1.64-7.03L22 9.24l-7.19-.61L12 2 9.19 8.63 2 9.24l5.46 4.73L5.82 21z"></path></svg>
Rating Star</title><path d="M12 17.27L18.18 21l-1.64-7.03L22 9.24l-7.19-.61L12 2 9.19 8.63 2 9.24l5.46 4.73L5.82 21z"></path></svg>
Rating Star</title><path d="M12 17.27L18.18 21l-1.64-7.03L22 9.24l-7.19-.61L12 2 9.19 8.63 2 9.24l5.46 4.73L5.82 21z"></path></svg>
Rating Star</title><path d="M12 17.27L18.18 21l-1.64-7.03L22 9.24l-7.19-.61L12 2 9.19 8.63 2 9.24l5.46 4.73L5.82 21z"></path></svg>
Thumb Up</title><path d="M1 21h4V9H1v12zm22-11c0-1.1-.9-2-2-2h-6.31l.95-4.57.03-.32c0-.41-.17-.79-.44-1.06L14.17 1 7.59 7.59C7.22 7.95 7 8.45 7 9v10c0 1.1.9 2 2 2h9c.83 0 1.54-.5 1.84-1.22l3.02-7.05c.09-.23.14-.47.14-.73v-1.91l-.01-.01L23 10z"></path></svg>
Rating Star</title><path d="M12 17.27L18.18 21l-1.64-7.03L22 9.24l-7.19-.61L12 2 9.19 8.63 2 9.24l5.46 4.73L5.82 21z"></path></svg>
Rating Star</title><path d="M12 17.27L18.18 21l-1.64-7.03L22 9.24l-7.19-.61L12 2 9.19 8.63 2 9.24l5.46 4.73L5.82 21z"></path></svg>
Rating Star</title><path d="M12 17.27L18.18 21l-1.64-7.03L22 9.24l-7.19-.61L12 2 9.19 8.63 2 9.24l5.46 4.73L5.82 21z"></path></svg>
Rating Star</title><path d="M12 17.27L18.18 21l-1.64-7.03L22 9.24l-7.19-.61L12 2 9.19 8.63 2 9.24l5.46 4.73L5.82 21z"></path></svg>
Rating Star</title><path d="M12 17.27L18.18 21l-1.64-7.03L22 9.24l-7.19-.61L12 2 9.19 8.63 2 9.24l5.46 4.73L5.82 21z"></path></svg>
Thumb Up</title><path d="M1 21h4V9H1v12zm22-11c0-1.1-.9-2-2-2h-6.31l.95-4.57.03-.32c0-.41-.17-.79-.44-1.06L14.17 1 7.59 7.59C7.22 7.95 7 8.45 7 9v10c0 1.1.9 2 2 2h9c.83 0 1.54-.5 1.84-1.22l3.02-7.05c.09-.23.14-.47.14-.73v-1.91l-.01-.01L23 10z"></path></svg>
Rating Star</title><path d="M12 17.27L18.18 21l-1.64-7.03L22 9.24l-7.19-.61L12 2 9.19 8.63 2 9.24l5.46 4.73L5.82 21z"></path></svg>
Rating Star</title><path d="M12 17.27L18.18 21l-1.64-7.03L22 9.24l-7.19-.61L12 2 9.19 8.63 2 9.24l5.46 4.73L5.82 21z"></path></svg>
Rating Star</title><path d="M12 17.27L18.18 21l-1.64-7.03L22 9.24l-7.19-.61L12 2 9.19 8.63 2 9.24l5.46 4.73L5.82 21z"></path></svg>
Rating Star</title><path d="M12 17.27L18.18 21l-1.64-7.03L22 9.24l-7.19-.61L12 2 9.19 8.63 2 9.24l5.46 4.73L5.82 21z"></path></svg>
Rating Star</title><path d="M12 17.27L18.18 21l-1.64-7.03L22 9.24l-7.19-.61L12 2 9.19 8.63 2 9.24l5.46 4.73L5.82 21z"></path></svg>
Thumb Up</title><path d="M1 21h4V9H1v12zm22-11c0-1.1-.9-2-2-2h-6.31l.95-4.57.03-.32c0-.41-.17-.79-.44-1.06L14.17 1 7.59 7.59C7.22 7.95 7 8.45 7 9v10c0 1.1.9 2 2 2h9c.83 0 1.54-.5 1.84-1.22l3.02-7.05c.09-.23.14-.47.14-.73v-1.91l-.01-.01L23 10z"></path></svg>
Rating Star</title><path d="M12 17.27L18.18 21l-1.64-7.03L22 9.24l-7.19-.61L12 2 9.19 8.63 2 9.24l5.46 4.73L5.82 21z"></path></svg>
Rating Star</title><path d="M12 17.27L18.18 21l-1.64-7.03L22 9.24l-7.19-.61L12 2 9.19 8.63 2 9.24l5.46 4.73L5.82 21z"></path></svg>
Rating Star</title><path d="M12 17.27L18.18 21l-1.64-7.03L22 9.24l-7.19-.61L12 2 9.19 8.63 2 9.24l5.46 4.73L5.82 21z"></path></svg>
Rating Star</title><path d="M12 17.27L18.18 21l-1.64-7.03L22 9.24l-7.19-.61L12 2 9.19 8.63 2 9.24l5.46 4.73L5.82 21z"></path></svg>
Rating Star</title><path d="M12 17.27L18.18 21l-1.64-7.03L22 9.24l-7.19-.61L12 2 9.19 8.63 2 9.24l5.46 4.73L5.82 21z"></path></svg>
Thumb Up</title><path d="M1 21h4V9H1v12zm22-11c0-1.1-.9-2-2-2h-6.31l.95-4.57.03-.32c0-.41-.17-.79-.44-1.06L14.17 1 7.59 7.59C7.22 7.95 7 8.45 7 9v10c0 1.1.9 2 2 2h9c.83 0 1.54-.5 1.84-1.22l3.02-7.05c.09-.23.14-.47.14-.73v-1.91l-.01-.01L23 10z"></path></svg>
Rating Star</title><path d="M12 17.27L18.18 21l-1.64-7.03L22 9.24l-7.19-.61L12 2 9.19 8.63 2 9.24l5.46 4.73L5.82 21z"></path></svg>
Rating Star</title><path d="M12 17.27L18.18 21l-1.64-7.03L22 9.24l-7.19-.61L12 2 9.19 8.63 2 9.24l5.46 4.73L5.82 21z"></path></svg>
Rating Star</title><path d="M12 17.27L18.18 21l-1.64-7.03L22 9.24l-7.19-.61L12 2 9.19 8.63 2 9.24l5.46 4.73L5.82 21z"></path></svg>
Rating Star</title><path d="M12 17.27L18.18 21l-1.64-7.03L22 9.24l-7.19-.61L12 2 9.19 8.63 2 9.24l5.46 4.73L5.82 21z"></path></svg>
Rating Star</title><path d="M12 17.27L18.18 21l-1.64-7.03L22 9.24l-7.19-.61L12 2 9.19 8.63 2 9.24l5.46 4.73L5.82 21z"></path></svg>
Thumb Up</title><path d="M1 21h4V9H1v12zm22-11c0-1.1-.9-2-2-2h-6.31l.95-4.57.03-.32c0-.41-.17-.79-.44-1.06L14.17 1 7.59 7.59C7.22 7.95 7 8.45 7 9v10c0 1.1.9 2 2 2h9c.83 0 1.54-.5 1.84-1.22l3.02-7.05c.09-.23.14-.47.14-.73v-1.91l-.01-.01L23 10z"></path></svg>
Rating Star</title><path d="M12 17.27L18.18 21l-1.64-7.03L22 9.24l-7.19-.61L12 2 9.19 8.63 2 9.24l5.46 4.73L5.82 21z"></path></svg>
Rating Star</title><path d="M12 17.27L18.18 21l-1.64-7.03L22 9.24l-7.19-.61L12 2 9.19 8.63 2 9.24l5.46 4.73L5.82 21z"></path></svg>
Rating Star</title><path d="M12 17.27L18.18 21l-1.64-7.03L22 9.24l-7.19-.61L12 2 9.19 8.63 2 9.24l5.46 4.73L5.82 21z"></path></svg>
Rating Star</title><path d="M12 17.27L18.18 21l-1.64-7.03L22 9.24l-7.19-.61L12 2 9.19 8.63 2 9.24l5.46 4.73L5.82 21z"></path></svg>
Rating Star</title><path d="M12 17.27L18.18 21l-1.64-7.03L22 9.24l-7.19-.61L12 2 9.19 8.63 2 9.24l5.46 4.73L5.82 21z"></path></svg>
Thumb Up</title><path d="M1 21h4V9H1v12zm22-11c0-1.1-.9-2-2-2h-6.31l.95-4.57.03-.32c0-.41-.17-.79-.44-1.06L14.17 1 7.59 7.59C7.22 7.95 7 8.45 7 9v10c0 1.1.9 2 2 2h9c.83 0 1.54-.5 1.84-1.22l3.02-7.05c.09-.23.14-.47.14-.73v-1.91l-.01-.01L23 10z"></path></svg>
Rating Star</title><path d="M12 17.27L18.18 21l-1.64-7.03L22 9.24l-7.19-.61L12 2 9.19 8.63 2 9.24l5.46 4.73L5.82 21z"></path></svg>
Rating Star</title><path d="M12 17.27L18.18 21l-1.64-7.03L22 9.24l-7.19-.61L12 2 9.19 8.63 2 9.24l5.46 4.73L5.82 21z"></path></svg>
Rating Star</title><path d="M12 17.27L18.18 21l-1.64-7.03L22 9.24l-7.19-.61L12 2 9.19 8.63 2 9.24l5.46 4.73L5.82 21z"></path></svg>
Rating Star</title><path d="M12 17.27L18.18 21l-1.64-7.03L22 9.24l-7.19-.61L12 2 9.19 8.63 2 9.24l5.46 4.73L5.82 21z"></path></svg>
Rating Star</title><path d="M12 17.27L18.18 21l-1.64-7.03L22 9.24l-7.19-.61L12 2 9.19 8.63 2 9.24l5.46 4.73L5.82 21z"></path></svg>
Thumb Up</title><path d="M1 21h4V9H1v12zm22-11c0-1.1-.9-2-2-2h-6.31l.95-4.57.03-.32c0-.41-.17-.79-.44-1.06L14.17 1 7.59 7.59C7.22 7.95 7 8.45 7 9v10c0 1.1.9 2 2 2h9c.83 0 1.54-.5 1.84-1.22l3.02-7.05c.09-.23.14-.47.14-.73v-1.91l-.01-.01L23 10z"></path></svg>
Close</title><path fill="#F0F1F3" d="M14 1.41L12.59 0 7 5.59 1.41 0 0 1.41 5.59 7 0 12.59 1.41 14 7 8.41 12.59 14 14 12.59 8.41 7z"/></svg>
Close</title><path fill="#F0F1F3" d="M14 1.41L12.59 0 7 5.59 1.41 0 0 1.41 5.59 7 0 12.59 1.41 14 7 8.41 12.59 14 14 12.59 8.41 7z"/></svg>							
d9c1d6d6e56b528095af101abe247378	mediteranean	Mediterranean Chicken with Eggplant 	3 eggplants, peeled and cut lengthwise into 1/2 inch thick slices |3 tablespoons olive oil |6 skinless, boneless chicken breast halves - diced |1 onion, diced |2 tablespoons tomato paste |1/2 cup water |2 teaspoons dried oregano |salt and pepper to taste |	336	26600.0	10600.0	35.5	147	82
612e90dce620e61b71e38443d8f74e2b	mediteranean	Sicilian Spaghetti 	1 pound spaghetti |4 tablespoons olive oil |3 cloves garlic, crushed |1 (2 ounce) can anchovy fillets, chopped |1 cup fine bread crumbs |1 cup chopped fresh parsley |ground black pepper to taste |4 tablespoons freshly grated Parmesan cheese |	355	53600.0	9800.0	12.4	516	7
5562341cfb6f7d1ab4eae535369c4fdc	mediteranean	Briam (Greek Baked Zucchini and Potatoes) 	2 pounds potatoes, peeled and thinly sliced |4 large zucchini, thinly sliced |4 small red onions, thinly sliced |6 ripe tomatoes, pureed |1/2 cup olive oil |2 tablespoons chopped fresh parsley (optional) |sea salt and freshly ground black pepper to taste |	534	65800.0	28300.0	11.3	141	0
32daa489d575bf478f7be423abb0fd45	mediteranean	Slow Cooker Moroccan Chicken 	1 pound skinless, boneless chicken breast halves - cut into 2 inch pieces |4 cloves garlic, chopped |1 large onion, chopped |1 (28 ounce) can diced tomatoes |3 fresh peaches - peeled, pitted, and sliced |1 (15 ounce) can garbanzo beans, drained |1 cup chopped dried apricots |2 teaspoons ground cumin |1 teaspoon ground ginger |1 teaspoon cinnamon |1/2 teaspoon ground coriander |1/2 teaspoon cayenne pepper |2 cups chicken broth |1 tablespoon cornstarch |1 tablespoon water |3 tablespoons chopped fresh cilantro |1/3 cup slivered almonds, toasted |	284	37900.0	5500.0	20.7	385	39
9f75eef2044a3f4db4c571304ad543da	mediteranean	Tabbouleh I 	1 cup bulgur |1 2/3 cups boiling water |1/3 cup olive oil |1/3 cup lemon juice |1 cup chopped green onions |1 cup chopped fresh parsley |1/4 cup chopped fresh mint |3 tomatoes, chopped |1 cucumber - peeled, seeded and chopped |1 teaspoon salt |ground black pepper to taste |	162	18400.0	9500.0	3.3	303	0
22f004871eff0a01dd8030789503274f	mediteranean	Roasted Veggie Pasta 	1/4 pound fresh asparagus |2 red bell pepper, sliced |1/4 pound crimini mushrooms, sliced |10 cloves roasted garlic, chopped |1/2 tomato, quartered |1/2 teaspoon chopped fresh rosemary |1/2 teaspoon chopped fresh oregano |2 tablespoons olive oil |8 ounces dry fettuccini noodles |1/4 cup grated Parmesan cheese |2 tablespoons tapenade |	456	66700.0	14600.0	16.8	213	6
f6376812f7cbeb78995039657c6f0384	mediteranean	Mediterranean Chickpea Salad II 	1 (15 ounce) can garbanzo beans (chickpeas), drained and rinsed |1 roma (plum) tomato, seeded and diced |1/2 medium green bell pepper, diced |1 small onion, finely chopped |1 small clove garlic, minced |1 tablespoon chopped fresh parsley |2 tablespoons olive oil |1 lemon, juiced |	163	22000	7700.0	4.3	213	0
bf5f5183d6ce567bf0b54333170c7bff	mediteranean	Slow Cooker Rosemary and Red Pepper Chicken 	1 small onion, thinly sliced |1 medium red bell pepper, seeded and thinly sliced |4 cloves garlic, minced |2 teaspoons dried rosemary |1/2 teaspoon dried oregano |8 ounces turkey Italian sausages, casings removed |8 (4 ounce) skinless, boneless chicken breast halves |1/4 teaspoon coarsely ground pepper |1/4 cup dry vermouth |1 1/2 tablespoons cornstarch |2 tablespoons cold water |salt to taste |1/4 cup chopped fresh parsley |	201	5000	4400.0	32	457	87
8413db97821387595513215d597d5bd3	mediteranean	Spaghetti Squash Mediterranean-Style 	cooking spray |1 spaghetti squash, halved lengthwise and seeded |2 tablespoons olive oil, divided |3 (4 ounce) Italian sausage links, casings removed |2 spring onions, finely chopped |3 cloves garlic, minced |1 zucchini, diced |1 red bell pepper, seeded and diced |1 tablespoon Italian seasoning |4 ounces crumbled feta cheese, or more to taste |sea salt to taste |1 pinch lemon pepper, or to taste |1 small tomato, finely chopped |1 tablespoon chopped fresh parsley, or as desired (optional) |	423	22200.0	30200.0	17.9	1199	59
4797b0154a9bac82671bd0ab5ad467d7	mediteranean	Spicy Mediterranean Chicken with Sausage-Stuffed Cherry Peppers 	6 (4 ounce) bone-in chicken thighs with skin |1 tablespoon ground black pepper |2 teaspoons ground cumin |1 teaspoon salt |18 cherry peppers in brine (such as Peppadew(R)) |6 ounces fresh Italian sausage |2 tablespoons olive oil |1 onion, sliced |1 pinch salt |4 cloves garlic, crushed |1 tablespoon herbes de Provence |1/2 teaspoon crushed red pepper flakes |1 cup sliced pepperoncini peppers, with liquid |2 cups chicken stock |1 (14 ounce) can artichoke hearts, drained and chopped |1/2 cup pitted kalamata olives |1 tablespoon chopped fresh basil |1 tablespoon chopped fresh oregano |1 tablespoon chopped fresh marjoram |	389	15700.0	25200.0	25	2487	75
aa3034f0ed198ec420bd343ca7315aa0	mediteranean	Sun-Dried Tomato Pesto 	4 ounces sun-dried tomatoes |2 tablespoons chopped fresh basil |2 tablespoons chopped fresh parsley |1 tablespoon chopped garlic |1/4 cup chopped pine nuts |3 tablespoons chopped onion |1/4 cup balsamic vinegar |1 tablespoon tomato paste |1/3 cup crushed tomatoes |1/4 cup red wine |1/2 cup olive oil |1/2 cup grated Parmesan cheese |salt to taste |	44	2400.0	3500.0	1.1	81	&lt;1
90129fcb0040bc5d983313c488607ba5	mediteranean	Sweet Sausage Marsala 	1 (16 ounce) package farfalle (bow tie) pasta |1 pound mild Italian sausage links |1/3 cup water |1 clove garlic, minced |1/2 large onion, sliced |1 medium green bell pepper, sliced |1 medium red bell pepper, sliced |1 tablespoon Marsala wine |1 (14.5 ounce) can Italian-style diced tomatoes, undrained |1 pinch dried oregano |1 pinch black pepper |	509	66100.0	16100.0	21.9	741	30
b147ae59e8efbfc5419c76b4d94ee992	mediteranean	Greek Pasta Salad 	1 (16 ounce) package penne pasta |1/4 cup vegetable oil |1 teaspoon lemon juice |1 teaspoon dried basil |1 teaspoon ground black pepper |1 teaspoon garlic salt |2 tomatoes, chopped |1 green bell pepper, chopped |1 sweet onion, chopped |1 cucumber, coarsely chopped |1 cup black olives, chopped |	302	46600.0	10200.0	8.4	388	0
ac052925cf4bb9c5cd0885a2c4b6e078	mediteranean	My Chicken Milano 	4 skinless, boneless chicken breast halves |1 tablespoon vegetable oil |2 cloves crushed garlic |1 teaspoon Italian-style seasoning |1 teaspoon crushed red pepper flakes |salt and pepper to taste |1 (28 ounce) can stewed tomatoes, drained |1 (9 ounce) package frozen green beans |	237	17300.0	5400.0	30.1	510	68
f39b00872f6ab22d07fd7b76b051a2ce	mediteranean	Raw Hummus 	1 1/2 cups dry garbanzo beans |2 tablespoons tahini |1 teaspoon sea salt |2 lemons, juiced |4 cloves garlic, crushed or to taste |1 cup filtered or spring water |1 pinch paprika |	67	10800.0	1800.0	3.3	94	0
ca1ffd3d1e8888028fca64b8236193c9	mediteranean	Gigantes (Greek Lima Beans) 	1 (16 ounce) package dried lima beans |2 (16 ounce) cans chopped tomatoes with juice |1 cup olive oil |3 cloves garlic, chopped |sea salt to taste |1 teaspoon chopped fresh dill |	449	40400.0	27500.0	13	171	0
e8d58659539e681d02fb889865975b04	mediteranean	Mussels Marinara di Amore 	1 tablespoon olive oil |1 clove garlic, minced |1 (14.5 ounce) can crushed tomatoes |1/2 teaspoon dried oregano |1/2 teaspoon dried basil |1 pinch crushed red pepper flakes |1/4 cup white wine |1 pound mussels, cleaned and debearded |8 ounces linguini pasta |1 lemon - cut into wedges, for garnish |	304	52800.0	5400.0	13	188	9
f6569aa6a6a4690b5f418732e35ba531	mediteranean	Greek-Style Baked Salmon 	8 (5 ounce) salmon fillets, with skin |1/4 cup olive oil |4 plum tomatoes, diced |1/2 cup crumbled feta cheese |1/4 red onion, diced |1 tablespoon chopped fresh basil |4 kalamata olives, sliced |1 tablespoon lemon juice |	365	4000	24800.0	30.3	223	92
067599256f34420547190c1d7fff1e78	mediteranean	Easy Mediterranean Fish 	4 (6 ounce) fillets halibut |1 tablespoon Greek seasoning (such as Cavender&#39;s(R)) |1 large tomato, chopped |1 onion, chopped |1 (5 ounce) jar pitted kalamata olives |1/4 cup capers |1/4 cup olive oil |1 tablespoon lemon juice |salt and pepper to taste |	429	9200.0	26800.0	36.6	1275	54
d7cb3a9ef01886a725f7d6a9848bf0ed	mediteranean	Garlic and Herb Marinade 	1/3 cup water |1/3 cup vinegar |1/3 cup vegetable oil |3 cloves garlic, minced |1 teaspoon dried thyme |1 teaspoon dried Italian-style seasoning |1 teaspoon poultry seasoning |1 teaspoon dried rosemary, crushed |1 teaspoon salt |1 teaspoon ground black pepper |						
1848331ae878498b79165931e9f8221d	mediteranean	Garlic Linguine 	1 (8 ounce) package linguini pasta |2 tablespoons olive oil |1 tablespoon minced garlic |1 tablespoon dried basil |1 tablespoon dried oregano |1 teaspoon dried thyme |2 cups chopped tomatoes |	287	46600.0	8400.0	8.7	9	0
447ac493a6320b6285449332f1152a73	mediteranean	Tilapia Feta Florentine 	2 teaspoons olive oil |1/4 cup chopped onion |1 clove garlic, minced |2 (9 ounce) bags fresh spinach |1/4 cup sliced kalamata olives |2 tablespoons crumbled feta cheese |1/2 teaspoon grated lemon rind |1/2 teaspoon salt |1/4 teaspoon dried oregano |1/8 teaspoon white pepper |1 pound tilapia fillets |2 tablespoons butter, melted |2 teaspoons lemon juice |1 pinch paprika, or to taste |	258	7300.0	13400.0	28	674	61
bc7f9705ef51f0204c243672a5db626e	mediteranean	Mediterranean Barley Salad 	1 cup barley |2 1/2 cups water |7 sun-dried tomatoes |2 cloves garlic |2 tablespoons olive oil |1 tablespoon balsamic vinegar |1/2 cup finely chopped cilantro |1 (4 ounce) can chopped black olives |2 tablespoons olive oil |	220	25900.0	11800.0	4.5	221	0
d1d68139539fba7579ce351b82c5cd20	mediteranean	Greek Island Chicken Shish Kebabs 	1/4 cup olive oil |1/4 cup lemon juice |1/4 cup white vinegar |2 cloves garlic, minced |1 teaspoon ground cumin |1 teaspoon dried oregano |1/2 teaspoon dried thyme |1/4 teaspoon salt |1/4 teaspoon ground black pepper |2 pounds skinless, boneless chicken breast, cut into 1 1/2-inch pieces |6 wooden skewers |2 large green or red bell peppers, cut into 1-inch pieces |1 large onion, quartered and separated into pieces |12 cherry tomatoes |12 fresh mushrooms |	290	9300.0	13100.0	33.8	181	86
f44f30cdaf8d04b88fd572b59863e9b6	mediteranean	Sicilian Lemon Chicken with Raisin-Tomato Sauce 	3/4 cup golden raisins |3 tablespoons extra virgin olive oil |1 medium onion, halved and thinly sliced |1 tablespoon minced garlic |2 tablespoons pine nuts |2 tablespoons chopped black olives |2 bay leaves |1/4 teaspoon dried oregano |1/4 teaspoon cayenne pepper |1 (15 ounce) can diced tomatoes, drained |salt and pepper to taste |1 tablespoon balsamic vinegar |1 teaspoon white sugar |2 tablespoons julienned fresh basil |1 (16 ounce) package angel hair pasta |1 tablespoon extra virgin olive oil |4 (6 ounce) skinless, boneless chicken breast halves |1 lemon, zested and juiced |1/4 cup shaved Parmesan cheese |4 sprigs fresh basil |	823	99400.0	23000	57.3	782	102
6cbf591b1baa688b427392805d21d8a1	mediteranean	Grilled Tuna 	4 (6 ounce) albacore tuna steaks, 1 inch thick |3 tablespoons extra virgin olive oil |salt and ground black pepper to taste |1 lime, juiced |1/2 cup hickory wood chips, soaked |	281	1800.0	11800.0	40	644	77
b1e38b60a22e8809651be09a3ff4224e	mediteranean	Lemony Mediterranean Chicken 	1/4 cup olive oil |2 tablespoons fresh lemon juice |2 tablespoons fresh lemon zest |4 large cloves garlic, pressed |1 tablespoon dried oregano |3/4 teaspoon salt |1/2 teaspoon coarsely ground black pepper |4 skinless, boneless chicken breast halves |8 baby red potatoes, halved |1 red bell pepper, cut into 1-inch wide strips |1 red onion, cut into 1-inch wedges |1 lemon, thinly sliced |	517	65100.0	16700.0	30.8	511	61
2385c7519c4e274c055cc08b7d0f0bb9	mediteranean	Mediterranean Vegetable Stew 	2 tablespoons olive oil, divided |1 cup chopped red onion |2 cups coarsely chopped green pepper |2 large garlic cloves, crushed |1 cup sliced mushrooms |1 small eggplant, unpeeled, cut in 1- to 2-inch chunks |1 (28 ounce) can crushed tomatoes |1/2 cup kalamata olives, pitted and sliced |1 (15 ounce) can chickpeas, drained and rinsed |1 tablespoon chopped fresh rosemary |1 cup coarsely chopped parsley |	222	33400.0	8800.0	6.7	505	0
ef53c73369abbd12caddad3679fe1eaa	mediteranean	Figs Oozing with Goat Cheese 	8 fresh figs |1/2 cup goat cheese, softened |8 grape leaves, drained and rinsed |1/2 cup honey |skewers |	272	55500.0	5700.0	5	321	14
dab8a86b13cafac3a70fa3dddb7f3f99	mediteranean	Mediterranean Fish Soup 	1 onion, chopped |1/2 green bell pepper, chopped |2 cloves garlic, minced |1 (14.5 ounce) can diced tomatoes, drained |2 (14 ounce) cans chicken broth |1 (8 ounce) can tomato sauce |2 1/2 ounces canned mushrooms |1/4 cup sliced black olives |1/2 cup orange juice |1/2 cup dry white wine |2 bay leaves |1 teaspoon dried basil |1/4 teaspoon fennel seed, crushed |1/8 teaspoon ground black pepper |1 pound medium shrimp - peeled and deveined |1 pound cod fillets, cubed |	222	11900.0	3000	31.3	1231	151
4b0e8dfae88f14ae240407834710950b	mediteranean	Mediterranean Medley Salad 	4 cups roughly chopped raw vegetables (I like a combination of carrots, red onions, cucumbers, tomatoes, green or red bell peppers, and zucchini) |2 ounces feta cheese, crumbled |1/4 cup sliced Kalamata olives |1/2 cup torn basil leaves |2 tablespoons extra-virgin olive oil |1 tablespoon balsamic vinegar |1 pinch Salt and freshly ground black pepper, to taste |	161	9500.0	12300.0	4.4	301	13
43d4e487079bbc79a4190bead6100be4	mediteranean	Mediterranean Chicken and Orzo Salad In Red Pepper Cups 	1/2 pound uncooked orzo pasta |1/4 cup olive oil |1/3 cup red wine vinegar |1 teaspoon Dijon mustard |3/4 teaspoon garlic powder |3/4 teaspoon dried oregano |3/4 teaspoon dried basil |3/4 teaspoon onion powder |1/2 teaspoon salt |1/4 teaspoon ground black pepper |1/2 cup grape tomatoes, cut in half |1/4 cup black olives, cut in half lengthwise |2 ounces crumbled feta cheese |1 grilled chicken breast half, diced |2 red bell peppers, cut in half lengthwise and seeded |4 sprigs fresh oregano |	462	52300.0	19900.0	18	580	31
d0650d63822f8bad5c039dd28c427286	mediteranean	Mediterranean Wrap 	1 red onion, sliced |1 zucchini, sliced |1 eggplant, sliced |1/4 pound fresh mushrooms, sliced |1 red bell pepper, sliced |1 tablespoon olive oil |salt and ground black pepper to taste |4 whole grain tortillas |1/4 cup goat cheese |1/4 cup basil pesto |1 large avocado, sliced |	436	48400.0	26300.0	14.6	433	16
98aecd5170172f5ef19c7ea8eb313e05	mediteranean	Heirloom Tomato Salad with Rosemary 	1/4 cup extra virgin olive oil |2 tablespoons rice wine vinegar |1 sprig fresh rosemary, finely chopped |1/8 teaspoon dried oregano |kosher salt to taste |ground black pepper to taste |3 large heirloom tomatoes, quartered |3 small heirloom tomatoes, quartered |	164	8300.0	14400.0	1.8	110	0
e239d2547478de6fddc433e36d82b266	mediteranean	Mediterranean Breakfast Quinoa 	1/4 cup chopped raw almonds |1 teaspoon ground cinnamon |1 cup quinoa |2 cups milk |1 teaspoon sea salt |1 teaspoon vanilla extract |2 tablespoons honey |2 dried pitted dates, finely chopped |5 dried apricots, finely chopped |	327	53900.0	7900.0	11.5	501	10
052658cc97215422458322baf0d9ff61	mediteranean	Mediterranean Bean Salad 	1 (15.5 ounce) can garbanzo beans, drained |1 (15 ounce) can kidney beans, drained |1 lemon, zested and juiced |1 medium tomato, chopped |1/4 cup chopped red onion |1/2 cup chopped fresh parsley |1 teaspoon capers, rinsed and drained |3 tablespoons extra virgin olive oil |1/2 teaspoon salt, or to taste |	329	46600.0	12000	12.1	874	0
e47b53312f2aeaa025b38a2b6de48ab6	mediteranean	Hummus IV 	2 (15.5 ounce) cans garbanzo beans, drained |4 tablespoons lemon juice |6 cloves garlic, peeled and crushed |3 tablespoons tahini |1/4 teaspoon crushed red pepper |	34	5500.0	900.0	1.3	67	0
b396f8e9655be9b993a23d6f24c6ae44	mediteranean	Greek Chicken Stew (Stifado) 	10 small shallots, peeled |1 cup olive oil |2 teaspoons butter |1 (4 pound) whole chicken, cut into pieces |2 cloves garlic, finely chopped |1/2 cup red wine |1 cup tomato sauce |2 tablespoons chopped fresh parsley |salt and ground black pepper to taste |1 pinch dried oregano, or to taste |2 bay leaves |1 1/2 cups chicken stock, or more if needed |	574	6800.0	45300.0	31.8	394	100
e3199a2834a180647ac84197c86edaa9	mediteranean	Pan-Seared Scallops with Pepper and Onions in Anchovy Oil 	1/3 cup extra virgin olive oil |1 (2 ounce) can anchovy fillets, minced |1 pound large sea scallops |1 large red bell pepper, coarsely chopped |1 large orange bell pepper, coarsely chopped |1 red onion, coarsely chopped |2 cloves garlic, thinly sliced |1 teaspoon minced lime zest |1 1/2 teaspoons minced lemon zest |1 pinch kosher salt and pepper to taste |8 sprigs fresh parsley, for garnish |	368	14400.0	23900.0	24.2	752	45
d83e25a111512b59e79f834092439964	mediteranean	Romaine with Garlic Lemon Anchovy Dressing 	1 clove garlic, minced |2 anchovy fillets, rinsed and patted dry |2 teaspoons fresh lemon juice |1/4 cup extra virgin olive oil |1 head romaine lettuce |1/4 pound Parmesan cheese |salt and pepper to taste |	172	2800.0	14500.0	7.9	357	14
3b62cd3e8e79f1aca758684471da36fb	mediteranean	Pasta Chickpea Salad 	1 (16 ounce) package rotelle pasta |2 tablespoons extra virgin olive oil |1/2 cup chopped oil-cured olives |2 tablespoons minced fresh oregano |2 tablespoons chopped fresh parsley |1 bunch green onions, chopped |1 (15 ounce) can garbanzo beans (chickpeas), drained and rinsed |1/4 cup red wine vinegar |1/2 cup grated Parmesan cheese |salt and pepper to taste |	424	68900.0	10300.0	15.6	485	6
c7efefce452f3beb9e211659894e81b4	mediteranean	Easy Mediterranean Baked Chicken Breast 	2 (8 ounce) skinless, boneless chicken breasts |salt and freshly ground black pepper |1/4 cup olive oil |1/4 cup freshly squeezed lemon juice |1 clove garlic, minced |1/2 teaspoon dried oregano, or more to taste |1/4 teaspoon dried thyme, or more to taste |	501	3500.0	32500.0	47.4	191	129
b2623b285f1d965979fa05d4f6497b81	mediteranean	Heirloom Tomato Salad with Pearl Couscous 	2 cups vegetable stock |1 tablespoon extra-virgin olive oil |1 cup pearl (Israeli) couscous |1/2 cup packed fresh basil leaves |1/4 cup flat-leaf parsley leaves |1 clove garlic, crushed |1 tablespoon chopped fresh oregano |1 tablespoon chopped fresh thyme |1/2 cup pitted green olives |4 heirloom tomatoes, quartered |15 cherry tomatoes, quartered |1 English cucumber, cubed |1/2 small red onion, thinly sliced |1 cup crumbled feta cheese |1/4 cup white balsamic vinegar |1/2 cup extra-virgin olive oil |1 lemon, juiced |	249	19900.0	17200.0	5.5	400	13
e4de594c17d8ca2b29d8f465d9e251e5	mediteranean	Mediterranean Fried Rice 	2 tablespoons olive oil |1 clove garlic, minced |1 1/2 cups cooked rice |1 (10 ounce) package frozen chopped spinach, thawed and drained |1 (6 ounce) jar marinated artichoke hearts, drained and quartered |1 (4 ounce) jar roasted red peppers, drained and chopped |1/2 cup crumbled feta cheese with herbs |	244	26200.0	12900.0	9.3	477	12
098d9f8096752ca79bd98dadb9f84ee7	mediteranean	Melitzanes Imam 	1 eggplant |1 (14.5 ounce) can diced tomatoes, drained |1 tablespoon tomato paste |1 medium onion, chopped |1 tablespoon minced garlic, or to taste |1 teaspoon ground cinnamon, or to taste |3 tablespoons olive oil |salt and pepper to taste |	314	28700.0	20800.0	5.3	391	0
c02fc38f675a031f8f2ba37fd9279a37	mediteranean	Italian Panzanella Bread Salad 	8 ounces country style white bread, cut into 1 inch cubes |3 tablespoons garlic flavored olive oil |1/2 teaspoon coarse salt |1 (15 ounce) can garbanzo beans, rinsed and drained |2 cups red or yellow teardrop tomatoes, halved |1/3 cup chopped green bell pepper |1/3 cup chopped red bell pepper |1 small red onion, cut into 3/4 inch slices |10 kalamata olives, pitted and halved |1/3 cup basil pesto |1/4 cup balsamic vinegar |1 tablespoon minced fresh rosemary |1/4 teaspoon black pepper |4 ounces crumbled goat cheese |1 head green or red leaf lettuce |1/4 cup toasted pine nuts |	264	24500.0	15000	8.8	452	12
0194aabc069b0c67e3bc7f7a4db0c48b	mediteranean	Garbanzo Bean Soup 	1 (14.5 ounce) can peeled and diced tomatoes |1 teaspoon olive oil |2 (15.5 ounce) cans garbanzo beans |salt and pepper to taste |2 sprigs fresh rosemary |1 cup acini di pepe pasta |	502	95000	4600.0	18.9	822	0
0537940a0661b749d782e81a36574aea	mediteranean	Parma Wrapped Chicken with Mediterranean Vegetables 	1/2 pound baby red potatoes, cut in half |1 zucchini, halved lengthwise and cut into 1 inch slices |1 red onion, cut into 1/2-inch thick wedges |2 red bell peppers, cut into 1 inch pieces |12 cherry tomatoes |2 tablespoons minced garlic |1/2 teaspoon dried thyme leaves |1/4 teaspoon crushed red pepper flakes |Salt and freshly ground pepper to taste |2 tablespoons olive oil |2 (5 ounce) skinless, boneless chicken breast halves |4 (1/2 ounce) slices thinly sliced prosciutto di Parma |	570	41600.0	27100.0	41.4	731	105
5aa76b3ccb001aa14b2ca660a9dd28f5	mediteranean	Mediterranean Brown Rice Salad 	1 1/2 cups uncooked brown rice |3 cups water |1 red bell pepper, thinly sliced |1 cup frozen green peas, thawed |1/2 cup raisins |1/4 sweet onion (such as Vidalia(R)), chopped |1/4 cup chopped Kalamata olives |1/2 cup vegetable oil |1/4 cup balsamic vinegar |1 1/4 teaspoons Dijon mustard |salt and ground black pepper to taste |1/4 cup feta cheese |	451	54600.0	23500.0	7.1	273	9
9f14f9703a9a427f602462aeba2e50b6	mediteranean	Mediterranean Farfalle 	1 (12 ounce) package farfalle pasta |1 pound chorizo sausage, crumbled |1/4 cup fresh basil leaves, cut into thin strips |1/2 cup pine nuts |2 cloves garlic, minced |1/2 cup grated Parmesan cheese |1 cup diced tomato |1/2 cup olive oil |3/8 cup red wine |	700	39400.0	48000	26.9	894	62
c0cf98748b101ac892f89933d557d70c	mediteranean	Greek God Pasta 	1 (16 ounce) package whole wheat rotini pasta |1 (16 ounce) can peeled and diced tomatoes, drained |2 tablespoons chopped green bell pepper |1/4 cup chopped green onion |3 cups tomato sauce |1 teaspoon dried basil |1 teaspoon dried oregano |1 cup sliced black olives |1/2 cup shredded mozzarella cheese |2 tablespoons crumbled feta cheese |	371	68500.0	6000	16.4	1068	9
eacd8f8d40f1cdbc4dd951cefeb00a64	mediteranean	Penne with Yogurt-Tahini Sauce 	3 tablespoons tahini |1/8 cup lemon juice |1 cup plain yogurt |3/4 cup water |3 cloves garlic |1/4 cup olive oil |1 onion, chopped |2 large portobello mushrooms, sliced |1/2 red bell pepper, diced |1 (16 ounce) package penne pasta |1/2 cup chopped parsley |ground black pepper to taste |	332	48200.0	11700.0	11.1	36	2
4b0f3a26b1aff1b3d562d02f98141a2d	mediteranean	Broiled Spanish Mackerel 	6 (3 ounce) fillets Spanish mackerel fillets |1/4 cup olive oil |1/2 teaspoon paprika |salt and ground black pepper to taste |12 slices lemon |	259	3000	20900.0	16.2	56	50
381acb519ffb4668cd23d5c3bcf7c01d	mediteranean	Salade Lyonnaise 	1 cup chopped smoked bacon |4 eggs |1 head romaine lettuce, chopped |2 cloves garlic, finely chopped |2 cups curly endive, chopped |2 roma tomatoes, sliced |1 cup extra virgin olive oil |1/2 cup red wine vinegar |2 tablespoons Dijon mustard |1 teaspoon white sugar |2 tablespoons herbes de Provence |salt and pepper to taste |1 small onion, finely chopped |	709	12500.0	67500.0	13.7	693	201
9fced0232ac3b535c691bc95ca33acad	mediteranean	Andalusian Gazpacho 	1 cucumber, peeled and diced |1 green bell pepper, diced |5 green onions, chopped |2 cloves garlic, minced |3 tomatoes, diced |2 stalks celery, diced |2 1/2 cups navy beans, rinsed and drained |2 tablespoons olive oil |6 tablespoons red wine vinegar |1 (46 fluid ounce) can tomato juice |1 teaspoon ground cumin |1 tablespoon minced fresh parsley |1 tablespoon minced fresh basil |1/2 tablespoon minced fresh oregano |1/4 teaspoon salt |	140	23100.0	3300.0	6.7	709	0
6a4f0d911f0e27fac6d190e994837c6b	mediteranean	Italian Eggplant Salad 	6 eggplants |1 clove garlic, crushed |3 tablespoons olive oil |1 tablespoon balsamic vinegar |2 tablespoons white sugar |1 teaspoon dried parsley |1 teaspoon dried oregano |1/4 teaspoon dried basil |salt and pepper to taste |	95	15500.0	3800.0	2.4	5	0
45e41e18d5b21545bcf9ebb4905eef5f	mediteranean	Tahini Spinach 	1 (10 ounce) package frozen chopped spinach |1/2 cup water |1 tablespoon tahini |2 cloves garlic, minced |1/4 teaspoon ground cumin |1/4 teaspoon paprika |cayenne pepper, or to taste |1/3 cup red wine vinegar |salt and pepper to taste |	69	7800.0	3300.0	4.5	78	0
561799af86d0f99e7d65ab08e3df3735	mediteranean	Shrimps Saganaki (Greek Recipe) 	1 pound medium shrimp, with shells |1 onion, chopped |2 tablespoons chopped fresh parsley |1 cup white wine |1 (14.5 ounce) can diced tomatoes, drained |1/4 teaspoon garlic powder (optional) |1/4 cup olive oil |1 (8 ounce) package feta cheese, cubed |salt and pepper to taste (optional) |	441	10100.0	26600.0	27.8	1035	223
dc9170c04fd5485cfa69ed1aa95ef464	mediteranean	Mediterranean Roast Vegetables 	6 large potatoes, diced |2 red bell peppers, diced |1 fennel bulb, diced |1 zucchini, diced |6 cloves garlic |6 tablespoons olive oil |2 teaspoons salt |2 teaspoons vegetable bouillon powder |1/4 cup chopped fresh rosemary |1/2 cup balsamic vinegar |	675	112000	21300.0	13.3	1244	0
b5bef06504cf5d066c1930df4273a0fb	mediteranean	Italian Ribollita (Vegetable and Bread Soup) 	1 tablespoon olive oil |1 large red onion, diced |2 carrots, diced |1 stalk celery, diced |4 potatoes, diced |10 (5 inch) zucchini, diced |1 leek, sliced |1 quart hot water |1 bunch Swiss chard, chopped |1 head Savoy cabbage, quartered, cored and shredded |1 bunch kale, shredded |2 (15.5 ounce) cans cannellini beans, drained and rinsed |salt and ground black pepper to taste |3 tablespoons tomato puree |8 slices day-old bread |	352	68900.0	3900.0	15.1	575	0
e2b99c9b09f83b324237e4b442e035e9	mediteranean	Melitzanosalata Agioritiki (Athenian Eggplant Salad) 	1 large eggplant, washed |1 tomato, seeded and chopped |1 small onion, diced |2 tablespoons chopped fresh parsley |2 tablespoons extra-virgin olive oil |2 tablespoons distilled white vinegar |1/2 cup crumbled feta cheese |salt to taste |	99	7000	6900.0	3.4	179	14
ddfa6bea37d4cacf45b2dcc2f5e0e5ca	mediteranean	Muhammara (Roasted Pepper & Walnut Spread) 	4 tablespoons olive oil, divided |1 1/4 cups raw walnut halves |1/3 cup fresh breadcrumbs |1 cup fire-roasted red bell peppers - peeled, seeded, coarsely chopped |2 garlic cloves, crushed |2 tablespoons lemon juice |2 teaspoons pomegranate molasses |1 teaspoon salt, plus more if needed |1 teaspoon paprika |1 teaspoon Aleppo pepper flakes or other red pepper flakes, plus a pinch or so for garnish |1/2 teaspoon cumin |1/2 teaspoon cayenne pepper |1 tablespoon chopped Italian parsley for garnish |	287	10300.0	24300.0	4.5	441	0
44309c580f4e9fabb5723442f1b1b1db	mediteranean	Portobello Pesto Egg Omelette 	1 teaspoon olive oil |1 portobello mushroom cap, sliced |1/4 cup chopped red onion |4 egg whites |1 teaspoon water |salt and ground black pepper to taste |1/4 cup shredded low-fat mozzarella cheese |1 teaspoon prepared pesto |	259	12000	12000	28	501	19
0f345ac1c4fa858d2fcfb3363df98edd	mediteranean	Mom's Italian Potato Salad 	5 large Yukon Gold potatoes |1 large cucumber, chopped |5 stalks celery, chopped |1 large red onion, chopped |3/4 cup green olives with pimento, chopped |1/4 cup olive oil |1/2 cup red wine vinegar |1/4 teaspoon garlic powder |salt and ground black pepper to taste |	249	34300.0	11500.0	4.2	458	0
81dd93ba23c5a271d57b3f568315c6c1	mediteranean	Pepe Vandel's Spaghetti Sauce 	4 pounds onions |6 green bell peppers |1 1/2 cloves garlic |2 (28 ounce) cans whole peeled tomatoes |2 (28 ounce) cans peeled and diced tomatoes |1 (28 ounce) can tomato puree |2 (16 ounce) cans tomato paste |2 (8 ounce) cans tomato sauce |1/2 cup vegetable oil |2 tablespoons Italian seasoning |	39	6500.0	1300.0	1.2	181	0
df041b95df6110dc0e719d6f1d92de9f	mediteranean	Terry's Lemon Caper Chicken 	2 eggs |1/2 teaspoon ground black pepper |1 cup dry bread crumbs |2 tablespoons olive oil, or as needed |1 1/2 pounds skinless, boneless chicken breast halves, pounded 3/4 inch thick and cut into pieces |1/4 cup capers |2 lemons, cut into wedges |	404	26200.0	15000	43	574	190
c129630754f827ee3d1213e447fa009f	mediteranean	Zoodle Caprese Salad 	2 small zucchini |16 ounces fresh mozzarella, cubed |1 (10 ounce) basket grape tomatoes |2 tablespoons balsamic vinaigrette, or to taste |1 (5 ounce) package arugula |10 leaves fresh basil |	344	10500.0	20900.0	29.8	811	73
82a35b1fd3a9596fd1ca7d9e9871338a	mediteranean	Foglie Chef Doogie's D'Autunno with Chicken and Portobella Mushrooms 	1 (16 ounce) package foglie d&#39;autumn (autumn leaves) pasta |1 tablespoon olive oil |2 tablespoons olive oil |4 cloves garlic, minced |1 cup chopped onion |1/2 cup chopped green bell pepper |1 whole boneless, skinless chicken breast, cubed |2 portobello mushrooms, cut into 1/2 inch pieces |1 teaspoon dried thyme |1 teaspoon dried basil |1/2 teaspoon rubbed sage |1/2 teaspoon kosher salt |1 teaspoon ground black pepper |1/4 cup Chardonnay wine |1/2 cup Burgundy wine |1 (32 ounce) jar spaghetti sauce |	416	61400.0	9900.0	17.4	606	19
5ad86cdb20a2f09336f9eb4ac70f5b09	mediteranean	Classic Italian Pasta e Fagioli 	2 cups cranberry beans |6 cups cold water |1/2 cup white wine |2 cups beef broth |4 1/2 cups chicken broth |3 cloves crushed garlic |1 tablespoon tomato paste |2 tablespoons chopped fresh parsley |1 (8 ounce) package farfalle pasta |1/3 cup grated Parmesan cheese |1 tablespoon olive oil |2 tablespoons grated Parmesan cheese |	454	68800.0	6900.0	27.1	965	5
1485db56161bbe91a033ebe05960ffc9	mediteranean	Parmesan-Roasted Tomatoes 	6 small tomatoes, halved |1 tablespoon olive oil |1 pinch salt |ground black pepper to taste |1/2 cup grated Parmesan cheese |	65	3900.0	4300.0	3.4	132	6
ff8b93b9d67f06779724a35cb8b14a32	mediteranean	Mediterranean Quinoa Salad with Shrimp 	1 cup cooked shrimp |1 lemon, juiced |salt and ground black pepper to taste |1 pint grape tomatoes |1 cup cooked quinoa |3/4 English cucumber, chopped |1/2 yellow bell pepper, chopped |1/2 green bell pepper, chopped |1/2 cup kalamata olives, chopped |1/4 red onion, chopped |1/4 cup crumbled feta cheese |1/4 cup olive oil |2 tablespoons balsamic vinegar |1 teaspoon oregano |	134	9000	9200.0	5.1	229	31
786bff64185956a476507af0a3aa68ea	mediteranean	Wendy Jae's Hummus 	3 tablespoons chopped roasted garlic |1/4 cup chopped red onion |2 (15 ounce) cans garbanzo beans, drained |1 1/2 teaspoons dried sage |1 1/2 teaspoons dried basil |1 1/2 teaspoons dried oregano |1 1/2 teaspoons dried parsley |1 tablespoon lemon juice |1 tablespoon olive oil |	108	17900.0	2600.0	3.8	211	0
c6796c487eafa842cc6f0529ca4fb011	mediteranean	Fresh Market Gazpacho 	5 large roma (plum) tomatoes, diced |1 (15.5 ounce) can garbanzo beans, drained and rinsed |1 stalk celery, diced |1 cucumber - peeled, seeded, and diced |2 green onions, chopped |2 tablespoons finely chopped sweet onion |1/4 cup chopped fresh parsley |1/2 red bell pepper, diced |1/2 yellow bell pepper, diced |1/2 lemon, juiced |1 clove garlic, minced |1 (46 fluid ounce) can tomato juice |1 teaspoon curry powder |1 pinch dried tarragon |freshly ground black pepper to taste |1 dash hot pepper sauce |	93	19800.0	800.0	4	488	0
fb80905d9bfa200296245d277cdfce8c	mediteranean	Sugo di Pomodoro (Authentic Italian Tomato Sauce) 	2 tablespoons extra-virgin olive oil |1 onion, chopped |4 cloves garlic, halved |2 (14 ounce) cans passata (crushed tomatoes) |1/4 cup fresh basil, torn in half |salt to taste |	152	20800.0	7400.0	4.2	304	0
35819061293d959dadd4cfa746a4adfe	mediteranean	Easy Zucchini-Tomato Side Dish 	2 tablespoons olive oil |1 small onion, chopped |1 clove garlic, minced |2 small zucchini, cubed |1 teaspoon tomato paste |1 beefsteak tomato, cubed |1 teaspoon herbes de Provence, or more to taste |salt and freshly ground black pepper to taste |1 pinch white sugar |1 tablespoon chopped fresh basil leaves, or to taste |	172	11700.0	13900.0	2.7	118	0
7910d4ff338afd92ca07c8a034677a34	mediteranean	Vegan Turkish Red Lentil Soup 	2 tablespoons olive oil |2 large onions, chopped |2 teaspoons salt, divided |2 sprigs fresh thyme |8 cloves garlic, minced |2 teaspoons ground cumin |2 Turkish bay leaves |6 cups vegetable broth |1 (28 ounce) can crushed tomatoes |2 cups red lentils, picked over and rinsed |1 1/2 tablespoons tomato paste |2 tablespoons dried oregano |1 teaspoon ground black pepper |2 cups water |4 tablespoons chopped flat-leaf parsley |1 lemon, sliced into wedges |	285	47300.0	5500.0	16.4	1092	0
20eeb9b501e2084499a3bdfae9494fcb	mediteranean	Mediterranean Whole Wheat Pizza 	1 whole wheat pizza crust |1 (4 ounce) jar basil pesto |1/2 cup artichoke hearts, drained and pulled apart |2 tablespoons chopped kalamata olives |2 tablespoons sliced pepperoncini, drained |1/4 cup crumbled feta cheese |	277	18000	18600.0	9.7	819	18
22224aa61ede2100622d57c118aff1ba	mediteranean	Ziti With Olives and Sun-Dried Tomatoes 	1 (16 ounce) package ziti pasta |1/3 cup chopped sun-dried tomatoes |1/3 cup black Greek olives, pitted and sliced |1/4 cup chopped parsley |2 tablespoons olive oil |2 anchovy fillets, diced |2 teaspoons minced garlic |	358	59700.0	7900.0	11.1	180	1
fd0b0997b28ac3e2b9a46c77da65d79c	mediteranean	Turkish Vegetarian Eggplant Appetizer with Garlic and Walnuts 	extra-virgin olive oil, or as needed |2 pounds eggplants, sliced |3 tablespoons white wine vinegar |salt to taste |7 cloves garlic, minced |1 bunch chopped fresh flat-leaf parsley |1/3 cup chopped walnuts |	259	17000	21100.0	4.6	54	0
530500be31bb5358c93f927b40d505be	mediteranean	Patate Prezzemolate (Vegan Italian Potato Salad) 	25 ounces Yukon Gold potatoes |1 tablespoon rock salt |4 tablespoons extra-virgin olive oil, divided |1 tablespoon white wine vinegar |2 cloves garlic, peeled and slightly crushed |2 green onions (white part only), chopped |1/2 cup very finely chopped flat-leaf parsley |salt and freshly ground black pepper to taste |1 teaspoon red pepper flakes (optional) |	181	22500.0	9300.0	2.8	1200	0
4c374f0b593449178eea1f134fb0483a	mediteranean	Zucchini Ribbons 	4 large zucchini, halved and cut lengthwise into 1/8-inch thick slices |4 tablespoons extra-virgin olive oil |1/2 clove garlic, minced, or more to taste |6 leaves fresh basil, torn |6 pinches salt |4 pinches freshly ground black pepper |	176	11600.0	14100.0	4.1	265	0
88b131c097fa09a612ee10020c551237	mediteranean	Spanish Gazpacho 	2 pounds tomatoes, chopped |1 cucumber, peeled and sliced |1 green bell pepper, sliced |1/2 onion, sliced |1 1/2 tablespoons red wine vinegar |1 clove garlic |salt to taste |1/4 cup extra-virgin olive oil |1/4 cup cold water, or as needed |1/2 onion, chopped |1 green bell pepper, chopped |1 cucumber, chopped |	104	9300.0	7300.0	1.8	28	0
004e0a40381f6ab7410d4abefc71149e	mediteranean	Vegan Romanian Eggplant Bake 	3 eggplants |4 cups vegetable broth |3 tablespoons olive oil |4 red bell peppers, cut into cubes |2 onions, chopped |2 cloves garlic, sliced |salt and freshly ground black pepper |3 tomatoes, sliced |	296	44900.0	12000	7.8	519	0
e2cb8f2309909a985846a18d27ebed4e	mediteranean	Lemon and Garlic Chicken Wings 	3 tablespoons extra virgin olive oil |lemon, juiced |3 cloves garlic, pressed, or more to taste |salt and pepper to taste |16 chicken wings |2 tablespoons chopped fresh parsley (optional) |	295	3800.0	18700.0	28.3	125	77
4a2fc7c9c0c8b5c00a15955389e2d08a	mediteranean	Vegan Roasted Cauliflower Salad 	1 head cauliflower, broken into florets |2 small red onions, quartered |5 tablespoons extra virgin-olive oil, divided |salt to taste |2 tablespoons pitted black olives, quartered |1 tablespoon capers |1 tablespoon raisins, or more to taste |1 1/2 tablespoons lemon juice, or more to taste |1/2 teaspoon Dijon mustard, or to taste |1 1/2 tablespoons chopped fresh parsley |1 1/2 tablespoons chopped fresh dill |freshly ground black pepper to taste |	219	14300.0	17600.0	3.5	201	0
1be118ca8247a2255be261f188ac752c	mediteranean	Basic Marinara for the Instant Pot 	2 tablespoons olive oil |1 cup diced onion |1 tablespoon minced garlic |1/4 cup dry red wine |1 (28 ounce) can diced tomatoes |1 (28 ounce) can whole peeled tomatoes |1 tablespoon dried basil |1 tablespoon dried oregano |1 tablespoon dried parsley |3/4 teaspoon sea salt |freshly ground black pepper to taste |1 pinch red pepper flakes |1 bay leaf |	115	13800.0	4800.0	2.8	615	0
505d7cf0deedb6ccac22c24890dc8345	mediteranean	Mediterranean Roast Chicken 	1 large orange, juiced |1/4 cup Dijon mustard |1/4 cup olive oil |4 teaspoons dried Greek oregano |salt and freshly ground black pepper to taste |12 potatoes, peeled and cubed |5 cloves garlic, minced |1 whole chicken |	724	81600.0	26600.0	39.8	395	97
923240eac73bb1ddeb17a56e924dd5e1	mediteranean	Pollo al Ajillo (Spanish Garlic Chicken) 	1 (2 to 3 pound) bone-in chicken, cut into pieces, skin removed |2 tablespoons all-purpose flour, or as needed |6 tablespoons extra-virgin olive oil |salt to taste |6 cloves garlic, chopped |2 bunches fresh basil, chopped |1 cup dry white wine |1 lemon, juiced |	453	10100.0	19200.0	48.5	182	142
f9bab0c9702f19ff76808fc3eeb9eba4	mediteranean	Spaghetti with Oven-Roasted Cherry Tomatoes 	12 tablespoons extra-virgin olive oil , divided |3 pounds cherry tomatoes, halved |salt and freshly ground black pepper to taste |2 slices day old Italian bread, grated |1 1/4 cups freshly grated Pecorino Romano cheese |1 bunch fresh basil, torn into small pieces |2 tablespoons chopped fresh parsley |2 cloves garlic, minced |1 (16 ounce) package spaghetti |	792	107000	27300.0	31	583	39
971796352a59763ca597bcd846a0be9d	mediteranean	Greek Watermelon Pizza 	1 center-cut slice of watermelon, about 1 inch thick |1/4 cup crumbled feta cheese |1/8 cup diced tomato |1 tablespoon Kalamata olives, pitted and finely chopped |1 tablespoon chopped fresh mint |	25	3100.0	1200.0	0.9	62	4
b40ba3afbfa62b840517d50cf995b727	mediteranean	Chilled Zucchini Soup 	3 tablespoons olive oil, divided |1 onion, finely chopped |4 fresh tomato, seeded and chopped |4 cups water |6 sprigs fresh mint, divided |3 zucchini, sliced |1 tablespoon cornstarch |1 tablespoon cold water |salt and pepper to taste |1 teaspoon lemon juice, or to taste |2 sprigs fresh basil |	163	16300.0	10700.0	3.2	65	0
2a680c6ea548e130a75e1e7da453828f	mediteranean	Vegan Zucchini Salad 	2 tablespoons extra-virgin olive oil |1 small onion, thinly sliced |2 cloves garlic, minced |2 cups cubed zucchini |7 saffron threads |1/2 teaspoon ground cumin |1 pinch ground turmeric |salt to taste |freshly ground white pepper |1/2 lemon, juiced |1 tablespoon chopped fresh mint |	93	7800.0	7200.0	1.6	51	0
9b28c246d509dd871c1b863ff980b18b	mediteranean	Pasta with Arugula and Tomatoes 	10 ounces spaghetti |4 tablespoons olive oil |2 cloves garlic, minced |1 pint cherry tomatoes, halved |salt and freshly ground black pepper to taste |1 (5 ounce) package arugula, torn |2 tablespoons shaved Parmesan cheese, or more to taste |	555	76800.0	21000	15.6	130	3
879a6bc5f3f27fedc6f575d879a132aa	mediteranean	Tomato-Mozzarella Gratin 	5 large tomatoes, sliced |1 (8 ounce) ball fresh mozzarella cheese, thinly sliced |1/2 teaspoon dried oregano, or to taste |1/2 teaspoon garlic powder, or to taste |1 pinch herb salt, or to taste |freshly ground black pepper to taste |2 tablespoons dry bread crumbs |2 tablespoons grated Parmesan cheese |2 tablespoons butter at room temperature, cut into cubes |1 tablespoon chopped fresh parsley, or to taste |	263	13700.0	16200.0	17.4	524	54
3ace29a6acfa9a79648e5943c4cbbf10	mediteranean	Quick Zucchini Side Dish with Toasted Almonds 	2 tablespoons olive oil |2 tablespoons slivered almonds |3 zucchini, cut into short strips |salt and freshly ground black pepper to taste |	94	3600.0	8600.0	1.8	48	0
09d00ed0029a4a68f4d730181add5c7c	mediteranean	Easy Pan-Fried Zucchini 	1 zucchini, peeled and sliced |1 clove garlic, peeled |2 tablespoons all-purpose flour |1 egg, beaten |2 tablespoons dry bread crumbs, or more as needed |2 tablespoons olive oil, or more as needed |	217	13400.0	16200.0	5.3	86	82
34619d5d4d8965128fb3253eba6f71a9	mediteranean	Marinated Carrots Antipasto 	1 1/3 pounds carrots, peeled |6 tablespoons olive oil |5 tablespoons balsamic vinegar |1 pinch dried oregano |1 pinch salt |1 pinch cayenne pepper |3 cloves garlic, minced |	172	12200.0	13800.0	1.1	99	0
6ed2c7ebfba50d2c239a3b4586df5f2a	mediteranean	Shrimp in Foil 	8 tablespoons olive oil |1 cup chopped fresh parsley |2 cloves garlic, minced |salt and freshly ground black pepper to taste |1 pinch red pepper flakes, or to taste |1 pound uncooked medium shrimp, peeled and deveined |lemon, juiced (optional) |1/2 lemon, sliced into wedges |	343	6000	28200.0	19.6	247	173
ce42a4e186930ff642ade791f27a73af	mediteranean	Pan-Fried Fennel 	2 pounds fennel bulbs, sliced, green tops reserved |3 tablespoons olive oil, or as needed |salt to taste |1 pinch lemon pepper, or to taste |	160	16600.0	10600.0	2.8	215	0
5bca86444dba02451b2e1e1eaca8cc0a	mediteranean	Spiced Air-Fried Chickpeas 	1 (15 ounce) can chickpeas, rinsed and drained |1 tablespoon nutritional yeast |1 tablespoon olive oil |1 teaspoon smoked paprika |1 teaspoon granulated garlic |1/2 teaspoon salt |1 pinch cumin |	124	17400.0	4400.0	4.7	501	0
b8cb9fe1c9746fc78139a95dbc0128ff	mediteranean	Easy Grilled Chicken Wings  	20 chicken wings |2 tablespoons olive oil, or more as needed |3 teaspoons garlic salt |3 teaspoons ground black pepper |	80	300.0	5800.0	6.2	291	19
63a6a8d041623885764d61757b08fb6b	mediteranean	Cauliflower Tabbouleh 	1 large head cauliflower, cut into florets |1/4 cup lemon juice |2 tablespoons olive oil |1 clove garlic, minced |3/4 cup chopped tomatoes |1/3 cup chopped scallions |1/3 cup chopped fresh mint |1/3 cup chopped fresh parsley |salt and ground black pepper to taste |	128	15100.0	7100.0	4.9	108	0
941b78132dfad8dbf592abff5da2eb48	mediteranean	Middle Eastern Rice Pilaf with Pomegranate 	2 tablespoons olive oil |1 onion, finely chopped |1 cup long-grain rice |2 1/4 cups hot vegetable broth |4 saffron threads |1 pinch ground allspice |3 tablespoons unsalted shelled pistachios |1 tablespoon butter |1 large pomegranate, peeled and seeds separated |salt and freshly ground black pepper |	376	59100.0	13300.0	6.5	351	8
5790cbed94a070004da954766db6bb17	mediteranean	Salmon Tartare 	1 (5 ounce) very fresh salmon fillet |1 teaspoon minced shallot |1 teaspoon minced fresh flat-leaf parsley |1 teaspoon minced fresh chives |1 teaspoon minced cornichon (small pickled cucumber) |1 teaspoon fresh lemon juice, or more to taste |sea salt and freshly ground black pepper to taste |	133	600.0	7700.0	14.3	227	42
06fa7f9aae9db26259d3efb44ee9ba0c	mediteranean	Mena's Simple Steamed Asparagus 	1 bunch fresh asparagus |1/4 cup water |1 lemon |1/8 teaspoon ground black pepper |1/8 teaspoon garlic powder (optional) |	29	7400.0	200.0	2.8	4	0
68c54ed52a80bca23a549a19791e26a4	mediteranean	Vegan Zucchini Noodles with Chickpeas and Zucchini Blossoms 	4 tablespoons olive oil |2 cloves garlic, minced |2 medium zucchini, cut into noodles with a spiralizer |12 zucchini blossoms, pistils removed, cut into strips |1/2 cup canned chickpeas, drained and rinsed |salt |6 fresh basil leaves, cut into strips, or to taste |	348	21600.0	28100.0	5.7	278	0
3e4820391a7bb64652401c5fd69c4839	mediteranean	Instant Pot Mediterranean Couscous Salad 	2 tablespoons olive oil |2 cups couscous |1/2 cup dried mung beans |4 cups vegetable broth |2 teaspoons salt, divided |1 cucumber, diced |2 tomatoes, diced |1 lemon, juiced |1 tablespoon chopped cilantro |1/2 teaspoon ground black pepper |	533	95900.0	8500.0	20	1648	0
49727963bdf6509c5e8aa038d8e32af8	mediteranean	Vegan Moroccan Couscous with Raisins and Vegetables 	3 tablespoons extra-virgin olive oil |2 large onions, chopped |4 cloves garlic, chopped, divided |4 teaspoons ground cumin |1 teaspoon chile powder |1/2 teaspoon ground cinnamon |1/2 teaspoon ground turmeric |1/2 teaspoon ground cloves |1/2 teaspoon ground coriander |1/2 teaspoon ground ginger |6 cups vegetable stock |1 (14.5 ounce) can diced tomatoes |1/2 pound pumpkin, cut into chunks |1 small sweet potato, cut into chunks |2 stalks celery, sliced |1 carrot, cut into chunks |1 turnip, cut into chunks |3 1/2 ounces fresh green beans, cut into 1/2 inch pieces |salt and freshly ground black pepper to taste |1 zucchini, cut into chunks |1 (14 ounce) can garbanzo beans, drained |10 1/2 ounces couscous |1 cup raisins |1 cup boiling water |2 tablespoons chopped fresh cilantro |1 tablespoon lemon juice |1 teaspoon ground cumin |2 teaspoons hot chile sauce |1 tablespoon orange flower water, or more to taste |1 pinch ground cinnamon |	396	75200.0	7000	11	591	0
d802bb604ab3ab302eef4d533afb2624	mediteranean	Slow Cooker Mediterranean Lentil Soup 	18 ounces dry lentils |water to cover |1/2 cup olive oil |3 carrots, sliced |1 large red onion, grated |2 tablespoons tomato paste |2 cloves garlic cloves, peeled |2 teaspoons dried Greek oregano |2 bay leaves |salt and freshly ground black pepper to taste |	490	58200.0	19100.0	22.9	101	0
a88689a4810881436262ba47169b3baa	mediteranean	Mediterranean Rice Pilaf with Pistachios and Golden Raisins 	3 tablespoons olive oil |1 onion, finely chopped |1/2 teaspoon ground turmeric |1/4 teaspoon ground cardamom |3/4 cup uncooked white rice |1 1/4 cups chicken broth |1/4 cup chopped pistachio nuts |1/4 cup golden raisins |1/4 cup finely chopped green onions |salt |	317	44100.0	14000	5.2	78	0
209f70cb0779a326f15853d24aefe875	mediteranean	Mediterranean Chicken Pitas 	1 cup marinated artichoke hearts, drained and chopped |1/2 cup crumbled feta cheese |1/2 cup thinly sliced green onions |1 tablespoon lemon juice |1 teaspoon salt |1/2 teaspoon ground black pepper |2 (6 inch) whole wheat pita breads, split and toasted |4 ounces roasted chicken breast, sliced |	442	46600.0	17300.0	29.8	2205	75
efbb3a21e07968fc9721de24f4e0c76e	mediteranean	Vegetarian Moroccan Harira 	2 tablespoons vegetable oil |1 large onion, chopped |2 pounds tomatoes, diced |1 (15 ounce) can chickpeas, drained |1 bunch fresh cilantro, chopped |1 bunch fresh parsley, chopped |20 fresh mint leaves, chopped |1 teaspoon ground paprika |1 teaspoon ground turmeric |1 teaspoon ground ginger |1/2 teaspoon harissa |1 pinch saffron threads |4 cups water, or more to taste |1 tablespoon all-purpose flour |1 teaspoon cornstarch |1/2 cup cherry tomatoes, halved |salt and ground black pepper to taste |	182	27100.0	6900.0	5.7	231	0
9ef40cf4709c08218c423b0ed71be933	mediteranean	Easy Vegan Potato Vegetable Soup 	1 onion, chopped |2 tablespoons olive oil |1 pound potatoes, peeled and cubed |3 carrots, coarsely shredded |1 sweet potato, peeled and cubed |1 3/4 cups vegetable broth |salt and freshly ground pepper to taste |1 pinch ground nutmeg, or more to taste |	231	38300.0	7300.0	4.3	299	0
793f5fb322d9b4fcddc484ac08fad62d	mediteranean	Empanadas de Jamon, Queso, y Huevo Duro (Ham, Cheese, and Hard-boiled Egg Empanadas) 	cooking spray |2 cups cubed ham |2 cups cubed Gouda cheese |3 hard-boiled eggs, chopped |12 empanada pastry discs |1 egg, beaten |	189	21200.0	7400.0	10	533	85
74afa9be123ec928c439544606eb5c0c	mediteranean	Quick Mediterranean Vegetables 	1 tablespoon olive oil |1/2 onion, chopped |2 carrots, sliced |1 green bell pepper, cubed |1 red bell pepper, cubed |1 fennel bulb, thinly sliced |2 teaspoons dried Italian herb mix, or to taste |salt and freshly ground black pepper to taste |	142	18500.0	7400.0	2.7	126	0
5c5c4625e0f0a3769b9d9b41b5a29d8d	mediteranean	Vegan Lentil Salad with Apples and Carrot 	1 cup brown lentils, picked over |2 apples, cored and chopped |1 carrot, cubed |1/2 bunch chives, chopped |1 tablespoon chopped fresh parsley, or more to taste |5 tablespoons olive oil |2 tablespoons cider vinegar |1 teaspoon Dijon mustard, or to taste |salt and ground black pepper to taste |	375	42000	17700.0	13.7	86	0
a30ce3f814e3bb30b3a4f1f292a35a5f	mediteranean	Tagliatelle with Mushrooms and Asparagus 	2 tablespoons extra-virgin olive oil, divided, plus more to taste |2 cloves garlic, smashed |7 thin asparagus spears |2 1/2 cups sliced button mushrooms |3/4 cup dry white wine |salt and freshly ground black pepper to taste |1 (16 ounce) package tagliatelle pasta |5 tablespoons grated Parmesan cheese |	550	87100.0	11300.0	19.6	146	6
f7bf280da5696a19fa0951702b0a33c4	mediteranean	Asparagus Sformato 	1 pound fresh thin asparagus, trimmed |1 tablespoon olive oil |1 pinch salt and freshly ground black pepper to taste |1/2 cup pancetta bacon, diced |1 teaspoon butter |3 1/2 tablespoons freshly grated Parmesan cheese, divided |5 eggs |1/3 cup milk |	139	4000	9800.0	9.6	245	147
ad6f3445403aaccc1aa7a26737dd1e94	mediteranean	Grilled Mediterranean Salmon in Foil 	1 (10 ounce) basket cherry tomatoes, quartered |4 tablespoons extra-virgin olive oil |1 small shallot, finely chopped |2 tablespoons black olive tapenade |1/2 teaspoon salt |8 basil leaves |4 small fresh thyme sprigs |freshly ground black pepper to taste |4 (12x18-inch) pieces aluminum foil |4 (7 ounce) salmon filets, with skin |	493	9500.0	34400.0	36.2	458	98
042ffb511229ac905be0934bf3a24818	mediteranean	Spinach Feta Succotash 	2 tablespoons olive oil |1 small red onion, diced |1 medium red bell pepper, diced |1 (16 ounce) package frozen white corn kernels |1 teaspoon ground cumin |salt and ground black pepper to taste |1 (4 ounce) container crumbled feta cheese |1/2 cup spinach, cut into 1/2-inch pieces |	169	19000	9200.0	5.4	242	17
6b9f26f1efb9255229235706e5b32413	mediteranean	Roast Chicken with Lemon, Garlic, and Rosemary 	1 whole chicken |1 tablespoon salt |1 teaspoon ground black pepper |2 sprigs rosemary |3 cloves garlic, peeled |1 lemon, halved |	438	4000	25800.0	46.4	1885	146
1f6c4c438187c1819afa42b40a99a319	mediteranean	Vegan Turkish Baked Eggplant 	2 small eggplants, sliced into 1/4-inch rounds |salt to taste |1/4 cup extra-virgin olive oil |1 large onion, chopped |1 red bell pepper, seeded and chopped |1 clove garlic, crushed |2 ounces oil-packed sun-dried tomatoes, drained and chopped |2 tablespoons tomato paste |1 teaspoon red wine vinegar |1/2 teaspoon white sugar |ground black pepper to taste |2 tablespoons toasted pine nuts, or to taste |2 tablespoons fresh cilantro leaves, or to taste |	257	21500.0	18700.0	4.6	147	0
32efeff8a1dd6af74a535fb49c9b4ff4	mediteranean	Indian-Spiced Baked Fish 	4 (4 ounce) tuna steaks |4 teaspoons olive oil |4 teaspoons white vinegar |1 teaspoon garlic powder |1 teaspoon onion powder |1 teaspoon ground coriander |1 teaspoon ground cumin |1/2 teaspoon dried tarragon |	172	1500.0	6100.0	26.5	43	51
0f2a568b52a7254635832952df18cacc	mediteranean	Pan-Fried Zucchini with Lemon, Feta Cheese, and Parsley 	olive oil, divided, or more as needed |2 medium zucchini, sliced lengthwise into 1/4-inch strips |1 small bunch fresh parsley, chopped |1/2 lemon, zested and juiced |1 clove garlic, minced |1/4 cup crumbled feta cheese |	454	12200.0	45100.0	6.1	243	17
9ccd410080279f81023557cf9ab76bb2	mediteranean	Easy Zucchini 	2 medium zucchini, sliced lengthwise |4 tablespoons extra-virgin olive oil |2 tablespoons white wine vinegar |2 tablespoons chopped fresh parsley |2 cloves garlic, minced |salt and freshly ground black pepper to taste |	268	5200.0	27300.0	1.8	93	0
125d01b21390edf8a05fcace795fb3e0	mediteranean	Quick Vegetarian Pasta with Zucchini and Yellow Squash 	2 1/3 cups yellow squash, cubed |2 1/3 cups zucchini, cubed |salt to taste |1 (8 ounce) package spaghetti |2 tablespoons olive oil, or as needed |2 cloves garlic, minced |1 bunch chopped fresh parsley |freshly ground black pepper to taste |1 cup finely grated Pecorino Romano cheese |	418	50000	16100.0	18.9	417	31
773a0f45aa1fcfdd8395c96a8ec06680	mediteranean	Mediterranean Rice Salad with Vegetables 	4 cups water |2 cups uncooked white rice |2 tablespoons extra-virgin olive oil, divided |1 teaspoon herb salt |1 tablespoon chopped capers |1 sprig fresh parsley, chopped |1/2 lemon, zested |3 zucchini, peeled and grated |2 carrots, peeled and grated |1/2 yellow bell pepper, cut into cubes |1/2 red bell pepper, cut into cubes |1 lemon, juiced |salt to taste |	455	87900.0	8000	9.7	385	0
e6f6934c390e87aa31a36bf2235bbb49	mediteranean	Turkish Orange Salad with Mediterranean Dressing 	4 oranges |3 blood oranges |1 small onion, finely diced |3 tablespoons olive oil |2 tablespoons lemon juice |salt |1 pinch freshly ground black pepper |10 dried black olives |	186	21400.0	11700.0	1.8	149	0
57b21a42457df67c00ff95c6bd0756c4	mediteranean	Basil Grilled Mediterranean Lamb Chops 	4 (8 ounce) lamb shoulder chops |2 tablespoons Dijon mustard |2 tablespoons balsamic vinegar |1 tablespoon chopped garlic |1/4 teaspoon ground black pepper |1/2 cup olive oil |2 tablespoons shredded fresh basil, or to taste |	521	3500.0	45900.0	22.7	256	90
7702f6f27d123ca8832ff79a23145fca	mediteranean	Spicy Walnut-Olive Tapenade 	1 (15 ounce) can pitted whole black olives, drained |1 1/2 cups raw walnuts |1/4 cup extra-virgin olive oil, or more as needed |1 tablespoon harissa |salt and pepper to taste |	136	3200.0	13700.0	1.9	244	0
9e3c212ed399523b72d1da2a5b3de743	mediteranean	White Balsamic Vinegar and Olive Oil Dipping Sauce 	1 cup extra-virgin olive oil |3/4 cup white balsamic vinegar |2 cloves garlic, minced |2 teaspoons Italian seasoning |1 teaspoon lemon zest |ground white pepper to taste |	154	2300.0	16100.0	0.1	3	0
d71f95550bbbb60ce70e22141ca7940d	mediteranean	Mozzarella and Fresh Fig Salad 	1 (8 ounce) package buffalo mozzarella, thinly sliced |2 tablespoons olive oil |1 lemon, juiced |1 pinch salt and freshly ground black pepper to taste |1 clove garlic, crushed |8 small fresh black figs, halved lengthwise |4 leaves fresh mint, finely chopped |	268	20100.0	16000	14.6	387	36
831e8df303fee1afccf89280c5672530	mediteranean	Halloumi Skewers with Tahini Sauce and Dukkah 	8 ounces halloumi cheese, cut into 12 cubes |1 eggplant, cut into 12 cubes |1 large red onion, cut into 12 equal pieces |1 large red bell pepper, cut into 12 equal pieces |6 cherry tomatoes |6 radishes, sliced |1 lemon, juiced |3 tablespoons olive oil |1 tablespoon ras el hanout spice blend |2 teaspoons ground black pepper |6 (10 inch) bamboo skewers |6 tablespoons tahini |1 teaspoon lemon juice |1 lemon, cut into 6 wedges |6 tablespoons chopped fresh cilantro |6 tablespoons dukkah |	662	40500.0	57700.0	27.7	993	57
87865984d0ec55f8da64d140213fe6cc	mediteranean	Baked Celery Root Fries 	1/2 celeriac, peeled and cut into 1/2-inch sticks |1 tablespoon olive oil |salt and ground black pepper to taste |1/4 cup tomato paste |2 tablespoons tomato sauce |1 tablespoon apple cider vinegar |2 teaspoons harissa |2 teaspoons brown rice syrup |1/4 teaspoon ground coriander |1/8 teaspoon garlic powder |1/8 teaspoon onion powder |1 pinch fine sea salt |1 teaspoon water |	207	31900.0	7700.0	5.2	807	0
ed20d23f8135fc9ce5dbd717df02d4c3	mediteranean	Roasted Baby Potatoes with Vegetables, Lemon, and Herbs  	1 pound baby red potatoes, quartered |2 tablespoons extra-virgin olive oil, or more as needed |1 bunch broccolini, cut into 1-inch pieces |1 green bell pepper, cut into 1/2-inch pieces |1/2 leek, white and light green parts thinly sliced |1/2 medium onion, chopped |3 cloves garlic, minced |3 tablespoons chopped fresh parsley |1 tablespoon chopped fresh rosemary |2 bay leaves, or more to taste |1/2 tablespoon dried thyme |1/2 tablespoon dried basil |1 teaspoon ground black pepper, or to taste |1 teaspoon sea salt, or to taste |1 lemon, sliced |	97	12300.0	4700.0	3.7	415	0
9aabe88d4cbdf3fdaa213f3f68c9eeff	mediteranean	Marinated Mushrooms for Antipasto 	1 pound small mushrooms, stemmed |4 tablespoons extra-virgin olive oil |3 tablespoons white wine vinegar |1/2 red onion, finely chopped |2 tablespoons finely chopped fresh oregano |2 tablespoons finely chopped fresh thyme |2 cloves garlic cloves, pressed |1/2 teaspoon salt |1/2 teaspoon freshly ground black pepper |	79	3100.0	7000	2	149	0
eeb674bb9189ff2f34d093d7f16bee5a	mediteranean	Ajoblanco (Cold Spanish Almond Soup) 	1 pound blanched almonds |6 tablespoons extra-virgin olive oil |3 tablespoons red wine vinegar |3 tablespoons ice-cold water, or as needed |1 clove garlic, chopped |salt to taste |1/4 cup peeled green grapes |	853	25500.0	77800.0	25	71	0
983387d015231aa2a61686c749999eee	mediteranean	Roasted Summer Squash, Zucchini, and Brussels Sprouts 	4 tablespoons olive oil |7 baby zucchini |7 baby summer squash |10 Brussels sprouts, halved, or more to taste |1/2 sweet onion (such as Vidalia(R)), sliced |sea salt to taste |ground black pepper to taste |	137	14600.0	8400.0	4.9	69	0
a20fc928f6cf963c87c421d65bdd8932	mediteranean	Air Fryer Potato Wedges 	2 medium Russet potatoes, cut into wedges |1 1/2 tablespoons olive oil |1/2 teaspoon paprika |1/2 teaspoon parsley flakes |1/2 teaspoon chili powder |1/2 teaspoon sea salt |1/8 teaspoon ground black pepper |	129	19000	5300.0	2.3	230	0
7902e1c1263080e16575159fcec7c0d7	mediteranean	Mediterranean Chicken Sheet Pan Dinner 	1/4 cup extra-virgin olive oil |lemon, juiced |2 tablespoons balsamic vinegar |1 teaspoon dried tarragon |1 teaspoon dried oregano |1 teaspoon paprika |1 teaspoon salt |1/2 teaspoon black pepper |4 chicken thighs with skin |1 small red onion, sliced into petals |8 mini bell peppers, halved lengthwise and seeded |1 pound baby potatoes, halved |1 lemon, sliced |1/4 cup crumbled feta cheese |1/4 cup fresh parsley, chopped |8 pitted kalamata olives |	533	41300.0	32400.0	23	1113	85
