b5563f089774484d815cce3ccb89fd86	turkish	Bazlama - Turkish Flat Bread 	1 (.25 ounce) package active dry yeast |1 tablespoon white sugar |1 tablespoon salt |1 1/2 cups warm water (110 degrees F/45 degrees C) |1/2 cup Greek-style yogurt |4 cups all-purpose flour |	505	100200.0	3800.0	15.1	1766	6
f5614f9563d8d78ff9d9ccd02497e74f	turkish	Lahmacun Turkish Pizza 	1 teaspoon chopped garlic |1 yellow onion, chopped |3 tablespoons chopped fresh basil |1/2 cup chopped fresh parsley |2 tablespoons chopped fresh mint |1/2 teaspoon paprika |1/2 teaspoon ground cumin |1/2 teaspoon ground coriander seed |1/2 cup green bell pepper, diced |1/2 cup red bell pepper, diced |1/2 lemon, juiced |4 teaspoons olive oil |4 roma (plum) tomatoes, halved |1 pound lean ground lamb |6 tablespoons double concentrated tomato paste |cayenne pepper to taste |salt to taste |3 1/4 teaspoons active dry yeast |1/2 teaspoon white sugar |1 cup warm water (110 degrees F/45 degrees C) |5 cups all-purpose flour |2 teaspoons salt |1/4 cup vegetable oil |1/2 cup water |1 cup plain yogurt |1/2 teaspoon chopped fresh parsley |1/4 teaspoon crushed garlic |salt and ground black pepper to taste |1 cup shredded green cabbage |1 cup shredded red cabbage |	480	57600.0	20100.0	17.2	571	35
90bee24059e224fd06ab003993d9ee00	turkish	Pogaca (Feta Dumplings) 	3 1/2 cups all-purpose flour |2 teaspoons baking powder |1/2 cup canola oil |1/4 cup butter, melted |1 cup plain yogurt |3 beaten eggs |1 tablespoon sour cream |1 tablespoon white sugar |1 1/2 teaspoons salt |1 cup crumbled feta cheese |1 cup finely chopped fresh parsley |1 tablespoon olive oil |2 teaspoons paprika |2 egg yolks |2 tablespoons sesame seeds |	210	19300.0	12400.0	5.5	346	62
de866218b191b2d65732e55d593b93d5	turkish	Tava or Turkish Stew 	2 tablespoons olive oil, divided |1 1/2 pounds skinless, boneless chicken breast halves - cut into 1 inch cubes |1/2 (12 ounce) jar roasted red bell peppers, drained |1 (14.5 ounce) can diced tomatoes with juice |1 (6 ounce) jar mushrooms, drained |1 onion, diced |1 tablespoon minced garlic |salt and pepper to taste |1 (16 ounce) package shredded mozzarella cheese |	397	9400.0	19500.0	43.7	854	113
7fce7efa2afe555b451f3e5636d730dd	turkish	Zucchini with Dill Weed and Garlic-Yogurt Sauce  	1/4 cup olive oil |1 onion, finely chopped |1 teaspoon white sugar |4 zucchini, chopped |1 cup chopped fresh dill weed |1/4 cup uncooked long grain white rice |1/2 cup water |salt and pepper to taste |2 cups plain yogurt |2 cloves garlic, crushed |1/2 teaspoon salt |	292	29700.0	15900.0	9.8	397	7
9ab44d9a338db4ce33c9a5bc2442885a	turkish	Zucchini Salad with Yogurt and Walnuts 	2 tablespoons olive oil |2 zucchini, grated |2 cups plain yogurt |2 tablespoons walnuts, chopped |salt and pepper to taste |	170	11100.0	11200.0	7.7	92	7
82de18c49ba1df004a4833c246ee0132	turkish	Turkish Chicken Kebabs 	1 cup whole-milk Greek yogurt |2 tablespoons freshly squeezed lemon juice, or more to taste |2 tablespoons olive oil |2 tablespoons ketchup |6 cloves garlic, minced |1 tablespoon Aleppo red pepper flakes |1 tablespoon kosher salt |1 1/2 teaspoons ground cumin |1 teaspoon freshly ground black pepper |1 teaspoon paprika |1/8 teaspoon ground cinnamon |2 1/2 pounds boneless, skinless chicken thighs, halved |4 long metal skewers |	539	8400.0	32500.0	51.8	1722	186
eb31c7d2af0a56955f31b6711a1d1fcc	turkish	Turkish Fish Stew 	3 cups water |1 1/2 cups dry couscous |2 tablespoons olive oil |1 small white onion, chopped |1 green bell pepper, chopped |2 cloves garlic, minced |1 cup marinated artichoke hearts, liquid reserved |2 teaspoons capers, liquid reserved |12 small green olives |1 (14.5 ounce) can chopped stewed tomatoes, drained |2 tablespoons white wine (optional) |1 tablespoon lemon juice |1 cup water |2 teaspoons sumac powder |1 1/2 teaspoons crushed red pepper flakes |1 teaspoon dried basil |1 teaspoon cumin |1 teaspoon minced fresh ginger root |ground black pepper to taste |1 pound tilapia fillets, cut into chunks |	456	53400.0	12400.0	32.7	762	42
f62989b9dc79b47ed1b2a013b383bdd4	turkish	Turkish Red Lentil Soup with Mint 	2 tablespoons olive oil |1/2 onion, diced |1 clove garlic, minced |1/4 cup diced tomatoes, drained |5 cups chicken stock |1/2 cup red lentils |1/4 cup fine bulgur |1/4 cup rice |2 tablespoons tomato paste |1 teaspoon paprika |1/2 teaspoon cayenne pepper (optional) |1 tablespoon dried mint |salt and ground black pepper to taste |	168	24100.0	5600.0	6.6	623	&lt;1
99020180846241efe5b632b16ab36962	turkish	Turkish Style Eggs 	3 cloves garlic, peeled and minced |1 1/2 cups plain yogurt |1 pinch salt |1 quart water |1 tablespoon vinegar |1 teaspoon salt |6 eggs |2 tablespoons butter |1 teaspoon paprika |	442	16200.0	29400.0	29.1	1599	600
c45fde8153111884d7fa08e58bcfed8f	turkish	Turkish Red Lentil &#x27;Bride&#x27; Soup 
Down Triangle</title><path d="M0 63.75l127.5 127.5L255 63.75z"/></svg>
Down</title><path d="M12 2L10.59.59 6 5.17 1.41.59 0 2l6 6z"/></svg>
Previous</title>
Down Triangle</title><path d="M0 63.75l127.5 127.5L255 63.75z"/></svg>
Down</title><path d="M12 2L10.59.59 6 5.17 1.41.59 0 2l6 6z"/></svg>
Previous</title>
Close</title><path fill="#F0F1F3" d="M14 1.41L12.59 0 7 5.59 1.41 0 0 1.41 5.59 7 0 12.59 1.41 14 7 8.41 12.59 14 14 12.59 8.41 7z"/></svg>
Down</title><path d="M12 2L10.59.59 6 5.17 1.41.59 0 2l6 6z"/></svg>
Previous</title>
Next</title>
Next</title>
Next</title>
Down</title><path d="M12 2L10.59.59 6 5.17 1.41.59 0 2l6 6z"/></svg>
Previous</title>
Down</title><path d="M12 2L10.59.59 6 5.17 1.41.59 0 2l6 6z"/></svg>
Previous</title>
Down</title><path d="M12 2L10.59.59 6 5.17 1.41.59 0 2l6 6z"/></svg>
Previous</title>
Down</title><path d="M12 2L10.59.59 6 5.17 1.41.59 0 2l6 6z"/></svg>
Previous</title>
Down</title><path d="M12 2L10.59.59 6 5.17 1.41.59 0 2l6 6z"/></svg>
Previous</title>
Down</title><path d="M12 2L10.59.59 6 5.17 1.41.59 0 2l6 6z"/></svg>
Previous</title>
Down</title><path d="M12 2L10.59.59 6 5.17 1.41.59 0 2l6 6z"/></svg>
Previous</title>
Down</title><path d="M12 2L10.59.59 6 5.17 1.41.59 0 2l6 6z"/></svg>
Previous</title>
Down</title><path d="M12 2L10.59.59 6 5.17 1.41.59 0 2l6 6z"/></svg>
Previous</title>
Down</title><path d="M12 2L10.59.59 6 5.17 1.41.59 0 2l6 6z"/></svg>
Previous</title>
Down</title><path d="M12 2L10.59.59 6 5.17 1.41.59 0 2l6 6z"/></svg>
Previous</title>
Down</title><path d="M12 2L10.59.59 6 5.17 1.41.59 0 2l6 6z"/></svg>
Previous</title>
Down</title><path d="M12 2L10.59.59 6 5.17 1.41.59 0 2l6 6z"/></svg>
Previous</title>
Down</title><path d="M12 2L10.59.59 6 5.17 1.41.59 0 2l6 6z"/></svg>
Previous</title>
Down</title><path d="M12 2L10.59.59 6 5.17 1.41.59 0 2l6 6z"/></svg>
Previous</title>
Down Triangle</title><path d="M0 63.75l127.5 127.5L255 63.75z"/></svg>
Down</title><path d="M12 2L10.59.59 6 5.17 1.41.59 0 2l6 6z"/></svg>
Previous</title>
Down Triangle</title><path d="M0 63.75l127.5 127.5L255 63.75z"/></svg>
Down</title><path d="M12 2L10.59.59 6 5.17 1.41.59 0 2l6 6z"/></svg>
Previous</title>
Chevron Right</title><path d="M8.578 16.359l4.594-4.594-4.594-4.594 1.406-1.406 6 6-6 6z"></path></svg>
Chevron Right</title><path d="M8.578 16.359l4.594-4.594-4.594-4.594 1.406-1.406 6 6-6 6z"></path></svg>
Chevron Right</title><path d="M8.578 16.359l4.594-4.594-4.594-4.594 1.406-1.406 6 6-6 6z"></path></svg>
Chevron Right</title><path d="M8.578 16.359l4.594-4.594-4.594-4.594 1.406-1.406 6 6-6 6z"></path></svg>
Chevron Right</title><path d="M8.578 16.359l4.594-4.594-4.594-4.594 1.406-1.406 6 6-6 6z"></path></svg>
Chevron Right</title><path d="M8.578 16.359l4.594-4.594-4.594-4.594 1.406-1.406 6 6-6 6z"></path></svg>
Rating Star</title><path d="M12 17.27L18.18 21l-1.64-7.03L22 9.24l-7.19-.61L12 2 9.19 8.63 2 9.24l5.46 4.73L5.82 21z"></path></svg>
Rating Star</title><path d="M12 17.27L18.18 21l-1.64-7.03L22 9.24l-7.19-.61L12 2 9.19 8.63 2 9.24l5.46 4.73L5.82 21z"></path></svg>
Rating Star</title><path d="M12 17.27L18.18 21l-1.64-7.03L22 9.24l-7.19-.61L12 2 9.19 8.63 2 9.24l5.46 4.73L5.82 21z"></path></svg>
Rating Star</title><path d="M12 17.27L18.18 21l-1.64-7.03L22 9.24l-7.19-.61L12 2 9.19 8.63 2 9.24l5.46 4.73L5.82 21z"></path></svg>
Rating Star</title><path d="M12 17.27L18.18 21l-1.64-7.03L22 9.24l-7.19-.61L12 2 9.19 8.63 2 9.24l5.46 4.73L5.82 21z"></path></svg>
Down Triangle</title><path d="M0 63.75l127.5 127.5L255 63.75z"/></svg>
Rating Star</title><path d="M12 17.27L18.18 21l-1.64-7.03L22 9.24l-7.19-.61L12 2 9.19 8.63 2 9.24l5.46 4.73L5.82 21z"></path></svg>
Rating Star</title><path d="M12 17.27L18.18 21l-1.64-7.03L22 9.24l-7.19-.61L12 2 9.19 8.63 2 9.24l5.46 4.73L5.82 21z"></path></svg>
Rating Star</title><path d="M12 17.27L18.18 21l-1.64-7.03L22 9.24l-7.19-.61L12 2 9.19 8.63 2 9.24l5.46 4.73L5.82 21z"></path></svg>
ellipsis</title><path d="M10.001 7.8c-1.215 0-2.201 0.985-2.201 2.2s0.986 2.2 2.201 2.2c1.215 0 2.199-0.985 2.199-2.2s-0.984-2.2-2.199-2.2zM3.001 7.8c-1.215 0-2.201 0.985-2.201 2.2s0.986 2.2 2.201 2.2c1.215 0 2.199-0.986 2.199-2.2s-0.984-2.2-2.199-2.2zM17.001 7.8c-1.215 0-2.201 0.985-2.201 2.2s0.986 2.2 2.201 2.2c1.215 0 2.199-0.985 2.199-2.2s-0.984-2.2-2.199-2.2z"></path></svg>
Mail</title><path d="M20.016 8.016v-2.016l-8.016 5.016-8.016-5.016v2.016l8.016 4.969zM20.016 3.984c1.078 0 1.969 0.938 1.969 2.016v12c0 1.078-0.891 2.016-1.969 2.016h-16.031c-1.078 0-1.969-0.938-1.969-2.016v-12c0-1.078 0.891-2.016 1.969-2.016h16.031z"></path></svg>
iphone</title><path d="M15.984 18v-14.016h-9v14.016h9zM11.484 21.984c0.844 0 1.5-0.656 1.5-1.5s-0.656-1.5-1.5-1.5-1.5 0.656-1.5 1.5 0.656 1.5 1.5 1.5zM15.516 0.984c1.359 0 2.484 1.172 2.484 2.531v16.969c0 1.359-1.125 2.531-2.484 2.531h-8.016c-1.359 0-2.484-1.172-2.484-2.531v-16.969c0-1.359 1.125-2.531 2.484-2.531h8.016z"></path></svg>
Image zoom</title>
Rate Review</title><path id="a" d="M12.726 10.694L9.998 9.267l-2.719 1.43.52-3.025-2.205-2.15 3.04-.446L9.998 2.32l1.363 2.756 3.042.44-2.196 2.15.52 3.028zM18.236 0H1.761C.001 0 .001 1.606.001 1.606V12.16s-.057 1.587 1.524 1.587h1.638v5.476l5.475-5.476h9.836c1.579 0 1.526-1.587 1.526-1.587V1.606S20 0 18.236 0z"/></svg>
Rating Star</title><path d="M12 17.27L18.18 21l-1.64-7.03L22 9.24l-7.19-.61L12 2 9.19 8.63 2 9.24l5.46 4.73L5.82 21z"></path></svg>
Rating Star</title><path d="M12 17.27L18.18 21l-1.64-7.03L22 9.24l-7.19-.61L12 2 9.19 8.63 2 9.24l5.46 4.73L5.82 21z"></path></svg>
Rating Star</title><path d="M12 17.27L18.18 21l-1.64-7.03L22 9.24l-7.19-.61L12 2 9.19 8.63 2 9.24l5.46 4.73L5.82 21z"></path></svg>
Rating Star</title><path d="M12 17.27L18.18 21l-1.64-7.03L22 9.24l-7.19-.61L12 2 9.19 8.63 2 9.24l5.46 4.73L5.82 21z"></path></svg>
Rating Star</title><path d="M12 17.27L18.18 21l-1.64-7.03L22 9.24l-7.19-.61L12 2 9.19 8.63 2 9.24l5.46 4.73L5.82 21z"></path></svg>
Thumb Up</title><path d="M1 21h4V9H1v12zm22-11c0-1.1-.9-2-2-2h-6.31l.95-4.57.03-.32c0-.41-.17-.79-.44-1.06L14.17 1 7.59 7.59C7.22 7.95 7 8.45 7 9v10c0 1.1.9 2 2 2h9c.83 0 1.54-.5 1.84-1.22l3.02-7.05c.09-.23.14-.47.14-.73v-1.91l-.01-.01L23 10z"></path></svg>
Rating Star</title><path d="M12 17.27L18.18 21l-1.64-7.03L22 9.24l-7.19-.61L12 2 9.19 8.63 2 9.24l5.46 4.73L5.82 21z"></path></svg>
Rating Star</title><path d="M12 17.27L18.18 21l-1.64-7.03L22 9.24l-7.19-.61L12 2 9.19 8.63 2 9.24l5.46 4.73L5.82 21z"></path></svg>
Rating Star</title><path d="M12 17.27L18.18 21l-1.64-7.03L22 9.24l-7.19-.61L12 2 9.19 8.63 2 9.24l5.46 4.73L5.82 21z"></path></svg>
Rating Star</title><path d="M12 17.27L18.18 21l-1.64-7.03L22 9.24l-7.19-.61L12 2 9.19 8.63 2 9.24l5.46 4.73L5.82 21z"></path></svg>
Rating Star</title><path d="M12 17.27L18.18 21l-1.64-7.03L22 9.24l-7.19-.61L12 2 9.19 8.63 2 9.24l5.46 4.73L5.82 21z"></path></svg>
Thumb Up</title><path d="M1 21h4V9H1v12zm22-11c0-1.1-.9-2-2-2h-6.31l.95-4.57.03-.32c0-.41-.17-.79-.44-1.06L14.17 1 7.59 7.59C7.22 7.95 7 8.45 7 9v10c0 1.1.9 2 2 2h9c.83 0 1.54-.5 1.84-1.22l3.02-7.05c.09-.23.14-.47.14-.73v-1.91l-.01-.01L23 10z"></path></svg>
Rating Star</title><path d="M12 17.27L18.18 21l-1.64-7.03L22 9.24l-7.19-.61L12 2 9.19 8.63 2 9.24l5.46 4.73L5.82 21z"></path></svg>
Rating Star</title><path d="M12 17.27L18.18 21l-1.64-7.03L22 9.24l-7.19-.61L12 2 9.19 8.63 2 9.24l5.46 4.73L5.82 21z"></path></svg>
Rating Star</title><path d="M12 17.27L18.18 21l-1.64-7.03L22 9.24l-7.19-.61L12 2 9.19 8.63 2 9.24l5.46 4.73L5.82 21z"></path></svg>
Rating Star</title><path d="M12 17.27L18.18 21l-1.64-7.03L22 9.24l-7.19-.61L12 2 9.19 8.63 2 9.24l5.46 4.73L5.82 21z"></path></svg>
Rating Star</title><path d="M12 17.27L18.18 21l-1.64-7.03L22 9.24l-7.19-.61L12 2 9.19 8.63 2 9.24l5.46 4.73L5.82 21z"></path></svg>
Rating Star</title><path d="M12 17.27L18.18 21l-1.64-7.03L22 9.24l-7.19-.61L12 2 9.19 8.63 2 9.24l5.46 4.73L5.82 21z"></path></svg>
Rating Star</title><path d="M12 17.27L18.18 21l-1.64-7.03L22 9.24l-7.19-.61L12 2 9.19 8.63 2 9.24l5.46 4.73L5.82 21z"></path></svg>
Rating Star</title><path d="M12 17.27L18.18 21l-1.64-7.03L22 9.24l-7.19-.61L12 2 9.19 8.63 2 9.24l5.46 4.73L5.82 21z"></path></svg>
Thumb Up</title><path d="M1 21h4V9H1v12zm22-11c0-1.1-.9-2-2-2h-6.31l.95-4.57.03-.32c0-.41-.17-.79-.44-1.06L14.17 1 7.59 7.59C7.22 7.95 7 8.45 7 9v10c0 1.1.9 2 2 2h9c.83 0 1.54-.5 1.84-1.22l3.02-7.05c.09-.23.14-.47.14-.73v-1.91l-.01-.01L23 10z"></path></svg>
Rating Star</title><path d="M12 17.27L18.18 21l-1.64-7.03L22 9.24l-7.19-.61L12 2 9.19 8.63 2 9.24l5.46 4.73L5.82 21z"></path></svg>
Rating Star</title><path d="M12 17.27L18.18 21l-1.64-7.03L22 9.24l-7.19-.61L12 2 9.19 8.63 2 9.24l5.46 4.73L5.82 21z"></path></svg>
Rating Star</title><path d="M12 17.27L18.18 21l-1.64-7.03L22 9.24l-7.19-.61L12 2 9.19 8.63 2 9.24l5.46 4.73L5.82 21z"></path></svg>
Rating Star</title><path d="M12 17.27L18.18 21l-1.64-7.03L22 9.24l-7.19-.61L12 2 9.19 8.63 2 9.24l5.46 4.73L5.82 21z"></path></svg>
Rating Star</title><path d="M12 17.27L18.18 21l-1.64-7.03L22 9.24l-7.19-.61L12 2 9.19 8.63 2 9.24l5.46 4.73L5.82 21z"></path></svg>
Thumb Up</title><path d="M1 21h4V9H1v12zm22-11c0-1.1-.9-2-2-2h-6.31l.95-4.57.03-.32c0-.41-.17-.79-.44-1.06L14.17 1 7.59 7.59C7.22 7.95 7 8.45 7 9v10c0 1.1.9 2 2 2h9c.83 0 1.54-.5 1.84-1.22l3.02-7.05c.09-.23.14-.47.14-.73v-1.91l-.01-.01L23 10z"></path></svg>
Rating Star</title><path d="M12 17.27L18.18 21l-1.64-7.03L22 9.24l-7.19-.61L12 2 9.19 8.63 2 9.24l5.46 4.73L5.82 21z"></path></svg>
Rating Star</title><path d="M12 17.27L18.18 21l-1.64-7.03L22 9.24l-7.19-.61L12 2 9.19 8.63 2 9.24l5.46 4.73L5.82 21z"></path></svg>
Rating Star</title><path d="M12 17.27L18.18 21l-1.64-7.03L22 9.24l-7.19-.61L12 2 9.19 8.63 2 9.24l5.46 4.73L5.82 21z"></path></svg>
Rating Star</title><path d="M12 17.27L18.18 21l-1.64-7.03L22 9.24l-7.19-.61L12 2 9.19 8.63 2 9.24l5.46 4.73L5.82 21z"></path></svg>
Rating Star</title><path d="M12 17.27L18.18 21l-1.64-7.03L22 9.24l-7.19-.61L12 2 9.19 8.63 2 9.24l5.46 4.73L5.82 21z"></path></svg>
Thumb Up</title><path d="M1 21h4V9H1v12zm22-11c0-1.1-.9-2-2-2h-6.31l.95-4.57.03-.32c0-.41-.17-.79-.44-1.06L14.17 1 7.59 7.59C7.22 7.95 7 8.45 7 9v10c0 1.1.9 2 2 2h9c.83 0 1.54-.5 1.84-1.22l3.02-7.05c.09-.23.14-.47.14-.73v-1.91l-.01-.01L23 10z"></path></svg>
Rating Star</title><path d="M12 17.27L18.18 21l-1.64-7.03L22 9.24l-7.19-.61L12 2 9.19 8.63 2 9.24l5.46 4.73L5.82 21z"></path></svg>
Rating Star</title><path d="M12 17.27L18.18 21l-1.64-7.03L22 9.24l-7.19-.61L12 2 9.19 8.63 2 9.24l5.46 4.73L5.82 21z"></path></svg>
Rating Star</title><path d="M12 17.27L18.18 21l-1.64-7.03L22 9.24l-7.19-.61L12 2 9.19 8.63 2 9.24l5.46 4.73L5.82 21z"></path></svg>
Rating Star</title><path d="M12 17.27L18.18 21l-1.64-7.03L22 9.24l-7.19-.61L12 2 9.19 8.63 2 9.24l5.46 4.73L5.82 21z"></path></svg>
Rating Star</title><path d="M12 17.27L18.18 21l-1.64-7.03L22 9.24l-7.19-.61L12 2 9.19 8.63 2 9.24l5.46 4.73L5.82 21z"></path></svg>
Thumb Up</title><path d="M1 21h4V9H1v12zm22-11c0-1.1-.9-2-2-2h-6.31l.95-4.57.03-.32c0-.41-.17-.79-.44-1.06L14.17 1 7.59 7.59C7.22 7.95 7 8.45 7 9v10c0 1.1.9 2 2 2h9c.83 0 1.54-.5 1.84-1.22l3.02-7.05c.09-.23.14-.47.14-.73v-1.91l-.01-.01L23 10z"></path></svg>
Rating Star</title><path d="M12 17.27L18.18 21l-1.64-7.03L22 9.24l-7.19-.61L12 2 9.19 8.63 2 9.24l5.46 4.73L5.82 21z"></path></svg>
Rating Star</title><path d="M12 17.27L18.18 21l-1.64-7.03L22 9.24l-7.19-.61L12 2 9.19 8.63 2 9.24l5.46 4.73L5.82 21z"></path></svg>
Rating Star</title><path d="M12 17.27L18.18 21l-1.64-7.03L22 9.24l-7.19-.61L12 2 9.19 8.63 2 9.24l5.46 4.73L5.82 21z"></path></svg>
Rating Star</title><path d="M12 17.27L18.18 21l-1.64-7.03L22 9.24l-7.19-.61L12 2 9.19 8.63 2 9.24l5.46 4.73L5.82 21z"></path></svg>
Rating Star</title><path d="M12 17.27L18.18 21l-1.64-7.03L22 9.24l-7.19-.61L12 2 9.19 8.63 2 9.24l5.46 4.73L5.82 21z"></path></svg>
Thumb Up</title><path d="M1 21h4V9H1v12zm22-11c0-1.1-.9-2-2-2h-6.31l.95-4.57.03-.32c0-.41-.17-.79-.44-1.06L14.17 1 7.59 7.59C7.22 7.95 7 8.45 7 9v10c0 1.1.9 2 2 2h9c.83 0 1.54-.5 1.84-1.22l3.02-7.05c.09-.23.14-.47.14-.73v-1.91l-.01-.01L23 10z"></path></svg>
Rating Star</title><path d="M12 17.27L18.18 21l-1.64-7.03L22 9.24l-7.19-.61L12 2 9.19 8.63 2 9.24l5.46 4.73L5.82 21z"></path></svg>
Rating Star</title><path d="M12 17.27L18.18 21l-1.64-7.03L22 9.24l-7.19-.61L12 2 9.19 8.63 2 9.24l5.46 4.73L5.82 21z"></path></svg>
Rating Star</title><path d="M12 17.27L18.18 21l-1.64-7.03L22 9.24l-7.19-.61L12 2 9.19 8.63 2 9.24l5.46 4.73L5.82 21z"></path></svg>
Rating Star</title><path d="M12 17.27L18.18 21l-1.64-7.03L22 9.24l-7.19-.61L12 2 9.19 8.63 2 9.24l5.46 4.73L5.82 21z"></path></svg>
Rating Star</title><path d="M12 17.27L18.18 21l-1.64-7.03L22 9.24l-7.19-.61L12 2 9.19 8.63 2 9.24l5.46 4.73L5.82 21z"></path></svg>
Thumb Up</title><path d="M1 21h4V9H1v12zm22-11c0-1.1-.9-2-2-2h-6.31l.95-4.57.03-.32c0-.41-.17-.79-.44-1.06L14.17 1 7.59 7.59C7.22 7.95 7 8.45 7 9v10c0 1.1.9 2 2 2h9c.83 0 1.54-.5 1.84-1.22l3.02-7.05c.09-.23.14-.47.14-.73v-1.91l-.01-.01L23 10z"></path></svg>
Rating Star</title><path d="M12 17.27L18.18 21l-1.64-7.03L22 9.24l-7.19-.61L12 2 9.19 8.63 2 9.24l5.46 4.73L5.82 21z"></path></svg>
Rating Star</title><path d="M12 17.27L18.18 21l-1.64-7.03L22 9.24l-7.19-.61L12 2 9.19 8.63 2 9.24l5.46 4.73L5.82 21z"></path></svg>
Rating Star</title><path d="M12 17.27L18.18 21l-1.64-7.03L22 9.24l-7.19-.61L12 2 9.19 8.63 2 9.24l5.46 4.73L5.82 21z"></path></svg>
Rating Star</title><path d="M12 17.27L18.18 21l-1.64-7.03L22 9.24l-7.19-.61L12 2 9.19 8.63 2 9.24l5.46 4.73L5.82 21z"></path></svg>
Rating Star</title><path d="M12 17.27L18.18 21l-1.64-7.03L22 9.24l-7.19-.61L12 2 9.19 8.63 2 9.24l5.46 4.73L5.82 21z"></path></svg>
Thumb Up</title><path d="M1 21h4V9H1v12zm22-11c0-1.1-.9-2-2-2h-6.31l.95-4.57.03-.32c0-.41-.17-.79-.44-1.06L14.17 1 7.59 7.59C7.22 7.95 7 8.45 7 9v10c0 1.1.9 2 2 2h9c.83 0 1.54-.5 1.84-1.22l3.02-7.05c.09-.23.14-.47.14-.73v-1.91l-.01-.01L23 10z"></path></svg>
Rating Star</title><path d="M12 17.27L18.18 21l-1.64-7.03L22 9.24l-7.19-.61L12 2 9.19 8.63 2 9.24l5.46 4.73L5.82 21z"></path></svg>
Rating Star</title><path d="M12 17.27L18.18 21l-1.64-7.03L22 9.24l-7.19-.61L12 2 9.19 8.63 2 9.24l5.46 4.73L5.82 21z"></path></svg>
Rating Star</title><path d="M12 17.27L18.18 21l-1.64-7.03L22 9.24l-7.19-.61L12 2 9.19 8.63 2 9.24l5.46 4.73L5.82 21z"></path></svg>
Rating Star</title><path d="M12 17.27L18.18 21l-1.64-7.03L22 9.24l-7.19-.61L12 2 9.19 8.63 2 9.24l5.46 4.73L5.82 21z"></path></svg>
Rating Star</title><path d="M12 17.27L18.18 21l-1.64-7.03L22 9.24l-7.19-.61L12 2 9.19 8.63 2 9.24l5.46 4.73L5.82 21z"></path></svg>
Thumb Up</title><path d="M1 21h4V9H1v12zm22-11c0-1.1-.9-2-2-2h-6.31l.95-4.57.03-.32c0-.41-.17-.79-.44-1.06L14.17 1 7.59 7.59C7.22 7.95 7 8.45 7 9v10c0 1.1.9 2 2 2h9c.83 0 1.54-.5 1.84-1.22l3.02-7.05c.09-.23.14-.47.14-.73v-1.91l-.01-.01L23 10z"></path></svg>
Rating Star</title><path d="M12 17.27L18.18 21l-1.64-7.03L22 9.24l-7.19-.61L12 2 9.19 8.63 2 9.24l5.46 4.73L5.82 21z"></path></svg>
Rating Star</title><path d="M12 17.27L18.18 21l-1.64-7.03L22 9.24l-7.19-.61L12 2 9.19 8.63 2 9.24l5.46 4.73L5.82 21z"></path></svg>
Rating Star</title><path d="M12 17.27L18.18 21l-1.64-7.03L22 9.24l-7.19-.61L12 2 9.19 8.63 2 9.24l5.46 4.73L5.82 21z"></path></svg>
Rating Star</title><path d="M12 17.27L18.18 21l-1.64-7.03L22 9.24l-7.19-.61L12 2 9.19 8.63 2 9.24l5.46 4.73L5.82 21z"></path></svg>
Rating Star</title><path d="M12 17.27L18.18 21l-1.64-7.03L22 9.24l-7.19-.61L12 2 9.19 8.63 2 9.24l5.46 4.73L5.82 21z"></path></svg>
Thumb Up</title><path d="M1 21h4V9H1v12zm22-11c0-1.1-.9-2-2-2h-6.31l.95-4.57.03-.32c0-.41-.17-.79-.44-1.06L14.17 1 7.59 7.59C7.22 7.95 7 8.45 7 9v10c0 1.1.9 2 2 2h9c.83 0 1.54-.5 1.84-1.22l3.02-7.05c.09-.23.14-.47.14-.73v-1.91l-.01-.01L23 10z"></path></svg>
Previous</title>
Close</title><path fill="#F0F1F3" d="M14 1.41L12.59 0 7 5.59 1.41 0 0 1.41 5.59 7 0 12.59 1.41 14 7 8.41 12.59 14 14 12.59 8.41 7z"/></svg>
Close</title><path fill="#F0F1F3" d="M14 1.41L12.59 0 7 5.59 1.41 0 0 1.41 5.59 7 0 12.59 1.41 14 7 8.41 12.59 14 14 12.59 8.41 7z"/></svg>
Rating Star</title><path d="M12 17.27L18.18 21l-1.64-7.03L22 9.24l-7.19-.61L12 2 9.19 8.63 2 9.24l5.46 4.73L5.82 21z"></path></svg>
Rating Star</title><path d="M12 17.27L18.18 21l-1.64-7.03L22 9.24l-7.19-.61L12 2 9.19 8.63 2 9.24l5.46 4.73L5.82 21z"></path></svg>
Rating Star</title><path d="M12 17.27L18.18 21l-1.64-7.03L22 9.24l-7.19-.61L12 2 9.19 8.63 2 9.24l5.46 4.73L5.82 21z"></path></svg>
Rating Star</title><path d="M12 17.27L18.18 21l-1.64-7.03L22 9.24l-7.19-.61L12 2 9.19 8.63 2 9.24l5.46 4.73L5.82 21z"></path></svg>
Rating Star</title><path d="M12 17.27L18.18 21l-1.64-7.03L22 9.24l-7.19-.61L12 2 9.19 8.63 2 9.24l5.46 4.73L5.82 21z"></path></svg>
Thumb Up</title><path d="M1 21h4V9H1v12zm22-11c0-1.1-.9-2-2-2h-6.31l.95-4.57.03-.32c0-.41-.17-.79-.44-1.06L14.17 1 7.59 7.59C7.22 7.95 7 8.45 7 9v10c0 1.1.9 2 2 2h9c.83 0 1.54-.5 1.84-1.22l3.02-7.05c.09-.23.14-.47.14-.73v-1.91l-.01-.01L23 10z"></path></svg>
Rating Star</title><path d="M12 17.27L18.18 21l-1.64-7.03L22 9.24l-7.19-.61L12 2 9.19 8.63 2 9.24l5.46 4.73L5.82 21z"></path></svg>
Rating Star</title><path d="M12 17.27L18.18 21l-1.64-7.03L22 9.24l-7.19-.61L12 2 9.19 8.63 2 9.24l5.46 4.73L5.82 21z"></path></svg>
Rating Star</title><path d="M12 17.27L18.18 21l-1.64-7.03L22 9.24l-7.19-.61L12 2 9.19 8.63 2 9.24l5.46 4.73L5.82 21z"></path></svg>
Rating Star</title><path d="M12 17.27L18.18 21l-1.64-7.03L22 9.24l-7.19-.61L12 2 9.19 8.63 2 9.24l5.46 4.73L5.82 21z"></path></svg>
Rating Star</title><path d="M12 17.27L18.18 21l-1.64-7.03L22 9.24l-7.19-.61L12 2 9.19 8.63 2 9.24l5.46 4.73L5.82 21z"></path></svg>
Thumb Up</title><path d="M1 21h4V9H1v12zm22-11c0-1.1-.9-2-2-2h-6.31l.95-4.57.03-.32c0-.41-.17-.79-.44-1.06L14.17 1 7.59 7.59C7.22 7.95 7 8.45 7 9v10c0 1.1.9 2 2 2h9c.83 0 1.54-.5 1.84-1.22l3.02-7.05c.09-.23.14-.47.14-.73v-1.91l-.01-.01L23 10z"></path></svg>
Rating Star</title><path d="M12 17.27L18.18 21l-1.64-7.03L22 9.24l-7.19-.61L12 2 9.19 8.63 2 9.24l5.46 4.73L5.82 21z"></path></svg>
Rating Star</title><path d="M12 17.27L18.18 21l-1.64-7.03L22 9.24l-7.19-.61L12 2 9.19 8.63 2 9.24l5.46 4.73L5.82 21z"></path></svg>
Rating Star</title><path d="M12 17.27L18.18 21l-1.64-7.03L22 9.24l-7.19-.61L12 2 9.19 8.63 2 9.24l5.46 4.73L5.82 21z"></path></svg>
Rating Star</title><path d="M12 17.27L18.18 21l-1.64-7.03L22 9.24l-7.19-.61L12 2 9.19 8.63 2 9.24l5.46 4.73L5.82 21z"></path></svg>
Rating Star</title><path d="M12 17.27L18.18 21l-1.64-7.03L22 9.24l-7.19-.61L12 2 9.19 8.63 2 9.24l5.46 4.73L5.82 21z"></path></svg>
Thumb Up</title><path d="M1 21h4V9H1v12zm22-11c0-1.1-.9-2-2-2h-6.31l.95-4.57.03-.32c0-.41-.17-.79-.44-1.06L14.17 1 7.59 7.59C7.22 7.95 7 8.45 7 9v10c0 1.1.9 2 2 2h9c.83 0 1.54-.5 1.84-1.22l3.02-7.05c.09-.23.14-.47.14-.73v-1.91l-.01-.01L23 10z"></path></svg>
Rating Star</title><path d="M12 17.27L18.18 21l-1.64-7.03L22 9.24l-7.19-.61L12 2 9.19 8.63 2 9.24l5.46 4.73L5.82 21z"></path></svg>
Rating Star</title><path d="M12 17.27L18.18 21l-1.64-7.03L22 9.24l-7.19-.61L12 2 9.19 8.63 2 9.24l5.46 4.73L5.82 21z"></path></svg>
Rating Star</title><path d="M12 17.27L18.18 21l-1.64-7.03L22 9.24l-7.19-.61L12 2 9.19 8.63 2 9.24l5.46 4.73L5.82 21z"></path></svg>
Rating Star</title><path d="M12 17.27L18.18 21l-1.64-7.03L22 9.24l-7.19-.61L12 2 9.19 8.63 2 9.24l5.46 4.73L5.82 21z"></path></svg>
Rating Star</title><path d="M12 17.27L18.18 21l-1.64-7.03L22 9.24l-7.19-.61L12 2 9.19 8.63 2 9.24l5.46 4.73L5.82 21z"></path></svg>
Thumb Up</title><path d="M1 21h4V9H1v12zm22-11c0-1.1-.9-2-2-2h-6.31l.95-4.57.03-.32c0-.41-.17-.79-.44-1.06L14.17 1 7.59 7.59C7.22 7.95 7 8.45 7 9v10c0 1.1.9 2 2 2h9c.83 0 1.54-.5 1.84-1.22l3.02-7.05c.09-.23.14-.47.14-.73v-1.91l-.01-.01L23 10z"></path></svg>
Rating Star</title><path d="M12 17.27L18.18 21l-1.64-7.03L22 9.24l-7.19-.61L12 2 9.19 8.63 2 9.24l5.46 4.73L5.82 21z"></path></svg>
Rating Star</title><path d="M12 17.27L18.18 21l-1.64-7.03L22 9.24l-7.19-.61L12 2 9.19 8.63 2 9.24l5.46 4.73L5.82 21z"></path></svg>
Rating Star</title><path d="M12 17.27L18.18 21l-1.64-7.03L22 9.24l-7.19-.61L12 2 9.19 8.63 2 9.24l5.46 4.73L5.82 21z"></path></svg>
Rating Star</title><path d="M12 17.27L18.18 21l-1.64-7.03L22 9.24l-7.19-.61L12 2 9.19 8.63 2 9.24l5.46 4.73L5.82 21z"></path></svg>
Rating Star</title><path d="M12 17.27L18.18 21l-1.64-7.03L22 9.24l-7.19-.61L12 2 9.19 8.63 2 9.24l5.46 4.73L5.82 21z"></path></svg>
Thumb Up</title><path d="M1 21h4V9H1v12zm22-11c0-1.1-.9-2-2-2h-6.31l.95-4.57.03-.32c0-.41-.17-.79-.44-1.06L14.17 1 7.59 7.59C7.22 7.95 7 8.45 7 9v10c0 1.1.9 2 2 2h9c.83 0 1.54-.5 1.84-1.22l3.02-7.05c.09-.23.14-.47.14-.73v-1.91l-.01-.01L23 10z"></path></svg>
Rating Star</title><path d="M12 17.27L18.18 21l-1.64-7.03L22 9.24l-7.19-.61L12 2 9.19 8.63 2 9.24l5.46 4.73L5.82 21z"></path></svg>
Rating Star</title><path d="M12 17.27L18.18 21l-1.64-7.03L22 9.24l-7.19-.61L12 2 9.19 8.63 2 9.24l5.46 4.73L5.82 21z"></path></svg>
Rating Star</title><path d="M12 17.27L18.18 21l-1.64-7.03L22 9.24l-7.19-.61L12 2 9.19 8.63 2 9.24l5.46 4.73L5.82 21z"></path></svg>
Rating Star</title><path d="M12 17.27L18.18 21l-1.64-7.03L22 9.24l-7.19-.61L12 2 9.19 8.63 2 9.24l5.46 4.73L5.82 21z"></path></svg>
Rating Star</title><path d="M12 17.27L18.18 21l-1.64-7.03L22 9.24l-7.19-.61L12 2 9.19 8.63 2 9.24l5.46 4.73L5.82 21z"></path></svg>
Thumb Up</title><path d="M1 21h4V9H1v12zm22-11c0-1.1-.9-2-2-2h-6.31l.95-4.57.03-.32c0-.41-.17-.79-.44-1.06L14.17 1 7.59 7.59C7.22 7.95 7 8.45 7 9v10c0 1.1.9 2 2 2h9c.83 0 1.54-.5 1.84-1.22l3.02-7.05c.09-.23.14-.47.14-.73v-1.91l-.01-.01L23 10z"></path></svg>
Rating Star</title><path d="M12 17.27L18.18 21l-1.64-7.03L22 9.24l-7.19-.61L12 2 9.19 8.63 2 9.24l5.46 4.73L5.82 21z"></path></svg>
Rating Star</title><path d="M12 17.27L18.18 21l-1.64-7.03L22 9.24l-7.19-.61L12 2 9.19 8.63 2 9.24l5.46 4.73L5.82 21z"></path></svg>
Rating Star</title><path d="M12 17.27L18.18 21l-1.64-7.03L22 9.24l-7.19-.61L12 2 9.19 8.63 2 9.24l5.46 4.73L5.82 21z"></path></svg>
Rating Star</title><path d="M12 17.27L18.18 21l-1.64-7.03L22 9.24l-7.19-.61L12 2 9.19 8.63 2 9.24l5.46 4.73L5.82 21z"></path></svg>
Rating Star</title><path d="M12 17.27L18.18 21l-1.64-7.03L22 9.24l-7.19-.61L12 2 9.19 8.63 2 9.24l5.46 4.73L5.82 21z"></path></svg>
Thumb Up</title><path d="M1 21h4V9H1v12zm22-11c0-1.1-.9-2-2-2h-6.31l.95-4.57.03-.32c0-.41-.17-.79-.44-1.06L14.17 1 7.59 7.59C7.22 7.95 7 8.45 7 9v10c0 1.1.9 2 2 2h9c.83 0 1.54-.5 1.84-1.22l3.02-7.05c.09-.23.14-.47.14-.73v-1.91l-.01-.01L23 10z"></path></svg>
Rating Star</title><path d="M12 17.27L18.18 21l-1.64-7.03L22 9.24l-7.19-.61L12 2 9.19 8.63 2 9.24l5.46 4.73L5.82 21z"></path></svg>
Rating Star</title><path d="M12 17.27L18.18 21l-1.64-7.03L22 9.24l-7.19-.61L12 2 9.19 8.63 2 9.24l5.46 4.73L5.82 21z"></path></svg>
Rating Star</title><path d="M12 17.27L18.18 21l-1.64-7.03L22 9.24l-7.19-.61L12 2 9.19 8.63 2 9.24l5.46 4.73L5.82 21z"></path></svg>
Rating Star</title><path d="M12 17.27L18.18 21l-1.64-7.03L22 9.24l-7.19-.61L12 2 9.19 8.63 2 9.24l5.46 4.73L5.82 21z"></path></svg>
Rating Star</title><path d="M12 17.27L18.18 21l-1.64-7.03L22 9.24l-7.19-.61L12 2 9.19 8.63 2 9.24l5.46 4.73L5.82 21z"></path></svg>
Thumb Up</title><path d="M1 21h4V9H1v12zm22-11c0-1.1-.9-2-2-2h-6.31l.95-4.57.03-.32c0-.41-.17-.79-.44-1.06L14.17 1 7.59 7.59C7.22 7.95 7 8.45 7 9v10c0 1.1.9 2 2 2h9c.83 0 1.54-.5 1.84-1.22l3.02-7.05c.09-.23.14-.47.14-.73v-1.91l-.01-.01L23 10z"></path></svg>
Rating Star</title><path d="M12 17.27L18.18 21l-1.64-7.03L22 9.24l-7.19-.61L12 2 9.19 8.63 2 9.24l5.46 4.73L5.82 21z"></path></svg>
Rating Star</title><path d="M12 17.27L18.18 21l-1.64-7.03L22 9.24l-7.19-.61L12 2 9.19 8.63 2 9.24l5.46 4.73L5.82 21z"></path></svg>
Rating Star</title><path d="M12 17.27L18.18 21l-1.64-7.03L22 9.24l-7.19-.61L12 2 9.19 8.63 2 9.24l5.46 4.73L5.82 21z"></path></svg>
Rating Star</title><path d="M12 17.27L18.18 21l-1.64-7.03L22 9.24l-7.19-.61L12 2 9.19 8.63 2 9.24l5.46 4.73L5.82 21z"></path></svg>
Rating Star</title><path d="M12 17.27L18.18 21l-1.64-7.03L22 9.24l-7.19-.61L12 2 9.19 8.63 2 9.24l5.46 4.73L5.82 21z"></path></svg>
Thumb Up</title><path d="M1 21h4V9H1v12zm22-11c0-1.1-.9-2-2-2h-6.31l.95-4.57.03-.32c0-.41-.17-.79-.44-1.06L14.17 1 7.59 7.59C7.22 7.95 7 8.45 7 9v10c0 1.1.9 2 2 2h9c.83 0 1.54-.5 1.84-1.22l3.02-7.05c.09-.23.14-.47.14-.73v-1.91l-.01-.01L23 10z"></path></svg>
Close</title><path fill="#F0F1F3" d="M14 1.41L12.59 0 7 5.59 1.41 0 0 1.41 5.59 7 0 12.59 1.41 14 7 8.41 12.59 14 14 12.59 8.41 7z"/></svg>
Close</title><path fill="#F0F1F3" d="M14 1.41L12.59 0 7 5.59 1.41 0 0 1.41 5.59 7 0 12.59 1.41 14 7 8.41 12.59 14 14 12.59 8.41 7z"/></svg>							
4bfac94a5af77cd1b4906ab077000908	turkish	Homemade Manti (Traditional Turkish Dumplings) 	2 cups flour |1/2 teaspoon salt |2 eggs |1/2 teaspoon water, or as needed |2 onions, peeled |1/2 pound ground beef |salt and pepper to taste |3 tablespoons vegetable oil |1 tablespoon red pepper flakes |1 tablespoon minced garlic |1 (8 ounce) container plain yogurt |	560	64400.0	23200.0	23.2	440	120
c595af1b97a80b6d5ec3a0864a205948	turkish	Soldier Buttons 	2 cups all-purpose flour |1 cup butter, softened |1 cup confectioners&#39; sugar |1 egg |1 teaspoon vanilla extract |1/4 cup strawberry preserves |	551	61000	32000	5.7	235	112
e4e0d25c75b1265de25592f3d5ba911b	turkish	Chicken Tava from Turkey 	2 tablespoons olive oil, divided |8 boneless chicken thighs, with skin |1 (6 ounce) can tomato paste |1/4 cup water |8 cloves garlic, halved |salt and pepper to taste |4 medium potatoes, sliced |4 tomatoes, sliced |1 large onion, sliced |1 cup fresh mushrooms, sliced |8 pepperoncini peppers (optional) |	316	29000	13700.0	20.4	823	59
773b6f13ad1d970f9dba37fc7c962e5f	turkish	Turkish Kebabs 	2 large onions, chopped |2 garlic cloves, crushed |1/2 cup olive oil |2 tablespoons lemon juice |1 teaspoon dried oregano |1 teaspoon ground black pepper |1/2 teaspoon ground turmeric |1 pinch curry powder |1 teaspoon salt |1 pound beef flank steak, thinly sliced |8 ounces sour cream |2 tablespoons olive oil |1 tablespoon lemon juice |1/2 teaspoon salt |1/2 teaspoon ground black pepper |1 tablespoon chopped fresh dill |1 clove garlic, crushed |6 pita bread rounds |	512	36000	34300.0	15.7	891	33
fd9e1105d00f4f4230831a328ee762a9	turkish	Carrots and Lentils 	3 tablespoons extra-virgin olive oil |1 onion, thinly sliced |1 clove garlic, minced |1 pound carrots, cut into thin half-rounds |1 tablespoon tomato paste |1/2 teaspoon ground chile pepper |1/4 teaspoon sea salt |3 cups water |1 cup lentils |salt and freshly ground black pepper to taste |1/4 cup Greek yogurt |	352	46700.0	12300.0	15.1	239	3
de9e15cc4b5a561a362b487c797eeafb	turkish	Iskender Kebab 	4 pita bread rounds |1 tablespoon olive oil |4 skinless, boneless chicken breast halves - chopped |2 medium onion, chopped |1 clove garlic, minced |1 (10.75 ounce) can tomato puree |ground cumin to taste |salt to taste |ground black pepper to taste |1/2 cup butter, melted |1 cup Greek yogurt |1/4 cup chopped fresh parsley |	667	48600.0	36200.0	37.3	886	144
e820a98081cd652aa450759a57e9e313	turkish	Ekmek Turkish Bread 	1 1/2 cups bread flour, divided |3/4 cup water, divided |5 teaspoons active dry yeast |1 teaspoon white sugar |2 cups warm water (110 degrees F/45 degrees C) |6 cups bread flour |2 teaspoons salt |	6	1000	100.0	0.6	390	0
404227bee716a10fecfd82bc04ddcf7c	turkish	Veggie Bulgur Salad (Kisir) 	1 cup fine bulgur |1 cup boiling water |2 tablespoons olive oil |1 onion, finely chopped |2 large tomatoes, finely chopped |1 cucumber, diced |2 green bell peppers, finely chopped |1 red bell pepper, finely chopped |7 green onions, finely chopped |1/2 cup minced fresh parsley |1/2 cup minced fresh mint leaves |1 teaspoon red pepper flakes, or to taste |2 tablespoons olive oil |juice of 1 fresh lemon |2 tablespoons pomegranate molasses |	216	30400.0	9800.0	5.3	19	0
5c52f0c9aba46041315b76416e3c8b42	turkish	Manti (Turkish 'Ravioli' with Yogurt Sauce) 	1 teaspoon salt |1 teaspoon dried mint |1 (9 ounce) package beef ravioli |1/4 cup butter |1 teaspoon sweet paprika |1 tablespoon minced garlic |1 (8 ounce) container plain whole milk yogurt |	293	26700.0	17100.0	9.4	1098	60
9d98811d2fc828f559854b932f393a94	turkish	Muhammara (Roasted Pepper & Walnut Spread) 	4 tablespoons olive oil, divided |1 1/4 cups raw walnut halves |1/3 cup fresh breadcrumbs |1 cup fire-roasted red bell peppers - peeled, seeded, coarsely chopped |2 garlic cloves, crushed |2 tablespoons lemon juice |2 teaspoons pomegranate molasses |1 teaspoon salt, plus more if needed |1 teaspoon paprika |1 teaspoon Aleppo pepper flakes or other red pepper flakes, plus a pinch or so for garnish |1/2 teaspoon cumin |1/2 teaspoon cayenne pepper |1 tablespoon chopped Italian parsley for garnish |	287	10300.0	24300.0	4.5	441	0
97fd09022060fd871190e78f6bd38718	turkish	Turkish Halwa 	1 1/2 cups water |1 1/2 cups molasses |1/2 cup unsalted butter |2 cups all-purpose flour |1/4 cup chopped walnuts |	418	70300.0	14300.0	3.9	26	31
8a44bd443be0246a10bbbe0fd78537a6	turkish	Haydari (Turkish Yogurt Dip) 	1 (16 ounce) container plain yogurt |5 cloves garlic |1 pinch salt |1 bunch fresh dill, chopped |1 bunch fresh parsley, chopped |1 (4 ounce) package cream cheese, softened (optional) |2 mint leaves, for garnish |	92	5700.0	5900.0	4.5	88	19
8807607501990cfaaf141cdcedd5a8ed	turkish	Pogaca (Feta Dumplings) 	3 1/2 cups all-purpose flour |2 teaspoons baking powder |1/2 cup canola oil |1/4 cup butter, melted |1 cup plain yogurt |3 beaten eggs |1 tablespoon sour cream |1 tablespoon white sugar |1 1/2 teaspoons salt |1 cup crumbled feta cheese |1 cup finely chopped fresh parsley |1 tablespoon olive oil |2 teaspoons paprika |2 egg yolks |2 tablespoons sesame seeds |	210	19300.0	12400.0	5.5	346	62
1b1252e81719c39c6afc9a3501f38a49	turkish	Cyprus Gyro Burger 
Down Triangle</title><path d="M0 63.75l127.5 127.5L255 63.75z"/></svg>
Down</title><path d="M12 2L10.59.59 6 5.17 1.41.59 0 2l6 6z"/></svg>
Previous</title>
Down Triangle</title><path d="M0 63.75l127.5 127.5L255 63.75z"/></svg>
Down</title><path d="M12 2L10.59.59 6 5.17 1.41.59 0 2l6 6z"/></svg>
Previous</title>
Close</title><path fill="#F0F1F3" d="M14 1.41L12.59 0 7 5.59 1.41 0 0 1.41 5.59 7 0 12.59 1.41 14 7 8.41 12.59 14 14 12.59 8.41 7z"/></svg>
Down</title><path d="M12 2L10.59.59 6 5.17 1.41.59 0 2l6 6z"/></svg>
Previous</title>
Next</title>
Next</title>
Next</title>
Down</title><path d="M12 2L10.59.59 6 5.17 1.41.59 0 2l6 6z"/></svg>
Previous</title>
Down</title><path d="M12 2L10.59.59 6 5.17 1.41.59 0 2l6 6z"/></svg>
Previous</title>
Down</title><path d="M12 2L10.59.59 6 5.17 1.41.59 0 2l6 6z"/></svg>
Previous</title>
Down</title><path d="M12 2L10.59.59 6 5.17 1.41.59 0 2l6 6z"/></svg>
Previous</title>
Down</title><path d="M12 2L10.59.59 6 5.17 1.41.59 0 2l6 6z"/></svg>
Previous</title>
Down</title><path d="M12 2L10.59.59 6 5.17 1.41.59 0 2l6 6z"/></svg>
Previous</title>
Down</title><path d="M12 2L10.59.59 6 5.17 1.41.59 0 2l6 6z"/></svg>
Previous</title>
Down</title><path d="M12 2L10.59.59 6 5.17 1.41.59 0 2l6 6z"/></svg>
Previous</title>
Down</title><path d="M12 2L10.59.59 6 5.17 1.41.59 0 2l6 6z"/></svg>
Previous</title>
Down</title><path d="M12 2L10.59.59 6 5.17 1.41.59 0 2l6 6z"/></svg>
Previous</title>
Down</title><path d="M12 2L10.59.59 6 5.17 1.41.59 0 2l6 6z"/></svg>
Previous</title>
Down</title><path d="M12 2L10.59.59 6 5.17 1.41.59 0 2l6 6z"/></svg>
Previous</title>
Down</title><path d="M12 2L10.59.59 6 5.17 1.41.59 0 2l6 6z"/></svg>
Previous</title>
Down</title><path d="M12 2L10.59.59 6 5.17 1.41.59 0 2l6 6z"/></svg>
Previous</title>
Down</title><path d="M12 2L10.59.59 6 5.17 1.41.59 0 2l6 6z"/></svg>
Previous</title>
Down Triangle</title><path d="M0 63.75l127.5 127.5L255 63.75z"/></svg>
Down</title><path d="M12 2L10.59.59 6 5.17 1.41.59 0 2l6 6z"/></svg>
Previous</title>
Down Triangle</title><path d="M0 63.75l127.5 127.5L255 63.75z"/></svg>
Down</title><path d="M12 2L10.59.59 6 5.17 1.41.59 0 2l6 6z"/></svg>
Previous</title>
Chevron Right</title><path d="M8.578 16.359l4.594-4.594-4.594-4.594 1.406-1.406 6 6-6 6z"></path></svg>
Chevron Right</title><path d="M8.578 16.359l4.594-4.594-4.594-4.594 1.406-1.406 6 6-6 6z"></path></svg>
Chevron Right</title><path d="M8.578 16.359l4.594-4.594-4.594-4.594 1.406-1.406 6 6-6 6z"></path></svg>
Chevron Right</title><path d="M8.578 16.359l4.594-4.594-4.594-4.594 1.406-1.406 6 6-6 6z"></path></svg>
Chevron Right</title><path d="M8.578 16.359l4.594-4.594-4.594-4.594 1.406-1.406 6 6-6 6z"></path></svg>
Rating Star</title><path d="M12 17.27L18.18 21l-1.64-7.03L22 9.24l-7.19-.61L12 2 9.19 8.63 2 9.24l5.46 4.73L5.82 21z"></path></svg>
Rating Star</title><path d="M12 17.27L18.18 21l-1.64-7.03L22 9.24l-7.19-.61L12 2 9.19 8.63 2 9.24l5.46 4.73L5.82 21z"></path></svg>
Rating Star</title><path d="M12 17.27L18.18 21l-1.64-7.03L22 9.24l-7.19-.61L12 2 9.19 8.63 2 9.24l5.46 4.73L5.82 21z"></path></svg>
Rating Star</title><path d="M12 17.27L18.18 21l-1.64-7.03L22 9.24l-7.19-.61L12 2 9.19 8.63 2 9.24l5.46 4.73L5.82 21z"></path></svg>
Rating Star</title><path d="M12 17.27L18.18 21l-1.64-7.03L22 9.24l-7.19-.61L12 2 9.19 8.63 2 9.24l5.46 4.73L5.82 21z"></path></svg>
Down Triangle</title><path d="M0 63.75l127.5 127.5L255 63.75z"/></svg>
Rating Star</title><path d="M12 17.27L18.18 21l-1.64-7.03L22 9.24l-7.19-.61L12 2 9.19 8.63 2 9.24l5.46 4.73L5.82 21z"></path></svg>
Rating Star</title><path d="M12 17.27L18.18 21l-1.64-7.03L22 9.24l-7.19-.61L12 2 9.19 8.63 2 9.24l5.46 4.73L5.82 21z"></path></svg>
ellipsis</title><path d="M10.001 7.8c-1.215 0-2.201 0.985-2.201 2.2s0.986 2.2 2.201 2.2c1.215 0 2.199-0.985 2.199-2.2s-0.984-2.2-2.199-2.2zM3.001 7.8c-1.215 0-2.201 0.985-2.201 2.2s0.986 2.2 2.201 2.2c1.215 0 2.199-0.986 2.199-2.2s-0.984-2.2-2.199-2.2zM17.001 7.8c-1.215 0-2.201 0.985-2.201 2.2s0.986 2.2 2.201 2.2c1.215 0 2.199-0.985 2.199-2.2s-0.984-2.2-2.199-2.2z"></path></svg>
Mail</title><path d="M20.016 8.016v-2.016l-8.016 5.016-8.016-5.016v2.016l8.016 4.969zM20.016 3.984c1.078 0 1.969 0.938 1.969 2.016v12c0 1.078-0.891 2.016-1.969 2.016h-16.031c-1.078 0-1.969-0.938-1.969-2.016v-12c0-1.078 0.891-2.016 1.969-2.016h16.031z"></path></svg>
iphone</title><path d="M15.984 18v-14.016h-9v14.016h9zM11.484 21.984c0.844 0 1.5-0.656 1.5-1.5s-0.656-1.5-1.5-1.5-1.5 0.656-1.5 1.5 0.656 1.5 1.5 1.5zM15.516 0.984c1.359 0 2.484 1.172 2.484 2.531v16.969c0 1.359-1.125 2.531-2.484 2.531h-8.016c-1.359 0-2.484-1.172-2.484-2.531v-16.969c0-1.359 1.125-2.531 2.484-2.531h8.016z"></path></svg>
Image zoom</title>
Rate Review</title><path id="a" d="M12.726 10.694L9.998 9.267l-2.719 1.43.52-3.025-2.205-2.15 3.04-.446L9.998 2.32l1.363 2.756 3.042.44-2.196 2.15.52 3.028zM18.236 0H1.761C.001 0 .001 1.606.001 1.606V12.16s-.057 1.587 1.524 1.587h1.638v5.476l5.475-5.476h9.836c1.579 0 1.526-1.587 1.526-1.587V1.606S20 0 18.236 0z"/></svg>
Rating Star</title><path d="M12 17.27L18.18 21l-1.64-7.03L22 9.24l-7.19-.61L12 2 9.19 8.63 2 9.24l5.46 4.73L5.82 21z"></path></svg>
Rating Star</title><path d="M12 17.27L18.18 21l-1.64-7.03L22 9.24l-7.19-.61L12 2 9.19 8.63 2 9.24l5.46 4.73L5.82 21z"></path></svg>
Rating Star</title><path d="M12 17.27L18.18 21l-1.64-7.03L22 9.24l-7.19-.61L12 2 9.19 8.63 2 9.24l5.46 4.73L5.82 21z"></path></svg>
Rating Star</title><path d="M12 17.27L18.18 21l-1.64-7.03L22 9.24l-7.19-.61L12 2 9.19 8.63 2 9.24l5.46 4.73L5.82 21z"></path></svg>
Rating Star</title><path d="M12 17.27L18.18 21l-1.64-7.03L22 9.24l-7.19-.61L12 2 9.19 8.63 2 9.24l5.46 4.73L5.82 21z"></path></svg>
Thumb Up</title><path d="M1 21h4V9H1v12zm22-11c0-1.1-.9-2-2-2h-6.31l.95-4.57.03-.32c0-.41-.17-.79-.44-1.06L14.17 1 7.59 7.59C7.22 7.95 7 8.45 7 9v10c0 1.1.9 2 2 2h9c.83 0 1.54-.5 1.84-1.22l3.02-7.05c.09-.23.14-.47.14-.73v-1.91l-.01-.01L23 10z"></path></svg>
Rating Star</title><path d="M12 17.27L18.18 21l-1.64-7.03L22 9.24l-7.19-.61L12 2 9.19 8.63 2 9.24l5.46 4.73L5.82 21z"></path></svg>
Rating Star</title><path d="M12 17.27L18.18 21l-1.64-7.03L22 9.24l-7.19-.61L12 2 9.19 8.63 2 9.24l5.46 4.73L5.82 21z"></path></svg>
Rating Star</title><path d="M12 17.27L18.18 21l-1.64-7.03L22 9.24l-7.19-.61L12 2 9.19 8.63 2 9.24l5.46 4.73L5.82 21z"></path></svg>
Rating Star</title><path d="M12 17.27L18.18 21l-1.64-7.03L22 9.24l-7.19-.61L12 2 9.19 8.63 2 9.24l5.46 4.73L5.82 21z"></path></svg>
Rating Star</title><path d="M12 17.27L18.18 21l-1.64-7.03L22 9.24l-7.19-.61L12 2 9.19 8.63 2 9.24l5.46 4.73L5.82 21z"></path></svg>
Thumb Up</title><path d="M1 21h4V9H1v12zm22-11c0-1.1-.9-2-2-2h-6.31l.95-4.57.03-.32c0-.41-.17-.79-.44-1.06L14.17 1 7.59 7.59C7.22 7.95 7 8.45 7 9v10c0 1.1.9 2 2 2h9c.83 0 1.54-.5 1.84-1.22l3.02-7.05c.09-.23.14-.47.14-.73v-1.91l-.01-.01L23 10z"></path></svg>
Rating Star</title><path d="M12 17.27L18.18 21l-1.64-7.03L22 9.24l-7.19-.61L12 2 9.19 8.63 2 9.24l5.46 4.73L5.82 21z"></path></svg>
Rating Star</title><path d="M12 17.27L18.18 21l-1.64-7.03L22 9.24l-7.19-.61L12 2 9.19 8.63 2 9.24l5.46 4.73L5.82 21z"></path></svg>
Rating Star</title><path d="M12 17.27L18.18 21l-1.64-7.03L22 9.24l-7.19-.61L12 2 9.19 8.63 2 9.24l5.46 4.73L5.82 21z"></path></svg>
Rating Star</title><path d="M12 17.27L18.18 21l-1.64-7.03L22 9.24l-7.19-.61L12 2 9.19 8.63 2 9.24l5.46 4.73L5.82 21z"></path></svg>
Rating Star</title><path d="M12 17.27L18.18 21l-1.64-7.03L22 9.24l-7.19-.61L12 2 9.19 8.63 2 9.24l5.46 4.73L5.82 21z"></path></svg>
Rating Star</title><path d="M12 17.27L18.18 21l-1.64-7.03L22 9.24l-7.19-.61L12 2 9.19 8.63 2 9.24l5.46 4.73L5.82 21z"></path></svg>
Rating Star</title><path d="M12 17.27L18.18 21l-1.64-7.03L22 9.24l-7.19-.61L12 2 9.19 8.63 2 9.24l5.46 4.73L5.82 21z"></path></svg>
Thumb Up</title><path d="M1 21h4V9H1v12zm22-11c0-1.1-.9-2-2-2h-6.31l.95-4.57.03-.32c0-.41-.17-.79-.44-1.06L14.17 1 7.59 7.59C7.22 7.95 7 8.45 7 9v10c0 1.1.9 2 2 2h9c.83 0 1.54-.5 1.84-1.22l3.02-7.05c.09-.23.14-.47.14-.73v-1.91l-.01-.01L23 10z"></path></svg>
Rating Star</title><path d="M12 17.27L18.18 21l-1.64-7.03L22 9.24l-7.19-.61L12 2 9.19 8.63 2 9.24l5.46 4.73L5.82 21z"></path></svg>
Rating Star</title><path d="M12 17.27L18.18 21l-1.64-7.03L22 9.24l-7.19-.61L12 2 9.19 8.63 2 9.24l5.46 4.73L5.82 21z"></path></svg>
Rating Star</title><path d="M12 17.27L18.18 21l-1.64-7.03L22 9.24l-7.19-.61L12 2 9.19 8.63 2 9.24l5.46 4.73L5.82 21z"></path></svg>
Rating Star</title><path d="M12 17.27L18.18 21l-1.64-7.03L22 9.24l-7.19-.61L12 2 9.19 8.63 2 9.24l5.46 4.73L5.82 21z"></path></svg>
Rating Star</title><path d="M12 17.27L18.18 21l-1.64-7.03L22 9.24l-7.19-.61L12 2 9.19 8.63 2 9.24l5.46 4.73L5.82 21z"></path></svg>
Thumb Up</title><path d="M1 21h4V9H1v12zm22-11c0-1.1-.9-2-2-2h-6.31l.95-4.57.03-.32c0-.41-.17-.79-.44-1.06L14.17 1 7.59 7.59C7.22 7.95 7 8.45 7 9v10c0 1.1.9 2 2 2h9c.83 0 1.54-.5 1.84-1.22l3.02-7.05c.09-.23.14-.47.14-.73v-1.91l-.01-.01L23 10z"></path></svg>
Rating Star</title><path d="M12 17.27L18.18 21l-1.64-7.03L22 9.24l-7.19-.61L12 2 9.19 8.63 2 9.24l5.46 4.73L5.82 21z"></path></svg>
Rating Star</title><path d="M12 17.27L18.18 21l-1.64-7.03L22 9.24l-7.19-.61L12 2 9.19 8.63 2 9.24l5.46 4.73L5.82 21z"></path></svg>
Rating Star</title><path d="M12 17.27L18.18 21l-1.64-7.03L22 9.24l-7.19-.61L12 2 9.19 8.63 2 9.24l5.46 4.73L5.82 21z"></path></svg>
Rating Star</title><path d="M12 17.27L18.18 21l-1.64-7.03L22 9.24l-7.19-.61L12 2 9.19 8.63 2 9.24l5.46 4.73L5.82 21z"></path></svg>
Rating Star</title><path d="M12 17.27L18.18 21l-1.64-7.03L22 9.24l-7.19-.61L12 2 9.19 8.63 2 9.24l5.46 4.73L5.82 21z"></path></svg>
Thumb Up</title><path d="M1 21h4V9H1v12zm22-11c0-1.1-.9-2-2-2h-6.31l.95-4.57.03-.32c0-.41-.17-.79-.44-1.06L14.17 1 7.59 7.59C7.22 7.95 7 8.45 7 9v10c0 1.1.9 2 2 2h9c.83 0 1.54-.5 1.84-1.22l3.02-7.05c.09-.23.14-.47.14-.73v-1.91l-.01-.01L23 10z"></path></svg>
Rating Star</title><path d="M12 17.27L18.18 21l-1.64-7.03L22 9.24l-7.19-.61L12 2 9.19 8.63 2 9.24l5.46 4.73L5.82 21z"></path></svg>
Rating Star</title><path d="M12 17.27L18.18 21l-1.64-7.03L22 9.24l-7.19-.61L12 2 9.19 8.63 2 9.24l5.46 4.73L5.82 21z"></path></svg>
Rating Star</title><path d="M12 17.27L18.18 21l-1.64-7.03L22 9.24l-7.19-.61L12 2 9.19 8.63 2 9.24l5.46 4.73L5.82 21z"></path></svg>
Rating Star</title><path d="M12 17.27L18.18 21l-1.64-7.03L22 9.24l-7.19-.61L12 2 9.19 8.63 2 9.24l5.46 4.73L5.82 21z"></path></svg>
Rating Star</title><path d="M12 17.27L18.18 21l-1.64-7.03L22 9.24l-7.19-.61L12 2 9.19 8.63 2 9.24l5.46 4.73L5.82 21z"></path></svg>
Thumb Up</title><path d="M1 21h4V9H1v12zm22-11c0-1.1-.9-2-2-2h-6.31l.95-4.57.03-.32c0-.41-.17-.79-.44-1.06L14.17 1 7.59 7.59C7.22 7.95 7 8.45 7 9v10c0 1.1.9 2 2 2h9c.83 0 1.54-.5 1.84-1.22l3.02-7.05c.09-.23.14-.47.14-.73v-1.91l-.01-.01L23 10z"></path></svg>
Rating Star</title><path d="M12 17.27L18.18 21l-1.64-7.03L22 9.24l-7.19-.61L12 2 9.19 8.63 2 9.24l5.46 4.73L5.82 21z"></path></svg>
Rating Star</title><path d="M12 17.27L18.18 21l-1.64-7.03L22 9.24l-7.19-.61L12 2 9.19 8.63 2 9.24l5.46 4.73L5.82 21z"></path></svg>
Rating Star</title><path d="M12 17.27L18.18 21l-1.64-7.03L22 9.24l-7.19-.61L12 2 9.19 8.63 2 9.24l5.46 4.73L5.82 21z"></path></svg>
Rating Star</title><path d="M12 17.27L18.18 21l-1.64-7.03L22 9.24l-7.19-.61L12 2 9.19 8.63 2 9.24l5.46 4.73L5.82 21z"></path></svg>
Rating Star</title><path d="M12 17.27L18.18 21l-1.64-7.03L22 9.24l-7.19-.61L12 2 9.19 8.63 2 9.24l5.46 4.73L5.82 21z"></path></svg>
Thumb Up</title><path d="M1 21h4V9H1v12zm22-11c0-1.1-.9-2-2-2h-6.31l.95-4.57.03-.32c0-.41-.17-.79-.44-1.06L14.17 1 7.59 7.59C7.22 7.95 7 8.45 7 9v10c0 1.1.9 2 2 2h9c.83 0 1.54-.5 1.84-1.22l3.02-7.05c.09-.23.14-.47.14-.73v-1.91l-.01-.01L23 10z"></path></svg>
Rating Star</title><path d="M12 17.27L18.18 21l-1.64-7.03L22 9.24l-7.19-.61L12 2 9.19 8.63 2 9.24l5.46 4.73L5.82 21z"></path></svg>
Rating Star</title><path d="M12 17.27L18.18 21l-1.64-7.03L22 9.24l-7.19-.61L12 2 9.19 8.63 2 9.24l5.46 4.73L5.82 21z"></path></svg>
Rating Star</title><path d="M12 17.27L18.18 21l-1.64-7.03L22 9.24l-7.19-.61L12 2 9.19 8.63 2 9.24l5.46 4.73L5.82 21z"></path></svg>
Rating Star</title><path d="M12 17.27L18.18 21l-1.64-7.03L22 9.24l-7.19-.61L12 2 9.19 8.63 2 9.24l5.46 4.73L5.82 21z"></path></svg>
Rating Star</title><path d="M12 17.27L18.18 21l-1.64-7.03L22 9.24l-7.19-.61L12 2 9.19 8.63 2 9.24l5.46 4.73L5.82 21z"></path></svg>
Thumb Up</title><path d="M1 21h4V9H1v12zm22-11c0-1.1-.9-2-2-2h-6.31l.95-4.57.03-.32c0-.41-.17-.79-.44-1.06L14.17 1 7.59 7.59C7.22 7.95 7 8.45 7 9v10c0 1.1.9 2 2 2h9c.83 0 1.54-.5 1.84-1.22l3.02-7.05c.09-.23.14-.47.14-.73v-1.91l-.01-.01L23 10z"></path></svg>
Rating Star</title><path d="M12 17.27L18.18 21l-1.64-7.03L22 9.24l-7.19-.61L12 2 9.19 8.63 2 9.24l5.46 4.73L5.82 21z"></path></svg>
Rating Star</title><path d="M12 17.27L18.18 21l-1.64-7.03L22 9.24l-7.19-.61L12 2 9.19 8.63 2 9.24l5.46 4.73L5.82 21z"></path></svg>
Rating Star</title><path d="M12 17.27L18.18 21l-1.64-7.03L22 9.24l-7.19-.61L12 2 9.19 8.63 2 9.24l5.46 4.73L5.82 21z"></path></svg>
Rating Star</title><path d="M12 17.27L18.18 21l-1.64-7.03L22 9.24l-7.19-.61L12 2 9.19 8.63 2 9.24l5.46 4.73L5.82 21z"></path></svg>
Rating Star</title><path d="M12 17.27L18.18 21l-1.64-7.03L22 9.24l-7.19-.61L12 2 9.19 8.63 2 9.24l5.46 4.73L5.82 21z"></path></svg>
Previous</title>
Close</title><path fill="#F0F1F3" d="M14 1.41L12.59 0 7 5.59 1.41 0 0 1.41 5.59 7 0 12.59 1.41 14 7 8.41 12.59 14 14 12.59 8.41 7z"/></svg>
Close</title><path fill="#F0F1F3" d="M14 1.41L12.59 0 7 5.59 1.41 0 0 1.41 5.59 7 0 12.59 1.41 14 7 8.41 12.59 14 14 12.59 8.41 7z"/></svg>
Rating Star</title><path d="M12 17.27L18.18 21l-1.64-7.03L22 9.24l-7.19-.61L12 2 9.19 8.63 2 9.24l5.46 4.73L5.82 21z"></path></svg>
Rating Star</title><path d="M12 17.27L18.18 21l-1.64-7.03L22 9.24l-7.19-.61L12 2 9.19 8.63 2 9.24l5.46 4.73L5.82 21z"></path></svg>
Rating Star</title><path d="M12 17.27L18.18 21l-1.64-7.03L22 9.24l-7.19-.61L12 2 9.19 8.63 2 9.24l5.46 4.73L5.82 21z"></path></svg>
Rating Star</title><path d="M12 17.27L18.18 21l-1.64-7.03L22 9.24l-7.19-.61L12 2 9.19 8.63 2 9.24l5.46 4.73L5.82 21z"></path></svg>
Rating Star</title><path d="M12 17.27L18.18 21l-1.64-7.03L22 9.24l-7.19-.61L12 2 9.19 8.63 2 9.24l5.46 4.73L5.82 21z"></path></svg>
Thumb Up</title><path d="M1 21h4V9H1v12zm22-11c0-1.1-.9-2-2-2h-6.31l.95-4.57.03-.32c0-.41-.17-.79-.44-1.06L14.17 1 7.59 7.59C7.22 7.95 7 8.45 7 9v10c0 1.1.9 2 2 2h9c.83 0 1.54-.5 1.84-1.22l3.02-7.05c.09-.23.14-.47.14-.73v-1.91l-.01-.01L23 10z"></path></svg>
Rating Star</title><path d="M12 17.27L18.18 21l-1.64-7.03L22 9.24l-7.19-.61L12 2 9.19 8.63 2 9.24l5.46 4.73L5.82 21z"></path></svg>
Rating Star</title><path d="M12 17.27L18.18 21l-1.64-7.03L22 9.24l-7.19-.61L12 2 9.19 8.63 2 9.24l5.46 4.73L5.82 21z"></path></svg>
Rating Star</title><path d="M12 17.27L18.18 21l-1.64-7.03L22 9.24l-7.19-.61L12 2 9.19 8.63 2 9.24l5.46 4.73L5.82 21z"></path></svg>
Rating Star</title><path d="M12 17.27L18.18 21l-1.64-7.03L22 9.24l-7.19-.61L12 2 9.19 8.63 2 9.24l5.46 4.73L5.82 21z"></path></svg>
Rating Star</title><path d="M12 17.27L18.18 21l-1.64-7.03L22 9.24l-7.19-.61L12 2 9.19 8.63 2 9.24l5.46 4.73L5.82 21z"></path></svg>
Thumb Up</title><path d="M1 21h4V9H1v12zm22-11c0-1.1-.9-2-2-2h-6.31l.95-4.57.03-.32c0-.41-.17-.79-.44-1.06L14.17 1 7.59 7.59C7.22 7.95 7 8.45 7 9v10c0 1.1.9 2 2 2h9c.83 0 1.54-.5 1.84-1.22l3.02-7.05c.09-.23.14-.47.14-.73v-1.91l-.01-.01L23 10z"></path></svg>
Rating Star</title><path d="M12 17.27L18.18 21l-1.64-7.03L22 9.24l-7.19-.61L12 2 9.19 8.63 2 9.24l5.46 4.73L5.82 21z"></path></svg>
Rating Star</title><path d="M12 17.27L18.18 21l-1.64-7.03L22 9.24l-7.19-.61L12 2 9.19 8.63 2 9.24l5.46 4.73L5.82 21z"></path></svg>
Rating Star</title><path d="M12 17.27L18.18 21l-1.64-7.03L22 9.24l-7.19-.61L12 2 9.19 8.63 2 9.24l5.46 4.73L5.82 21z"></path></svg>
Rating Star</title><path d="M12 17.27L18.18 21l-1.64-7.03L22 9.24l-7.19-.61L12 2 9.19 8.63 2 9.24l5.46 4.73L5.82 21z"></path></svg>
Rating Star</title><path d="M12 17.27L18.18 21l-1.64-7.03L22 9.24l-7.19-.61L12 2 9.19 8.63 2 9.24l5.46 4.73L5.82 21z"></path></svg>
Thumb Up</title><path d="M1 21h4V9H1v12zm22-11c0-1.1-.9-2-2-2h-6.31l.95-4.57.03-.32c0-.41-.17-.79-.44-1.06L14.17 1 7.59 7.59C7.22 7.95 7 8.45 7 9v10c0 1.1.9 2 2 2h9c.83 0 1.54-.5 1.84-1.22l3.02-7.05c.09-.23.14-.47.14-.73v-1.91l-.01-.01L23 10z"></path></svg>
Rating Star</title><path d="M12 17.27L18.18 21l-1.64-7.03L22 9.24l-7.19-.61L12 2 9.19 8.63 2 9.24l5.46 4.73L5.82 21z"></path></svg>
Rating Star</title><path d="M12 17.27L18.18 21l-1.64-7.03L22 9.24l-7.19-.61L12 2 9.19 8.63 2 9.24l5.46 4.73L5.82 21z"></path></svg>
Rating Star</title><path d="M12 17.27L18.18 21l-1.64-7.03L22 9.24l-7.19-.61L12 2 9.19 8.63 2 9.24l5.46 4.73L5.82 21z"></path></svg>
Rating Star</title><path d="M12 17.27L18.18 21l-1.64-7.03L22 9.24l-7.19-.61L12 2 9.19 8.63 2 9.24l5.46 4.73L5.82 21z"></path></svg>
Rating Star</title><path d="M12 17.27L18.18 21l-1.64-7.03L22 9.24l-7.19-.61L12 2 9.19 8.63 2 9.24l5.46 4.73L5.82 21z"></path></svg>
Thumb Up</title><path d="M1 21h4V9H1v12zm22-11c0-1.1-.9-2-2-2h-6.31l.95-4.57.03-.32c0-.41-.17-.79-.44-1.06L14.17 1 7.59 7.59C7.22 7.95 7 8.45 7 9v10c0 1.1.9 2 2 2h9c.83 0 1.54-.5 1.84-1.22l3.02-7.05c.09-.23.14-.47.14-.73v-1.91l-.01-.01L23 10z"></path></svg>
Rating Star</title><path d="M12 17.27L18.18 21l-1.64-7.03L22 9.24l-7.19-.61L12 2 9.19 8.63 2 9.24l5.46 4.73L5.82 21z"></path></svg>
Rating Star</title><path d="M12 17.27L18.18 21l-1.64-7.03L22 9.24l-7.19-.61L12 2 9.19 8.63 2 9.24l5.46 4.73L5.82 21z"></path></svg>
Rating Star</title><path d="M12 17.27L18.18 21l-1.64-7.03L22 9.24l-7.19-.61L12 2 9.19 8.63 2 9.24l5.46 4.73L5.82 21z"></path></svg>
Rating Star</title><path d="M12 17.27L18.18 21l-1.64-7.03L22 9.24l-7.19-.61L12 2 9.19 8.63 2 9.24l5.46 4.73L5.82 21z"></path></svg>
Rating Star</title><path d="M12 17.27L18.18 21l-1.64-7.03L22 9.24l-7.19-.61L12 2 9.19 8.63 2 9.24l5.46 4.73L5.82 21z"></path></svg>
Thumb Up</title><path d="M1 21h4V9H1v12zm22-11c0-1.1-.9-2-2-2h-6.31l.95-4.57.03-.32c0-.41-.17-.79-.44-1.06L14.17 1 7.59 7.59C7.22 7.95 7 8.45 7 9v10c0 1.1.9 2 2 2h9c.83 0 1.54-.5 1.84-1.22l3.02-7.05c.09-.23.14-.47.14-.73v-1.91l-.01-.01L23 10z"></path></svg>
Rating Star</title><path d="M12 17.27L18.18 21l-1.64-7.03L22 9.24l-7.19-.61L12 2 9.19 8.63 2 9.24l5.46 4.73L5.82 21z"></path></svg>
Rating Star</title><path d="M12 17.27L18.18 21l-1.64-7.03L22 9.24l-7.19-.61L12 2 9.19 8.63 2 9.24l5.46 4.73L5.82 21z"></path></svg>
Rating Star</title><path d="M12 17.27L18.18 21l-1.64-7.03L22 9.24l-7.19-.61L12 2 9.19 8.63 2 9.24l5.46 4.73L5.82 21z"></path></svg>
Rating Star</title><path d="M12 17.27L18.18 21l-1.64-7.03L22 9.24l-7.19-.61L12 2 9.19 8.63 2 9.24l5.46 4.73L5.82 21z"></path></svg>
Rating Star</title><path d="M12 17.27L18.18 21l-1.64-7.03L22 9.24l-7.19-.61L12 2 9.19 8.63 2 9.24l5.46 4.73L5.82 21z"></path></svg>
Thumb Up</title><path d="M1 21h4V9H1v12zm22-11c0-1.1-.9-2-2-2h-6.31l.95-4.57.03-.32c0-.41-.17-.79-.44-1.06L14.17 1 7.59 7.59C7.22 7.95 7 8.45 7 9v10c0 1.1.9 2 2 2h9c.83 0 1.54-.5 1.84-1.22l3.02-7.05c.09-.23.14-.47.14-.73v-1.91l-.01-.01L23 10z"></path></svg>
Rating Star</title><path d="M12 17.27L18.18 21l-1.64-7.03L22 9.24l-7.19-.61L12 2 9.19 8.63 2 9.24l5.46 4.73L5.82 21z"></path></svg>
Rating Star</title><path d="M12 17.27L18.18 21l-1.64-7.03L22 9.24l-7.19-.61L12 2 9.19 8.63 2 9.24l5.46 4.73L5.82 21z"></path></svg>
Rating Star</title><path d="M12 17.27L18.18 21l-1.64-7.03L22 9.24l-7.19-.61L12 2 9.19 8.63 2 9.24l5.46 4.73L5.82 21z"></path></svg>
Rating Star</title><path d="M12 17.27L18.18 21l-1.64-7.03L22 9.24l-7.19-.61L12 2 9.19 8.63 2 9.24l5.46 4.73L5.82 21z"></path></svg>
Rating Star</title><path d="M12 17.27L18.18 21l-1.64-7.03L22 9.24l-7.19-.61L12 2 9.19 8.63 2 9.24l5.46 4.73L5.82 21z"></path></svg>
Close</title><path fill="#F0F1F3" d="M14 1.41L12.59 0 7 5.59 1.41 0 0 1.41 5.59 7 0 12.59 1.41 14 7 8.41 12.59 14 14 12.59 8.41 7z"/></svg>
Close</title><path fill="#F0F1F3" d="M14 1.41L12.59 0 7 5.59 1.41 0 0 1.41 5.59 7 0 12.59 1.41 14 7 8.41 12.59 14 14 12.59 8.41 7z"/></svg>							
aadfc9afc53003afb3fb4533dfbd173c	turkish	Turkish Rissoles 	1 pound ground lamb |1 pound ground beef |1 teaspoon salt |1 teaspoon ground black pepper |1 tablespoon ground cumin |2 teaspoons ground sweet paprika |3 tablespoons tomato paste |2 onions, peeled and cut into chunks |4 cloves garlic, peeled |1 tablespoon olive oil |1/4 bunch fresh parsley, chopped |3 tablespoons all-purpose flour |2 small eggs |	381	9900.0	25100.0	28.2	548	142
92db2e8fc68630572fd932907e372b49	turkish	Turkish Coffee 	1 1/4 cups cold milk |2 1/2 tablespoons finely ground Turkish-style coffee |5 teaspoons white sugar, or to taste |	48	7300.0	1200.0	2.1	27	5
86336fcc69d65393a569ee7a2f14ecbb	turkish	Zucchini Salad with Yogurt and Walnuts 	2 tablespoons olive oil |2 zucchini, grated |2 cups plain yogurt |2 tablespoons walnuts, chopped |salt and pepper to taste |	170	11100.0	11200.0	7.7	92	7
2af6d205b99fc458dba337bcc7893109	turkish	Turkish Marinade 	1/4 cup olive oil |1/2 lemon, juiced |1/4 teaspoon tomato paste |1/2 medium onion, grated, juice reserved |1/2 cup milk |	572	16900.0	56600.0	5.3	66	10
20864c601a351414e3a92652398f51dc	turkish	Kobete Chicken 
Down Triangle</title><path d="M0 63.75l127.5 127.5L255 63.75z"/></svg>
Down</title><path d="M12 2L10.59.59 6 5.17 1.41.59 0 2l6 6z"/></svg>
Previous</title>
Down Triangle</title><path d="M0 63.75l127.5 127.5L255 63.75z"/></svg>
Down</title><path d="M12 2L10.59.59 6 5.17 1.41.59 0 2l6 6z"/></svg>
Previous</title>
Close</title><path fill="#F0F1F3" d="M14 1.41L12.59 0 7 5.59 1.41 0 0 1.41 5.59 7 0 12.59 1.41 14 7 8.41 12.59 14 14 12.59 8.41 7z"/></svg>
Down</title><path d="M12 2L10.59.59 6 5.17 1.41.59 0 2l6 6z"/></svg>
Previous</title>
Next</title>
Next</title>
Next</title>
Down</title><path d="M12 2L10.59.59 6 5.17 1.41.59 0 2l6 6z"/></svg>
Previous</title>
Down</title><path d="M12 2L10.59.59 6 5.17 1.41.59 0 2l6 6z"/></svg>
Previous</title>
Down</title><path d="M12 2L10.59.59 6 5.17 1.41.59 0 2l6 6z"/></svg>
Previous</title>
Down</title><path d="M12 2L10.59.59 6 5.17 1.41.59 0 2l6 6z"/></svg>
Previous</title>
Down</title><path d="M12 2L10.59.59 6 5.17 1.41.59 0 2l6 6z"/></svg>
Previous</title>
Down</title><path d="M12 2L10.59.59 6 5.17 1.41.59 0 2l6 6z"/></svg>
Previous</title>
Down</title><path d="M12 2L10.59.59 6 5.17 1.41.59 0 2l6 6z"/></svg>
Previous</title>
Down</title><path d="M12 2L10.59.59 6 5.17 1.41.59 0 2l6 6z"/></svg>
Previous</title>
Down</title><path d="M12 2L10.59.59 6 5.17 1.41.59 0 2l6 6z"/></svg>
Previous</title>
Down</title><path d="M12 2L10.59.59 6 5.17 1.41.59 0 2l6 6z"/></svg>
Previous</title>
Down</title><path d="M12 2L10.59.59 6 5.17 1.41.59 0 2l6 6z"/></svg>
Previous</title>
Down</title><path d="M12 2L10.59.59 6 5.17 1.41.59 0 2l6 6z"/></svg>
Previous</title>
Down</title><path d="M12 2L10.59.59 6 5.17 1.41.59 0 2l6 6z"/></svg>
Previous</title>
Down</title><path d="M12 2L10.59.59 6 5.17 1.41.59 0 2l6 6z"/></svg>
Previous</title>
Down</title><path d="M12 2L10.59.59 6 5.17 1.41.59 0 2l6 6z"/></svg>
Previous</title>
Down Triangle</title><path d="M0 63.75l127.5 127.5L255 63.75z"/></svg>
Down</title><path d="M12 2L10.59.59 6 5.17 1.41.59 0 2l6 6z"/></svg>
Previous</title>
Down Triangle</title><path d="M0 63.75l127.5 127.5L255 63.75z"/></svg>
Down</title><path d="M12 2L10.59.59 6 5.17 1.41.59 0 2l6 6z"/></svg>
Previous</title>
Chevron Right</title><path d="M8.578 16.359l4.594-4.594-4.594-4.594 1.406-1.406 6 6-6 6z"></path></svg>
Chevron Right</title><path d="M8.578 16.359l4.594-4.594-4.594-4.594 1.406-1.406 6 6-6 6z"></path></svg>
Chevron Right</title><path d="M8.578 16.359l4.594-4.594-4.594-4.594 1.406-1.406 6 6-6 6z"></path></svg>
Chevron Right</title><path d="M8.578 16.359l4.594-4.594-4.594-4.594 1.406-1.406 6 6-6 6z"></path></svg>
Chevron Right</title><path d="M8.578 16.359l4.594-4.594-4.594-4.594 1.406-1.406 6 6-6 6z"></path></svg>
Rating Star</title><path d="M12 17.27L18.18 21l-1.64-7.03L22 9.24l-7.19-.61L12 2 9.19 8.63 2 9.24l5.46 4.73L5.82 21z"></path></svg>
Rating Star</title><path d="M12 17.27L18.18 21l-1.64-7.03L22 9.24l-7.19-.61L12 2 9.19 8.63 2 9.24l5.46 4.73L5.82 21z"></path></svg>
Rating Star</title><path d="M12 17.27L18.18 21l-1.64-7.03L22 9.24l-7.19-.61L12 2 9.19 8.63 2 9.24l5.46 4.73L5.82 21z"></path></svg>
Rating Star</title><path d="M12 17.27L18.18 21l-1.64-7.03L22 9.24l-7.19-.61L12 2 9.19 8.63 2 9.24l5.46 4.73L5.82 21z"></path></svg>
Rating Star</title><path d="M12 17.27L18.18 21l-1.64-7.03L22 9.24l-7.19-.61L12 2 9.19 8.63 2 9.24l5.46 4.73L5.82 21z"></path></svg>
Down Triangle</title><path d="M0 63.75l127.5 127.5L255 63.75z"/></svg>
Rating Star</title><path d="M12 17.27L18.18 21l-1.64-7.03L22 9.24l-7.19-.61L12 2 9.19 8.63 2 9.24l5.46 4.73L5.82 21z"></path></svg>
Rating Star</title><path d="M12 17.27L18.18 21l-1.64-7.03L22 9.24l-7.19-.61L12 2 9.19 8.63 2 9.24l5.46 4.73L5.82 21z"></path></svg>
Rating Star</title><path d="M12 17.27L18.18 21l-1.64-7.03L22 9.24l-7.19-.61L12 2 9.19 8.63 2 9.24l5.46 4.73L5.82 21z"></path></svg>
ellipsis</title><path d="M10.001 7.8c-1.215 0-2.201 0.985-2.201 2.2s0.986 2.2 2.201 2.2c1.215 0 2.199-0.985 2.199-2.2s-0.984-2.2-2.199-2.2zM3.001 7.8c-1.215 0-2.201 0.985-2.201 2.2s0.986 2.2 2.201 2.2c1.215 0 2.199-0.986 2.199-2.2s-0.984-2.2-2.199-2.2zM17.001 7.8c-1.215 0-2.201 0.985-2.201 2.2s0.986 2.2 2.201 2.2c1.215 0 2.199-0.985 2.199-2.2s-0.984-2.2-2.199-2.2z"></path></svg>
Mail</title><path d="M20.016 8.016v-2.016l-8.016 5.016-8.016-5.016v2.016l8.016 4.969zM20.016 3.984c1.078 0 1.969 0.938 1.969 2.016v12c0 1.078-0.891 2.016-1.969 2.016h-16.031c-1.078 0-1.969-0.938-1.969-2.016v-12c0-1.078 0.891-2.016 1.969-2.016h16.031z"></path></svg>
iphone</title><path d="M15.984 18v-14.016h-9v14.016h9zM11.484 21.984c0.844 0 1.5-0.656 1.5-1.5s-0.656-1.5-1.5-1.5-1.5 0.656-1.5 1.5 0.656 1.5 1.5 1.5zM15.516 0.984c1.359 0 2.484 1.172 2.484 2.531v16.969c0 1.359-1.125 2.531-2.484 2.531h-8.016c-1.359 0-2.484-1.172-2.484-2.531v-16.969c0-1.359 1.125-2.531 2.484-2.531h8.016z"></path></svg>
Image zoom</title>
Rate Review</title><path id="a" d="M12.726 10.694L9.998 9.267l-2.719 1.43.52-3.025-2.205-2.15 3.04-.446L9.998 2.32l1.363 2.756 3.042.44-2.196 2.15.52 3.028zM18.236 0H1.761C.001 0 .001 1.606.001 1.606V12.16s-.057 1.587 1.524 1.587h1.638v5.476l5.475-5.476h9.836c1.579 0 1.526-1.587 1.526-1.587V1.606S20 0 18.236 0z"/></svg>
Rating Star</title><path d="M12 17.27L18.18 21l-1.64-7.03L22 9.24l-7.19-.61L12 2 9.19 8.63 2 9.24l5.46 4.73L5.82 21z"></path></svg>
Rating Star</title><path d="M12 17.27L18.18 21l-1.64-7.03L22 9.24l-7.19-.61L12 2 9.19 8.63 2 9.24l5.46 4.73L5.82 21z"></path></svg>
Rating Star</title><path d="M12 17.27L18.18 21l-1.64-7.03L22 9.24l-7.19-.61L12 2 9.19 8.63 2 9.24l5.46 4.73L5.82 21z"></path></svg>
Rating Star</title><path d="M12 17.27L18.18 21l-1.64-7.03L22 9.24l-7.19-.61L12 2 9.19 8.63 2 9.24l5.46 4.73L5.82 21z"></path></svg>
Rating Star</title><path d="M12 17.27L18.18 21l-1.64-7.03L22 9.24l-7.19-.61L12 2 9.19 8.63 2 9.24l5.46 4.73L5.82 21z"></path></svg>
Thumb Up</title><path d="M1 21h4V9H1v12zm22-11c0-1.1-.9-2-2-2h-6.31l.95-4.57.03-.32c0-.41-.17-.79-.44-1.06L14.17 1 7.59 7.59C7.22 7.95 7 8.45 7 9v10c0 1.1.9 2 2 2h9c.83 0 1.54-.5 1.84-1.22l3.02-7.05c.09-.23.14-.47.14-.73v-1.91l-.01-.01L23 10z"></path></svg>
Rating Star</title><path d="M12 17.27L18.18 21l-1.64-7.03L22 9.24l-7.19-.61L12 2 9.19 8.63 2 9.24l5.46 4.73L5.82 21z"></path></svg>
Rating Star</title><path d="M12 17.27L18.18 21l-1.64-7.03L22 9.24l-7.19-.61L12 2 9.19 8.63 2 9.24l5.46 4.73L5.82 21z"></path></svg>
Rating Star</title><path d="M12 17.27L18.18 21l-1.64-7.03L22 9.24l-7.19-.61L12 2 9.19 8.63 2 9.24l5.46 4.73L5.82 21z"></path></svg>
Rating Star</title><path d="M12 17.27L18.18 21l-1.64-7.03L22 9.24l-7.19-.61L12 2 9.19 8.63 2 9.24l5.46 4.73L5.82 21z"></path></svg>
Rating Star</title><path d="M12 17.27L18.18 21l-1.64-7.03L22 9.24l-7.19-.61L12 2 9.19 8.63 2 9.24l5.46 4.73L5.82 21z"></path></svg>
Thumb Up</title><path d="M1 21h4V9H1v12zm22-11c0-1.1-.9-2-2-2h-6.31l.95-4.57.03-.32c0-.41-.17-.79-.44-1.06L14.17 1 7.59 7.59C7.22 7.95 7 8.45 7 9v10c0 1.1.9 2 2 2h9c.83 0 1.54-.5 1.84-1.22l3.02-7.05c.09-.23.14-.47.14-.73v-1.91l-.01-.01L23 10z"></path></svg>
Rating Star</title><path d="M12 17.27L18.18 21l-1.64-7.03L22 9.24l-7.19-.61L12 2 9.19 8.63 2 9.24l5.46 4.73L5.82 21z"></path></svg>
Rating Star</title><path d="M12 17.27L18.18 21l-1.64-7.03L22 9.24l-7.19-.61L12 2 9.19 8.63 2 9.24l5.46 4.73L5.82 21z"></path></svg>
Rating Star</title><path d="M12 17.27L18.18 21l-1.64-7.03L22 9.24l-7.19-.61L12 2 9.19 8.63 2 9.24l5.46 4.73L5.82 21z"></path></svg>
Rating Star</title><path d="M12 17.27L18.18 21l-1.64-7.03L22 9.24l-7.19-.61L12 2 9.19 8.63 2 9.24l5.46 4.73L5.82 21z"></path></svg>
Rating Star</title><path d="M12 17.27L18.18 21l-1.64-7.03L22 9.24l-7.19-.61L12 2 9.19 8.63 2 9.24l5.46 4.73L5.82 21z"></path></svg>
Rating Star</title><path d="M12 17.27L18.18 21l-1.64-7.03L22 9.24l-7.19-.61L12 2 9.19 8.63 2 9.24l5.46 4.73L5.82 21z"></path></svg>
Rating Star</title><path d="M12 17.27L18.18 21l-1.64-7.03L22 9.24l-7.19-.61L12 2 9.19 8.63 2 9.24l5.46 4.73L5.82 21z"></path></svg>
Rating Star</title><path d="M12 17.27L18.18 21l-1.64-7.03L22 9.24l-7.19-.61L12 2 9.19 8.63 2 9.24l5.46 4.73L5.82 21z"></path></svg>
Thumb Up</title><path d="M1 21h4V9H1v12zm22-11c0-1.1-.9-2-2-2h-6.31l.95-4.57.03-.32c0-.41-.17-.79-.44-1.06L14.17 1 7.59 7.59C7.22 7.95 7 8.45 7 9v10c0 1.1.9 2 2 2h9c.83 0 1.54-.5 1.84-1.22l3.02-7.05c.09-.23.14-.47.14-.73v-1.91l-.01-.01L23 10z"></path></svg>
Rating Star</title><path d="M12 17.27L18.18 21l-1.64-7.03L22 9.24l-7.19-.61L12 2 9.19 8.63 2 9.24l5.46 4.73L5.82 21z"></path></svg>
Rating Star</title><path d="M12 17.27L18.18 21l-1.64-7.03L22 9.24l-7.19-.61L12 2 9.19 8.63 2 9.24l5.46 4.73L5.82 21z"></path></svg>
Rating Star</title><path d="M12 17.27L18.18 21l-1.64-7.03L22 9.24l-7.19-.61L12 2 9.19 8.63 2 9.24l5.46 4.73L5.82 21z"></path></svg>
Rating Star</title><path d="M12 17.27L18.18 21l-1.64-7.03L22 9.24l-7.19-.61L12 2 9.19 8.63 2 9.24l5.46 4.73L5.82 21z"></path></svg>
Rating Star</title><path d="M12 17.27L18.18 21l-1.64-7.03L22 9.24l-7.19-.61L12 2 9.19 8.63 2 9.24l5.46 4.73L5.82 21z"></path></svg>
Thumb Up</title><path d="M1 21h4V9H1v12zm22-11c0-1.1-.9-2-2-2h-6.31l.95-4.57.03-.32c0-.41-.17-.79-.44-1.06L14.17 1 7.59 7.59C7.22 7.95 7 8.45 7 9v10c0 1.1.9 2 2 2h9c.83 0 1.54-.5 1.84-1.22l3.02-7.05c.09-.23.14-.47.14-.73v-1.91l-.01-.01L23 10z"></path></svg>
Rating Star</title><path d="M12 17.27L18.18 21l-1.64-7.03L22 9.24l-7.19-.61L12 2 9.19 8.63 2 9.24l5.46 4.73L5.82 21z"></path></svg>
Rating Star</title><path d="M12 17.27L18.18 21l-1.64-7.03L22 9.24l-7.19-.61L12 2 9.19 8.63 2 9.24l5.46 4.73L5.82 21z"></path></svg>
Rating Star</title><path d="M12 17.27L18.18 21l-1.64-7.03L22 9.24l-7.19-.61L12 2 9.19 8.63 2 9.24l5.46 4.73L5.82 21z"></path></svg>
Rating Star</title><path d="M12 17.27L18.18 21l-1.64-7.03L22 9.24l-7.19-.61L12 2 9.19 8.63 2 9.24l5.46 4.73L5.82 21z"></path></svg>
Rating Star</title><path d="M12 17.27L18.18 21l-1.64-7.03L22 9.24l-7.19-.61L12 2 9.19 8.63 2 9.24l5.46 4.73L5.82 21z"></path></svg>
Thumb Up</title><path d="M1 21h4V9H1v12zm22-11c0-1.1-.9-2-2-2h-6.31l.95-4.57.03-.32c0-.41-.17-.79-.44-1.06L14.17 1 7.59 7.59C7.22 7.95 7 8.45 7 9v10c0 1.1.9 2 2 2h9c.83 0 1.54-.5 1.84-1.22l3.02-7.05c.09-.23.14-.47.14-.73v-1.91l-.01-.01L23 10z"></path></svg>
Previous</title>
Close</title><path fill="#F0F1F3" d="M14 1.41L12.59 0 7 5.59 1.41 0 0 1.41 5.59 7 0 12.59 1.41 14 7 8.41 12.59 14 14 12.59 8.41 7z"/></svg>
Close</title><path fill="#F0F1F3" d="M14 1.41L12.59 0 7 5.59 1.41 0 0 1.41 5.59 7 0 12.59 1.41 14 7 8.41 12.59 14 14 12.59 8.41 7z"/></svg>
Rating Star</title><path d="M12 17.27L18.18 21l-1.64-7.03L22 9.24l-7.19-.61L12 2 9.19 8.63 2 9.24l5.46 4.73L5.82 21z"></path></svg>
Rating Star</title><path d="M12 17.27L18.18 21l-1.64-7.03L22 9.24l-7.19-.61L12 2 9.19 8.63 2 9.24l5.46 4.73L5.82 21z"></path></svg>
Rating Star</title><path d="M12 17.27L18.18 21l-1.64-7.03L22 9.24l-7.19-.61L12 2 9.19 8.63 2 9.24l5.46 4.73L5.82 21z"></path></svg>
Rating Star</title><path d="M12 17.27L18.18 21l-1.64-7.03L22 9.24l-7.19-.61L12 2 9.19 8.63 2 9.24l5.46 4.73L5.82 21z"></path></svg>
Rating Star</title><path d="M12 17.27L18.18 21l-1.64-7.03L22 9.24l-7.19-.61L12 2 9.19 8.63 2 9.24l5.46 4.73L5.82 21z"></path></svg>
Thumb Up</title><path d="M1 21h4V9H1v12zm22-11c0-1.1-.9-2-2-2h-6.31l.95-4.57.03-.32c0-.41-.17-.79-.44-1.06L14.17 1 7.59 7.59C7.22 7.95 7 8.45 7 9v10c0 1.1.9 2 2 2h9c.83 0 1.54-.5 1.84-1.22l3.02-7.05c.09-.23.14-.47.14-.73v-1.91l-.01-.01L23 10z"></path></svg>
Rating Star</title><path d="M12 17.27L18.18 21l-1.64-7.03L22 9.24l-7.19-.61L12 2 9.19 8.63 2 9.24l5.46 4.73L5.82 21z"></path></svg>
Rating Star</title><path d="M12 17.27L18.18 21l-1.64-7.03L22 9.24l-7.19-.61L12 2 9.19 8.63 2 9.24l5.46 4.73L5.82 21z"></path></svg>
Rating Star</title><path d="M12 17.27L18.18 21l-1.64-7.03L22 9.24l-7.19-.61L12 2 9.19 8.63 2 9.24l5.46 4.73L5.82 21z"></path></svg>
Rating Star</title><path d="M12 17.27L18.18 21l-1.64-7.03L22 9.24l-7.19-.61L12 2 9.19 8.63 2 9.24l5.46 4.73L5.82 21z"></path></svg>
Rating Star</title><path d="M12 17.27L18.18 21l-1.64-7.03L22 9.24l-7.19-.61L12 2 9.19 8.63 2 9.24l5.46 4.73L5.82 21z"></path></svg>
Thumb Up</title><path d="M1 21h4V9H1v12zm22-11c0-1.1-.9-2-2-2h-6.31l.95-4.57.03-.32c0-.41-.17-.79-.44-1.06L14.17 1 7.59 7.59C7.22 7.95 7 8.45 7 9v10c0 1.1.9 2 2 2h9c.83 0 1.54-.5 1.84-1.22l3.02-7.05c.09-.23.14-.47.14-.73v-1.91l-.01-.01L23 10z"></path></svg>
Rating Star</title><path d="M12 17.27L18.18 21l-1.64-7.03L22 9.24l-7.19-.61L12 2 9.19 8.63 2 9.24l5.46 4.73L5.82 21z"></path></svg>
Rating Star</title><path d="M12 17.27L18.18 21l-1.64-7.03L22 9.24l-7.19-.61L12 2 9.19 8.63 2 9.24l5.46 4.73L5.82 21z"></path></svg>
Rating Star</title><path d="M12 17.27L18.18 21l-1.64-7.03L22 9.24l-7.19-.61L12 2 9.19 8.63 2 9.24l5.46 4.73L5.82 21z"></path></svg>
Rating Star</title><path d="M12 17.27L18.18 21l-1.64-7.03L22 9.24l-7.19-.61L12 2 9.19 8.63 2 9.24l5.46 4.73L5.82 21z"></path></svg>
Rating Star</title><path d="M12 17.27L18.18 21l-1.64-7.03L22 9.24l-7.19-.61L12 2 9.19 8.63 2 9.24l5.46 4.73L5.82 21z"></path></svg>
Thumb Up</title><path d="M1 21h4V9H1v12zm22-11c0-1.1-.9-2-2-2h-6.31l.95-4.57.03-.32c0-.41-.17-.79-.44-1.06L14.17 1 7.59 7.59C7.22 7.95 7 8.45 7 9v10c0 1.1.9 2 2 2h9c.83 0 1.54-.5 1.84-1.22l3.02-7.05c.09-.23.14-.47.14-.73v-1.91l-.01-.01L23 10z"></path></svg>
Close</title><path fill="#F0F1F3" d="M14 1.41L12.59 0 7 5.59 1.41 0 0 1.41 5.59 7 0 12.59 1.41 14 7 8.41 12.59 14 14 12.59 8.41 7z"/></svg>
Close</title><path fill="#F0F1F3" d="M14 1.41L12.59 0 7 5.59 1.41 0 0 1.41 5.59 7 0 12.59 1.41 14 7 8.41 12.59 14 14 12.59 8.41 7z"/></svg>							
2270dbc8948b6aaa19ef2db30a3071b6	turkish	Tava 	2 pounds beef stew meat, cut into 1/2 inch pieces |1 small red onion, diced |1 medium green bell pepper, seeded and diced |2 fresh tomatoes, diced |1 green chile pepper, seeded and diced (optional) |1/2 teaspoon chile paste |	599	6800.0	43900.0	42.6	138	152
d20dab2b239ce8da0269870a47116c6f	turkish	Anatolian Bulgur Pilav 	3 tablespoons olive oil |1 onion, minced |1 ripe tomato, cut into small cubes |3 cups beef broth |2 cups bulgur, rinsed |salt and ground black pepper, or to taste |1/2 cup cooked green lentils |1/3 cup cooked chickpeas |1 bunch fresh mint, chopped |	323	53100.0	8100.0	12.8	446	0
ea83fc054bf160c759e69b9685b67ae5	turkish	Ashure 	1/2 cup dry garbanzo beans |1/2 cup dry white beans |2 cups fine bulgur |1/2 cup raisins |15 cups water |3 cups white sugar |1/4 cup dried apricots |1/4 cup orange peel, chopped |5 whole cloves |2 tablespoons sesame seeds, toasted |2 tablespoons chopped walnuts |2 tablespoons chopped pistachio nuts |2 tablespoons dried currants |1 tablespoon ground cinnamon |	389	87500.0	3100.0	7.6	24	0
0eac43040f6bfbc81e09cd88e20914bb	turkish	Easy Turkish Delight 	3 cups water |2 cups white sugar |1/4 cup unflavored gelatin |1 1/2 cups confectioners&#39; sugar, sifted |2/3 cup corn flour |1/4 teaspoon cream of tartar |1/2 teaspoon rose water |3 drops pink food coloring, or as desired |3/4 cup confectioners&#39; sugar, sifted |	87	21500.0	0	0.8	2	0
de38e176115a302713493548794b11b9	turkish	Ground Chicken With Walnuts 	1 (4 pound) chicken, cut into pieces |1 medium whole potato, peeled |1 small whole onion, peeled |1 small whole carrot, peeled |4 cups water |1 1/2 teaspoons salt |2 (1 inch thick) slices stale French bread, crusts removed |14 ounces walnuts, ground |2 cloves garlic, crushed |2 teaspoons ground red pepper |1 teaspoon salt |	691	14100.0	53400.0	41.2	754	136
c339b97d7a9b475e37631f484ba9f0af	turkish	Roasted Red Pepper Salad 	2 large eggplants |6 red bell peppers |1 cup plain yogurt |2 cloves garlic, minced |1 tablespoon olive oil |salt to taste |	415	70000	11000	17	114	7
68a80521248415c060ab6ed00e5ef6e2	turkish	Vegan Turkish Red Lentil Soup 	2 tablespoons olive oil |2 large onions, chopped |2 teaspoons salt, divided |2 sprigs fresh thyme |8 cloves garlic, minced |2 teaspoons ground cumin |2 Turkish bay leaves |6 cups vegetable broth |1 (28 ounce) can crushed tomatoes |2 cups red lentils, picked over and rinsed |1 1/2 tablespoons tomato paste |2 tablespoons dried oregano |1 teaspoon ground black pepper |2 cups water |4 tablespoons chopped flat-leaf parsley |1 lemon, sliced into wedges |	285	47300.0	5500.0	16.4	1092	0
a7ab0b437729fc84a7e7bad5093100cb	turkish	Turkish Vegetarian Eggplant Appetizer with Garlic and Walnuts 	extra-virgin olive oil, or as needed |2 pounds eggplants, sliced |3 tablespoons white wine vinegar |salt to taste |7 cloves garlic, minced |1 bunch chopped fresh flat-leaf parsley |1/3 cup chopped walnuts |	259	17000	21100.0	4.6	54	0
2af9aa122318de270323719a02b96123	turkish	Rose Water Turkish Delight 	cooking spray |2 cups white sugar |1 cup water |3 (.25 ounce) envelopes unflavored gelatin |2 teaspoons rose water |1 dash red food coloring, or desired amount |1 cup confectioners&#39; sugar |	70	17300.0	0	0.6	2	0
d49131e5b09932932cde7109ef99aea0	turkish	Easy 5-Ingredient Pumpkin Soup 	2 pounds pumpkin, peeled and cubed |4 cups chicken broth, divided |1 teaspoon sugar, or more to taste |salt and freshly ground black pepper to taste |1 (5.3 ounce) container Greek yogurt |	128	18400.0	4400.0	5.6	1228	14
724246efc9eaee03a3e7ec30453ce570	turkish	Rose Water Gelees 	1 teaspoon vegetable oil, or to taste |1 2/3 cups cold water, divided |7 teaspoons unflavored gelatin |2 1/3 cups white sugar |3 tablespoons strained fresh lemon juice |4 teaspoons rose water |2 drops red food coloring |1 tablespoon cornstarch, or as needed |	30	7500.0	100.0	0.2	&lt;1	0
e824b37ac0bfc11ad02138479ac444f0	turkish	Azeri Yogurt-Marinated Chicken Thighs 	1 cup plain Greek yogurt |2 teaspoons garlic powder |2 teaspoons onion powder |1 teaspoon ground turmeric |1 teaspoon cinnamon |1 teaspoon paprika |1 teaspoon dried tarragon |1 teaspoon dried mint |1 teaspoon crushed red pepper flakes |1 large orange, juiced |2 pounds chicken thighs |	206	5500.0	10700.0	21.2	82	76
95e8875a6eab578813df99de606ff479	turkish	Turkish Stuffed Eggplant (Karniyarik) 	2 1/2 tablespoons olive oil, divided |4 medium eggplants |1 yellow onion, diced |1 pinch salt |1 pound ground lamb |4 cloves garlic, crushed |1 teaspoon freshly ground black pepper |1 teaspoon ground cumin |1/2 teaspoon ground cinnamon |1/4 teaspoon cayenne pepper |1/2 teaspoon dried rosemary |1/4 cup chopped fresh flat-leaf parsley |2 tablespoons tomato paste |1 1/2 teaspoons kosher salt, divided |3/4 cup diced poblano peppers |3/4 cup diced Fresno chile peppers |1 cup freshly grated Pecorino Romano cheese (optional) |1 cup chicken broth |	587	41100.0	33500.0	36.4	1553	108
0329db1384d9ea04d8b32dea9d4225e3	turkish	Turkish Walnut Soup 	1 cup shelled walnuts |1 tablespoon olive oil |3 shallots, chopped |3 cloves garlic, chopped |2 oranges, zested and juiced |1 pinch ground cinnamon |4 cups vegetable stock |1/2 cup plain yogurt |salt and ground black pepper to taste |1/4 cup chopped cilantro |	256	14200.0	20800.0	6.9	302	2
41d071c1138f56b96f299c0cd90e18a2	turkish	Irmik Helvasi (Turkish Semolina Halva) 	5 cups water |3 cups white sugar |2 cups butter |2 1/2 cups semolina flour |1/2 cup pine nuts |	497	50800.0	33600.0	1.7	221	81
8a808fc4a65a2f1a3f762f04d363cfa0	turkish	Vegan Turkish Baked Eggplant 	2 small eggplants, sliced into 1/4-inch rounds |salt to taste |1/4 cup extra-virgin olive oil |1 large onion, chopped |1 red bell pepper, seeded and chopped |1 clove garlic, crushed |2 ounces oil-packed sun-dried tomatoes, drained and chopped |2 tablespoons tomato paste |1 teaspoon red wine vinegar |1/2 teaspoon white sugar |ground black pepper to taste |2 tablespoons toasted pine nuts, or to taste |2 tablespoons fresh cilantro leaves, or to taste |	257	21500.0	18700.0	4.6	147	0
4a5bb08891c4b612f57491fcea25234c	turkish	Antalyan Piyaz for Ramadan 	2 cups dry great Northern beans |water to cover |2 tomatoes, peeled and diced |10 small sweet onions, peeled |1/4 cup olive oil |1/4 cup white vinegar |1/4 cup tahini |4 cloves garlic, minced |1/2 teaspoon salt |1/2 teaspoon ground black pepper |1/2 cup finely chopped parsley |3 hard-boiled eggs, quartered |1 lemons, sliced, or more to taste |	337	42300.0	13500.0	15.3	195	79
21a840c6081079bf8c25134df9e2e1a9	turkish	Lentil Balls 	1 3/4 cups water |1 cup red lentils |3/4 cup fine bulgur (cracked wheat) |3 tablespoons olive oil |7 spring onions, finely chopped, or more to taste |1 1/2 tablespoons tomato paste |1/2 bunch parsley, minced |1/2 lemon, juiced |1 1/2 teaspoons red pepper flakes |1 teaspoon ground cumin |1 teaspoon salt |	208	29200.0	6800.0	9.6	372	0
2c5e6cc2c9cc27d57b7474d6f18679c9	turkish	Kadin Buddu Kofta (Turkish Meatballs) 	1 1/4 pounds ground lamb |1/2 cup cooked rice |1 tablespoon salt |2 teaspoons garam masala |1 teaspoon ground black pepper |1 tablespoon chopped fresh dill |1 egg |1/4 cup all-purpose flour |1/4 cup oil, or more as needed |	379	10100.0	27600.0	21.8	1476	113
a541d12ba4ecf72067271400427aecac	turkish	Arugula Salad with Sumac 	1 small onion, chopped |1 teaspoon sumac powder |2 cups coarsely chopped arugula |1 tomato, diced |2 teaspoons olive oil |2 teaspoons vinegar (optional) |1 teaspoon pomegranate syrup |salt to taste |	75	6900.0	5100.0	1.5	88	0
19d7c8971d325d15731f749278b65b90	turkish	Ezogelin Soup (Vegan Turkish Soup with Lentils and Bulgur) 	2 tablespoons olive oil, or more to taste |1 onion, finely chopped |salt to taste |1 teaspoon ground cayenne pepper |1 tablespoon tomato paste |8 cups water |3/4 cup red lentils |1/4 cup white rice |1/4 cup fine bulgur |1 clove garlic, minced (optional) |2 teaspoons crushed dried mint |	283	42700.0	7800.0	12.2	94	0
2e025ae83a5247fd2f03a091f49652c4	turkish	Meze Fava Beans 	3 tablespoons olive oil |1/2 onion, chopped |1 1/2 pounds fresh fava beans, shelled |2 tablespoons water |1 teaspoon all-purpose flour |1 cup boiling water |1 teaspoon lemon juice |1/2 teaspoon white sugar |salt to taste |1/2 cup chopped fresh dill |	229	34400.0	4300.0	15	22	0
2a8d939072e05ace37dcba4ae527ac1f	turkish	Simit (Turkish Sesame Bread Rings) 	1/2 cup sesame seeds |4 cups all-purpose flour |1 (.25 ounce) package active dry yeast |1 teaspoon salt |5 tablespoons water |5 tablespoons milk |1/4 cup unsalted butter, melted |1/4 cup olive oil |1 egg, lightly beaten |	405	50600.0	18400.0	9.5	346	36
49789081aa1bf3bff5fdcad5fc1878a1	turkish	Authentic Turkish Doner Kebab 	1 teaspoon all-purpose flour |1 teaspoon dried oregano |1/2 teaspoon salt |1/2 teaspoon garlic powder |1/2 teaspoon onion powder |1/2 teaspoon dried Italian herb seasoning |1/4 teaspoon ground black pepper |1/4 teaspoon cayenne pepper |1 1/4 pounds ground lamb |	283	1500.0	19300.0	24.4	370	95
612293af3dcc29e4ad011da5d1fcef25	turkish	Vegan Turkish Freekeh Salad (Firik Salatasi) 	3/4 cup freekeh |1 cup water |1/2 teaspoon salt |3 tablespoons extra-virgin olive oil, or more to taste |1 lemon, zested and juiced |1 yellow bell pepper, finely chopped |1 bunch green onions, finely chopped |1 small bunch fresh flat-leaf parsley leaves, chopped |4 sprigs fresh mint, chopped |2 tablespoons pomegranate seeds, or to taste (optional) |4 lettuce leaves |	262	37000	11800.0	7.4	311	0
