d4c6a31f7f381e181878e5dc5f49509a	austrian	Linzer Tarts 	1 1/4 cups unsalted butter, softened |2/3 cup white sugar |2 cups sifted all purpose flour, divided |1 3/4 cups ground almonds |1/8 teaspoon ground cinnamon |5 tablespoons raspberry jam |1/3 cup confectioners&#39; sugar for decoration |	442	39900.0	29900.0	6.8	3	51
4a58346ee5d718558e972e5bdda8a7ed	austrian	Wiener Schnitzel 	2 pounds veal |1 cup all-purpose flour |4 eggs |1 tablespoon vegetable oil |salt and pepper to taste |4 cups bread crumbs |1/8 cup oil for frying |	435	51000	12400.0	27.4	479	169
6a740dafcfe45f15c5e9bad55242ffb9	austrian	Vienna Schnitzel 	1 quart oil for deep frying |6 (6 ounce) fillets pork sirloin |1 cup cake flour |2 cups dry bread crumbs |2 eggs |1/4 cup milk |salt and pepper to taste |	542	45100.0	25000	31.9	333	130
736771bd8e73a6730c13effce6620509	austrian	Knodel 
Down Triangle</title><path d="M0 63.75l127.5 127.5L255 63.75z"/></svg>
Down</title><path d="M12 2L10.59.59 6 5.17 1.41.59 0 2l6 6z"/></svg>
Previous</title>
Down Triangle</title><path d="M0 63.75l127.5 127.5L255 63.75z"/></svg>
Down</title><path d="M12 2L10.59.59 6 5.17 1.41.59 0 2l6 6z"/></svg>
Previous</title>
Close</title><path fill="#F0F1F3" d="M14 1.41L12.59 0 7 5.59 1.41 0 0 1.41 5.59 7 0 12.59 1.41 14 7 8.41 12.59 14 14 12.59 8.41 7z"/></svg>
Down</title><path d="M12 2L10.59.59 6 5.17 1.41.59 0 2l6 6z"/></svg>
Previous</title>
Next</title>
Next</title>
Next</title>
Down</title><path d="M12 2L10.59.59 6 5.17 1.41.59 0 2l6 6z"/></svg>
Previous</title>
Down</title><path d="M12 2L10.59.59 6 5.17 1.41.59 0 2l6 6z"/></svg>
Previous</title>
Down</title><path d="M12 2L10.59.59 6 5.17 1.41.59 0 2l6 6z"/></svg>
Previous</title>
Down</title><path d="M12 2L10.59.59 6 5.17 1.41.59 0 2l6 6z"/></svg>
Previous</title>
Down</title><path d="M12 2L10.59.59 6 5.17 1.41.59 0 2l6 6z"/></svg>
Previous</title>
Down</title><path d="M12 2L10.59.59 6 5.17 1.41.59 0 2l6 6z"/></svg>
Previous</title>
Down</title><path d="M12 2L10.59.59 6 5.17 1.41.59 0 2l6 6z"/></svg>
Previous</title>
Down</title><path d="M12 2L10.59.59 6 5.17 1.41.59 0 2l6 6z"/></svg>
Previous</title>
Down</title><path d="M12 2L10.59.59 6 5.17 1.41.59 0 2l6 6z"/></svg>
Previous</title>
Down</title><path d="M12 2L10.59.59 6 5.17 1.41.59 0 2l6 6z"/></svg>
Previous</title>
Down</title><path d="M12 2L10.59.59 6 5.17 1.41.59 0 2l6 6z"/></svg>
Previous</title>
Down</title><path d="M12 2L10.59.59 6 5.17 1.41.59 0 2l6 6z"/></svg>
Previous</title>
Down</title><path d="M12 2L10.59.59 6 5.17 1.41.59 0 2l6 6z"/></svg>
Previous</title>
Down</title><path d="M12 2L10.59.59 6 5.17 1.41.59 0 2l6 6z"/></svg>
Previous</title>
Down</title><path d="M12 2L10.59.59 6 5.17 1.41.59 0 2l6 6z"/></svg>
Previous</title>
Down Triangle</title><path d="M0 63.75l127.5 127.5L255 63.75z"/></svg>
Down</title><path d="M12 2L10.59.59 6 5.17 1.41.59 0 2l6 6z"/></svg>
Previous</title>
Down Triangle</title><path d="M0 63.75l127.5 127.5L255 63.75z"/></svg>
Down</title><path d="M12 2L10.59.59 6 5.17 1.41.59 0 2l6 6z"/></svg>
Previous</title>
Chevron Right</title><path d="M8.578 16.359l4.594-4.594-4.594-4.594 1.406-1.406 6 6-6 6z"></path></svg>
Chevron Right</title><path d="M8.578 16.359l4.594-4.594-4.594-4.594 1.406-1.406 6 6-6 6z"></path></svg>
Chevron Right</title><path d="M8.578 16.359l4.594-4.594-4.594-4.594 1.406-1.406 6 6-6 6z"></path></svg>
Chevron Right</title><path d="M8.578 16.359l4.594-4.594-4.594-4.594 1.406-1.406 6 6-6 6z"></path></svg>
Rating Star</title><path d="M12 17.27L18.18 21l-1.64-7.03L22 9.24l-7.19-.61L12 2 9.19 8.63 2 9.24l5.46 4.73L5.82 21z"></path></svg>
Rating Star</title><path d="M12 17.27L18.18 21l-1.64-7.03L22 9.24l-7.19-.61L12 2 9.19 8.63 2 9.24l5.46 4.73L5.82 21z"></path></svg>
Rating Star</title><path d="M12 17.27L18.18 21l-1.64-7.03L22 9.24l-7.19-.61L12 2 9.19 8.63 2 9.24l5.46 4.73L5.82 21z"></path></svg>
Rating Star</title><path d="M12 17.27L18.18 21l-1.64-7.03L22 9.24l-7.19-.61L12 2 9.19 8.63 2 9.24l5.46 4.73L5.82 21z"></path></svg>
Rating Star</title><path d="M12 17.27L18.18 21l-1.64-7.03L22 9.24l-7.19-.61L12 2 9.19 8.63 2 9.24l5.46 4.73L5.82 21z"></path></svg>
Down Triangle</title><path d="M0 63.75l127.5 127.5L255 63.75z"/></svg>
Rating Star</title><path d="M12 17.27L18.18 21l-1.64-7.03L22 9.24l-7.19-.61L12 2 9.19 8.63 2 9.24l5.46 4.73L5.82 21z"></path></svg>
Rating Star</title><path d="M12 17.27L18.18 21l-1.64-7.03L22 9.24l-7.19-.61L12 2 9.19 8.63 2 9.24l5.46 4.73L5.82 21z"></path></svg>
Rating Star</title><path d="M12 17.27L18.18 21l-1.64-7.03L22 9.24l-7.19-.61L12 2 9.19 8.63 2 9.24l5.46 4.73L5.82 21z"></path></svg>
ellipsis</title><path d="M10.001 7.8c-1.215 0-2.201 0.985-2.201 2.2s0.986 2.2 2.201 2.2c1.215 0 2.199-0.985 2.199-2.2s-0.984-2.2-2.199-2.2zM3.001 7.8c-1.215 0-2.201 0.985-2.201 2.2s0.986 2.2 2.201 2.2c1.215 0 2.199-0.986 2.199-2.2s-0.984-2.2-2.199-2.2zM17.001 7.8c-1.215 0-2.201 0.985-2.201 2.2s0.986 2.2 2.201 2.2c1.215 0 2.199-0.985 2.199-2.2s-0.984-2.2-2.199-2.2z"></path></svg>
Mail</title><path d="M20.016 8.016v-2.016l-8.016 5.016-8.016-5.016v2.016l8.016 4.969zM20.016 3.984c1.078 0 1.969 0.938 1.969 2.016v12c0 1.078-0.891 2.016-1.969 2.016h-16.031c-1.078 0-1.969-0.938-1.969-2.016v-12c0-1.078 0.891-2.016 1.969-2.016h16.031z"></path></svg>
iphone</title><path d="M15.984 18v-14.016h-9v14.016h9zM11.484 21.984c0.844 0 1.5-0.656 1.5-1.5s-0.656-1.5-1.5-1.5-1.5 0.656-1.5 1.5 0.656 1.5 1.5 1.5zM15.516 0.984c1.359 0 2.484 1.172 2.484 2.531v16.969c0 1.359-1.125 2.531-2.484 2.531h-8.016c-1.359 0-2.484-1.172-2.484-2.531v-16.969c0-1.359 1.125-2.531 2.484-2.531h8.016z"></path></svg>
Image zoom</title>
Rate Review</title><path id="a" d="M12.726 10.694L9.998 9.267l-2.719 1.43.52-3.025-2.205-2.15 3.04-.446L9.998 2.32l1.363 2.756 3.042.44-2.196 2.15.52 3.028zM18.236 0H1.761C.001 0 .001 1.606.001 1.606V12.16s-.057 1.587 1.524 1.587h1.638v5.476l5.475-5.476h9.836c1.579 0 1.526-1.587 1.526-1.587V1.606S20 0 18.236 0z"/></svg>
Rating Star</title><path d="M12 17.27L18.18 21l-1.64-7.03L22 9.24l-7.19-.61L12 2 9.19 8.63 2 9.24l5.46 4.73L5.82 21z"></path></svg>
Rating Star</title><path d="M12 17.27L18.18 21l-1.64-7.03L22 9.24l-7.19-.61L12 2 9.19 8.63 2 9.24l5.46 4.73L5.82 21z"></path></svg>
Rating Star</title><path d="M12 17.27L18.18 21l-1.64-7.03L22 9.24l-7.19-.61L12 2 9.19 8.63 2 9.24l5.46 4.73L5.82 21z"></path></svg>
Rating Star</title><path d="M12 17.27L18.18 21l-1.64-7.03L22 9.24l-7.19-.61L12 2 9.19 8.63 2 9.24l5.46 4.73L5.82 21z"></path></svg>
Rating Star</title><path d="M12 17.27L18.18 21l-1.64-7.03L22 9.24l-7.19-.61L12 2 9.19 8.63 2 9.24l5.46 4.73L5.82 21z"></path></svg>
Thumb Up</title><path d="M1 21h4V9H1v12zm22-11c0-1.1-.9-2-2-2h-6.31l.95-4.57.03-.32c0-.41-.17-.79-.44-1.06L14.17 1 7.59 7.59C7.22 7.95 7 8.45 7 9v10c0 1.1.9 2 2 2h9c.83 0 1.54-.5 1.84-1.22l3.02-7.05c.09-.23.14-.47.14-.73v-1.91l-.01-.01L23 10z"></path></svg>
Rating Star</title><path d="M12 17.27L18.18 21l-1.64-7.03L22 9.24l-7.19-.61L12 2 9.19 8.63 2 9.24l5.46 4.73L5.82 21z"></path></svg>
Rating Star</title><path d="M12 17.27L18.18 21l-1.64-7.03L22 9.24l-7.19-.61L12 2 9.19 8.63 2 9.24l5.46 4.73L5.82 21z"></path></svg>
Rating Star</title><path d="M12 17.27L18.18 21l-1.64-7.03L22 9.24l-7.19-.61L12 2 9.19 8.63 2 9.24l5.46 4.73L5.82 21z"></path></svg>
Rating Star</title><path d="M12 17.27L18.18 21l-1.64-7.03L22 9.24l-7.19-.61L12 2 9.19 8.63 2 9.24l5.46 4.73L5.82 21z"></path></svg>
Rating Star</title><path d="M12 17.27L18.18 21l-1.64-7.03L22 9.24l-7.19-.61L12 2 9.19 8.63 2 9.24l5.46 4.73L5.82 21z"></path></svg>
Thumb Up</title><path d="M1 21h4V9H1v12zm22-11c0-1.1-.9-2-2-2h-6.31l.95-4.57.03-.32c0-.41-.17-.79-.44-1.06L14.17 1 7.59 7.59C7.22 7.95 7 8.45 7 9v10c0 1.1.9 2 2 2h9c.83 0 1.54-.5 1.84-1.22l3.02-7.05c.09-.23.14-.47.14-.73v-1.91l-.01-.01L23 10z"></path></svg>
Rating Star</title><path d="M12 17.27L18.18 21l-1.64-7.03L22 9.24l-7.19-.61L12 2 9.19 8.63 2 9.24l5.46 4.73L5.82 21z"></path></svg>
Rating Star</title><path d="M12 17.27L18.18 21l-1.64-7.03L22 9.24l-7.19-.61L12 2 9.19 8.63 2 9.24l5.46 4.73L5.82 21z"></path></svg>
Rating Star</title><path d="M12 17.27L18.18 21l-1.64-7.03L22 9.24l-7.19-.61L12 2 9.19 8.63 2 9.24l5.46 4.73L5.82 21z"></path></svg>
Rating Star</title><path d="M12 17.27L18.18 21l-1.64-7.03L22 9.24l-7.19-.61L12 2 9.19 8.63 2 9.24l5.46 4.73L5.82 21z"></path></svg>
Rating Star</title><path d="M12 17.27L18.18 21l-1.64-7.03L22 9.24l-7.19-.61L12 2 9.19 8.63 2 9.24l5.46 4.73L5.82 21z"></path></svg>
Rating Star</title><path d="M12 17.27L18.18 21l-1.64-7.03L22 9.24l-7.19-.61L12 2 9.19 8.63 2 9.24l5.46 4.73L5.82 21z"></path></svg>
Rating Star</title><path d="M12 17.27L18.18 21l-1.64-7.03L22 9.24l-7.19-.61L12 2 9.19 8.63 2 9.24l5.46 4.73L5.82 21z"></path></svg>
Rating Star</title><path d="M12 17.27L18.18 21l-1.64-7.03L22 9.24l-7.19-.61L12 2 9.19 8.63 2 9.24l5.46 4.73L5.82 21z"></path></svg>
Thumb Up</title><path d="M1 21h4V9H1v12zm22-11c0-1.1-.9-2-2-2h-6.31l.95-4.57.03-.32c0-.41-.17-.79-.44-1.06L14.17 1 7.59 7.59C7.22 7.95 7 8.45 7 9v10c0 1.1.9 2 2 2h9c.83 0 1.54-.5 1.84-1.22l3.02-7.05c.09-.23.14-.47.14-.73v-1.91l-.01-.01L23 10z"></path></svg>
Rating Star</title><path d="M12 17.27L18.18 21l-1.64-7.03L22 9.24l-7.19-.61L12 2 9.19 8.63 2 9.24l5.46 4.73L5.82 21z"></path></svg>
Rating Star</title><path d="M12 17.27L18.18 21l-1.64-7.03L22 9.24l-7.19-.61L12 2 9.19 8.63 2 9.24l5.46 4.73L5.82 21z"></path></svg>
Rating Star</title><path d="M12 17.27L18.18 21l-1.64-7.03L22 9.24l-7.19-.61L12 2 9.19 8.63 2 9.24l5.46 4.73L5.82 21z"></path></svg>
Rating Star</title><path d="M12 17.27L18.18 21l-1.64-7.03L22 9.24l-7.19-.61L12 2 9.19 8.63 2 9.24l5.46 4.73L5.82 21z"></path></svg>
Rating Star</title><path d="M12 17.27L18.18 21l-1.64-7.03L22 9.24l-7.19-.61L12 2 9.19 8.63 2 9.24l5.46 4.73L5.82 21z"></path></svg>
Thumb Up</title><path d="M1 21h4V9H1v12zm22-11c0-1.1-.9-2-2-2h-6.31l.95-4.57.03-.32c0-.41-.17-.79-.44-1.06L14.17 1 7.59 7.59C7.22 7.95 7 8.45 7 9v10c0 1.1.9 2 2 2h9c.83 0 1.54-.5 1.84-1.22l3.02-7.05c.09-.23.14-.47.14-.73v-1.91l-.01-.01L23 10z"></path></svg>
Rating Star</title><path d="M12 17.27L18.18 21l-1.64-7.03L22 9.24l-7.19-.61L12 2 9.19 8.63 2 9.24l5.46 4.73L5.82 21z"></path></svg>
Rating Star</title><path d="M12 17.27L18.18 21l-1.64-7.03L22 9.24l-7.19-.61L12 2 9.19 8.63 2 9.24l5.46 4.73L5.82 21z"></path></svg>
Rating Star</title><path d="M12 17.27L18.18 21l-1.64-7.03L22 9.24l-7.19-.61L12 2 9.19 8.63 2 9.24l5.46 4.73L5.82 21z"></path></svg>
Rating Star</title><path d="M12 17.27L18.18 21l-1.64-7.03L22 9.24l-7.19-.61L12 2 9.19 8.63 2 9.24l5.46 4.73L5.82 21z"></path></svg>
Rating Star</title><path d="M12 17.27L18.18 21l-1.64-7.03L22 9.24l-7.19-.61L12 2 9.19 8.63 2 9.24l5.46 4.73L5.82 21z"></path></svg>
Thumb Up</title><path d="M1 21h4V9H1v12zm22-11c0-1.1-.9-2-2-2h-6.31l.95-4.57.03-.32c0-.41-.17-.79-.44-1.06L14.17 1 7.59 7.59C7.22 7.95 7 8.45 7 9v10c0 1.1.9 2 2 2h9c.83 0 1.54-.5 1.84-1.22l3.02-7.05c.09-.23.14-.47.14-.73v-1.91l-.01-.01L23 10z"></path></svg>
Rating Star</title><path d="M12 17.27L18.18 21l-1.64-7.03L22 9.24l-7.19-.61L12 2 9.19 8.63 2 9.24l5.46 4.73L5.82 21z"></path></svg>
Rating Star</title><path d="M12 17.27L18.18 21l-1.64-7.03L22 9.24l-7.19-.61L12 2 9.19 8.63 2 9.24l5.46 4.73L5.82 21z"></path></svg>
Rating Star</title><path d="M12 17.27L18.18 21l-1.64-7.03L22 9.24l-7.19-.61L12 2 9.19 8.63 2 9.24l5.46 4.73L5.82 21z"></path></svg>
Rating Star</title><path d="M12 17.27L18.18 21l-1.64-7.03L22 9.24l-7.19-.61L12 2 9.19 8.63 2 9.24l5.46 4.73L5.82 21z"></path></svg>
Rating Star</title><path d="M12 17.27L18.18 21l-1.64-7.03L22 9.24l-7.19-.61L12 2 9.19 8.63 2 9.24l5.46 4.73L5.82 21z"></path></svg>
Thumb Up</title><path d="M1 21h4V9H1v12zm22-11c0-1.1-.9-2-2-2h-6.31l.95-4.57.03-.32c0-.41-.17-.79-.44-1.06L14.17 1 7.59 7.59C7.22 7.95 7 8.45 7 9v10c0 1.1.9 2 2 2h9c.83 0 1.54-.5 1.84-1.22l3.02-7.05c.09-.23.14-.47.14-.73v-1.91l-.01-.01L23 10z"></path></svg>
Rating Star</title><path d="M12 17.27L18.18 21l-1.64-7.03L22 9.24l-7.19-.61L12 2 9.19 8.63 2 9.24l5.46 4.73L5.82 21z"></path></svg>
Rating Star</title><path d="M12 17.27L18.18 21l-1.64-7.03L22 9.24l-7.19-.61L12 2 9.19 8.63 2 9.24l5.46 4.73L5.82 21z"></path></svg>
Rating Star</title><path d="M12 17.27L18.18 21l-1.64-7.03L22 9.24l-7.19-.61L12 2 9.19 8.63 2 9.24l5.46 4.73L5.82 21z"></path></svg>
Rating Star</title><path d="M12 17.27L18.18 21l-1.64-7.03L22 9.24l-7.19-.61L12 2 9.19 8.63 2 9.24l5.46 4.73L5.82 21z"></path></svg>
Rating Star</title><path d="M12 17.27L18.18 21l-1.64-7.03L22 9.24l-7.19-.61L12 2 9.19 8.63 2 9.24l5.46 4.73L5.82 21z"></path></svg>
Thumb Up</title><path d="M1 21h4V9H1v12zm22-11c0-1.1-.9-2-2-2h-6.31l.95-4.57.03-.32c0-.41-.17-.79-.44-1.06L14.17 1 7.59 7.59C7.22 7.95 7 8.45 7 9v10c0 1.1.9 2 2 2h9c.83 0 1.54-.5 1.84-1.22l3.02-7.05c.09-.23.14-.47.14-.73v-1.91l-.01-.01L23 10z"></path></svg>
Rating Star</title><path d="M12 17.27L18.18 21l-1.64-7.03L22 9.24l-7.19-.61L12 2 9.19 8.63 2 9.24l5.46 4.73L5.82 21z"></path></svg>
Rating Star</title><path d="M12 17.27L18.18 21l-1.64-7.03L22 9.24l-7.19-.61L12 2 9.19 8.63 2 9.24l5.46 4.73L5.82 21z"></path></svg>
Rating Star</title><path d="M12 17.27L18.18 21l-1.64-7.03L22 9.24l-7.19-.61L12 2 9.19 8.63 2 9.24l5.46 4.73L5.82 21z"></path></svg>
Rating Star</title><path d="M12 17.27L18.18 21l-1.64-7.03L22 9.24l-7.19-.61L12 2 9.19 8.63 2 9.24l5.46 4.73L5.82 21z"></path></svg>
Rating Star</title><path d="M12 17.27L18.18 21l-1.64-7.03L22 9.24l-7.19-.61L12 2 9.19 8.63 2 9.24l5.46 4.73L5.82 21z"></path></svg>
Thumb Up</title><path d="M1 21h4V9H1v12zm22-11c0-1.1-.9-2-2-2h-6.31l.95-4.57.03-.32c0-.41-.17-.79-.44-1.06L14.17 1 7.59 7.59C7.22 7.95 7 8.45 7 9v10c0 1.1.9 2 2 2h9c.83 0 1.54-.5 1.84-1.22l3.02-7.05c.09-.23.14-.47.14-.73v-1.91l-.01-.01L23 10z"></path></svg>
Rating Star</title><path d="M12 17.27L18.18 21l-1.64-7.03L22 9.24l-7.19-.61L12 2 9.19 8.63 2 9.24l5.46 4.73L5.82 21z"></path></svg>
Rating Star</title><path d="M12 17.27L18.18 21l-1.64-7.03L22 9.24l-7.19-.61L12 2 9.19 8.63 2 9.24l5.46 4.73L5.82 21z"></path></svg>
Rating Star</title><path d="M12 17.27L18.18 21l-1.64-7.03L22 9.24l-7.19-.61L12 2 9.19 8.63 2 9.24l5.46 4.73L5.82 21z"></path></svg>
Rating Star</title><path d="M12 17.27L18.18 21l-1.64-7.03L22 9.24l-7.19-.61L12 2 9.19 8.63 2 9.24l5.46 4.73L5.82 21z"></path></svg>
Rating Star</title><path d="M12 17.27L18.18 21l-1.64-7.03L22 9.24l-7.19-.61L12 2 9.19 8.63 2 9.24l5.46 4.73L5.82 21z"></path></svg>
Thumb Up</title><path d="M1 21h4V9H1v12zm22-11c0-1.1-.9-2-2-2h-6.31l.95-4.57.03-.32c0-.41-.17-.79-.44-1.06L14.17 1 7.59 7.59C7.22 7.95 7 8.45 7 9v10c0 1.1.9 2 2 2h9c.83 0 1.54-.5 1.84-1.22l3.02-7.05c.09-.23.14-.47.14-.73v-1.91l-.01-.01L23 10z"></path></svg>
Rating Star</title><path d="M12 17.27L18.18 21l-1.64-7.03L22 9.24l-7.19-.61L12 2 9.19 8.63 2 9.24l5.46 4.73L5.82 21z"></path></svg>
Rating Star</title><path d="M12 17.27L18.18 21l-1.64-7.03L22 9.24l-7.19-.61L12 2 9.19 8.63 2 9.24l5.46 4.73L5.82 21z"></path></svg>
Rating Star</title><path d="M12 17.27L18.18 21l-1.64-7.03L22 9.24l-7.19-.61L12 2 9.19 8.63 2 9.24l5.46 4.73L5.82 21z"></path></svg>
Rating Star</title><path d="M12 17.27L18.18 21l-1.64-7.03L22 9.24l-7.19-.61L12 2 9.19 8.63 2 9.24l5.46 4.73L5.82 21z"></path></svg>
Rating Star</title><path d="M12 17.27L18.18 21l-1.64-7.03L22 9.24l-7.19-.61L12 2 9.19 8.63 2 9.24l5.46 4.73L5.82 21z"></path></svg>
Thumb Up</title><path d="M1 21h4V9H1v12zm22-11c0-1.1-.9-2-2-2h-6.31l.95-4.57.03-.32c0-.41-.17-.79-.44-1.06L14.17 1 7.59 7.59C7.22 7.95 7 8.45 7 9v10c0 1.1.9 2 2 2h9c.83 0 1.54-.5 1.84-1.22l3.02-7.05c.09-.23.14-.47.14-.73v-1.91l-.01-.01L23 10z"></path></svg>
Rating Star</title><path d="M12 17.27L18.18 21l-1.64-7.03L22 9.24l-7.19-.61L12 2 9.19 8.63 2 9.24l5.46 4.73L5.82 21z"></path></svg>
Rating Star</title><path d="M12 17.27L18.18 21l-1.64-7.03L22 9.24l-7.19-.61L12 2 9.19 8.63 2 9.24l5.46 4.73L5.82 21z"></path></svg>
Rating Star</title><path d="M12 17.27L18.18 21l-1.64-7.03L22 9.24l-7.19-.61L12 2 9.19 8.63 2 9.24l5.46 4.73L5.82 21z"></path></svg>
Rating Star</title><path d="M12 17.27L18.18 21l-1.64-7.03L22 9.24l-7.19-.61L12 2 9.19 8.63 2 9.24l5.46 4.73L5.82 21z"></path></svg>
Rating Star</title><path d="M12 17.27L18.18 21l-1.64-7.03L22 9.24l-7.19-.61L12 2 9.19 8.63 2 9.24l5.46 4.73L5.82 21z"></path></svg>
Thumb Up</title><path d="M1 21h4V9H1v12zm22-11c0-1.1-.9-2-2-2h-6.31l.95-4.57.03-.32c0-.41-.17-.79-.44-1.06L14.17 1 7.59 7.59C7.22 7.95 7 8.45 7 9v10c0 1.1.9 2 2 2h9c.83 0 1.54-.5 1.84-1.22l3.02-7.05c.09-.23.14-.47.14-.73v-1.91l-.01-.01L23 10z"></path></svg>
Previous</title>
Close</title><path fill="#F0F1F3" d="M14 1.41L12.59 0 7 5.59 1.41 0 0 1.41 5.59 7 0 12.59 1.41 14 7 8.41 12.59 14 14 12.59 8.41 7z"/></svg>
Close</title><path fill="#F0F1F3" d="M14 1.41L12.59 0 7 5.59 1.41 0 0 1.41 5.59 7 0 12.59 1.41 14 7 8.41 12.59 14 14 12.59 8.41 7z"/></svg>
Rating Star</title><path d="M12 17.27L18.18 21l-1.64-7.03L22 9.24l-7.19-.61L12 2 9.19 8.63 2 9.24l5.46 4.73L5.82 21z"></path></svg>
Rating Star</title><path d="M12 17.27L18.18 21l-1.64-7.03L22 9.24l-7.19-.61L12 2 9.19 8.63 2 9.24l5.46 4.73L5.82 21z"></path></svg>
Rating Star</title><path d="M12 17.27L18.18 21l-1.64-7.03L22 9.24l-7.19-.61L12 2 9.19 8.63 2 9.24l5.46 4.73L5.82 21z"></path></svg>
Rating Star</title><path d="M12 17.27L18.18 21l-1.64-7.03L22 9.24l-7.19-.61L12 2 9.19 8.63 2 9.24l5.46 4.73L5.82 21z"></path></svg>
Rating Star</title><path d="M12 17.27L18.18 21l-1.64-7.03L22 9.24l-7.19-.61L12 2 9.19 8.63 2 9.24l5.46 4.73L5.82 21z"></path></svg>
Thumb Up</title><path d="M1 21h4V9H1v12zm22-11c0-1.1-.9-2-2-2h-6.31l.95-4.57.03-.32c0-.41-.17-.79-.44-1.06L14.17 1 7.59 7.59C7.22 7.95 7 8.45 7 9v10c0 1.1.9 2 2 2h9c.83 0 1.54-.5 1.84-1.22l3.02-7.05c.09-.23.14-.47.14-.73v-1.91l-.01-.01L23 10z"></path></svg>
Rating Star</title><path d="M12 17.27L18.18 21l-1.64-7.03L22 9.24l-7.19-.61L12 2 9.19 8.63 2 9.24l5.46 4.73L5.82 21z"></path></svg>
Rating Star</title><path d="M12 17.27L18.18 21l-1.64-7.03L22 9.24l-7.19-.61L12 2 9.19 8.63 2 9.24l5.46 4.73L5.82 21z"></path></svg>
Rating Star</title><path d="M12 17.27L18.18 21l-1.64-7.03L22 9.24l-7.19-.61L12 2 9.19 8.63 2 9.24l5.46 4.73L5.82 21z"></path></svg>
Rating Star</title><path d="M12 17.27L18.18 21l-1.64-7.03L22 9.24l-7.19-.61L12 2 9.19 8.63 2 9.24l5.46 4.73L5.82 21z"></path></svg>
Rating Star</title><path d="M12 17.27L18.18 21l-1.64-7.03L22 9.24l-7.19-.61L12 2 9.19 8.63 2 9.24l5.46 4.73L5.82 21z"></path></svg>
Thumb Up</title><path d="M1 21h4V9H1v12zm22-11c0-1.1-.9-2-2-2h-6.31l.95-4.57.03-.32c0-.41-.17-.79-.44-1.06L14.17 1 7.59 7.59C7.22 7.95 7 8.45 7 9v10c0 1.1.9 2 2 2h9c.83 0 1.54-.5 1.84-1.22l3.02-7.05c.09-.23.14-.47.14-.73v-1.91l-.01-.01L23 10z"></path></svg>
Rating Star</title><path d="M12 17.27L18.18 21l-1.64-7.03L22 9.24l-7.19-.61L12 2 9.19 8.63 2 9.24l5.46 4.73L5.82 21z"></path></svg>
Rating Star</title><path d="M12 17.27L18.18 21l-1.64-7.03L22 9.24l-7.19-.61L12 2 9.19 8.63 2 9.24l5.46 4.73L5.82 21z"></path></svg>
Rating Star</title><path d="M12 17.27L18.18 21l-1.64-7.03L22 9.24l-7.19-.61L12 2 9.19 8.63 2 9.24l5.46 4.73L5.82 21z"></path></svg>
Rating Star</title><path d="M12 17.27L18.18 21l-1.64-7.03L22 9.24l-7.19-.61L12 2 9.19 8.63 2 9.24l5.46 4.73L5.82 21z"></path></svg>
Rating Star</title><path d="M12 17.27L18.18 21l-1.64-7.03L22 9.24l-7.19-.61L12 2 9.19 8.63 2 9.24l5.46 4.73L5.82 21z"></path></svg>
Thumb Up</title><path d="M1 21h4V9H1v12zm22-11c0-1.1-.9-2-2-2h-6.31l.95-4.57.03-.32c0-.41-.17-.79-.44-1.06L14.17 1 7.59 7.59C7.22 7.95 7 8.45 7 9v10c0 1.1.9 2 2 2h9c.83 0 1.54-.5 1.84-1.22l3.02-7.05c.09-.23.14-.47.14-.73v-1.91l-.01-.01L23 10z"></path></svg>
Rating Star</title><path d="M12 17.27L18.18 21l-1.64-7.03L22 9.24l-7.19-.61L12 2 9.19 8.63 2 9.24l5.46 4.73L5.82 21z"></path></svg>
Rating Star</title><path d="M12 17.27L18.18 21l-1.64-7.03L22 9.24l-7.19-.61L12 2 9.19 8.63 2 9.24l5.46 4.73L5.82 21z"></path></svg>
Rating Star</title><path d="M12 17.27L18.18 21l-1.64-7.03L22 9.24l-7.19-.61L12 2 9.19 8.63 2 9.24l5.46 4.73L5.82 21z"></path></svg>
Rating Star</title><path d="M12 17.27L18.18 21l-1.64-7.03L22 9.24l-7.19-.61L12 2 9.19 8.63 2 9.24l5.46 4.73L5.82 21z"></path></svg>
Rating Star</title><path d="M12 17.27L18.18 21l-1.64-7.03L22 9.24l-7.19-.61L12 2 9.19 8.63 2 9.24l5.46 4.73L5.82 21z"></path></svg>
Thumb Up</title><path d="M1 21h4V9H1v12zm22-11c0-1.1-.9-2-2-2h-6.31l.95-4.57.03-.32c0-.41-.17-.79-.44-1.06L14.17 1 7.59 7.59C7.22 7.95 7 8.45 7 9v10c0 1.1.9 2 2 2h9c.83 0 1.54-.5 1.84-1.22l3.02-7.05c.09-.23.14-.47.14-.73v-1.91l-.01-.01L23 10z"></path></svg>
Rating Star</title><path d="M12 17.27L18.18 21l-1.64-7.03L22 9.24l-7.19-.61L12 2 9.19 8.63 2 9.24l5.46 4.73L5.82 21z"></path></svg>
Rating Star</title><path d="M12 17.27L18.18 21l-1.64-7.03L22 9.24l-7.19-.61L12 2 9.19 8.63 2 9.24l5.46 4.73L5.82 21z"></path></svg>
Rating Star</title><path d="M12 17.27L18.18 21l-1.64-7.03L22 9.24l-7.19-.61L12 2 9.19 8.63 2 9.24l5.46 4.73L5.82 21z"></path></svg>
Rating Star</title><path d="M12 17.27L18.18 21l-1.64-7.03L22 9.24l-7.19-.61L12 2 9.19 8.63 2 9.24l5.46 4.73L5.82 21z"></path></svg>
Rating Star</title><path d="M12 17.27L18.18 21l-1.64-7.03L22 9.24l-7.19-.61L12 2 9.19 8.63 2 9.24l5.46 4.73L5.82 21z"></path></svg>
Thumb Up</title><path d="M1 21h4V9H1v12zm22-11c0-1.1-.9-2-2-2h-6.31l.95-4.57.03-.32c0-.41-.17-.79-.44-1.06L14.17 1 7.59 7.59C7.22 7.95 7 8.45 7 9v10c0 1.1.9 2 2 2h9c.83 0 1.54-.5 1.84-1.22l3.02-7.05c.09-.23.14-.47.14-.73v-1.91l-.01-.01L23 10z"></path></svg>
Rating Star</title><path d="M12 17.27L18.18 21l-1.64-7.03L22 9.24l-7.19-.61L12 2 9.19 8.63 2 9.24l5.46 4.73L5.82 21z"></path></svg>
Rating Star</title><path d="M12 17.27L18.18 21l-1.64-7.03L22 9.24l-7.19-.61L12 2 9.19 8.63 2 9.24l5.46 4.73L5.82 21z"></path></svg>
Rating Star</title><path d="M12 17.27L18.18 21l-1.64-7.03L22 9.24l-7.19-.61L12 2 9.19 8.63 2 9.24l5.46 4.73L5.82 21z"></path></svg>
Rating Star</title><path d="M12 17.27L18.18 21l-1.64-7.03L22 9.24l-7.19-.61L12 2 9.19 8.63 2 9.24l5.46 4.73L5.82 21z"></path></svg>
Rating Star</title><path d="M12 17.27L18.18 21l-1.64-7.03L22 9.24l-7.19-.61L12 2 9.19 8.63 2 9.24l5.46 4.73L5.82 21z"></path></svg>
Thumb Up</title><path d="M1 21h4V9H1v12zm22-11c0-1.1-.9-2-2-2h-6.31l.95-4.57.03-.32c0-.41-.17-.79-.44-1.06L14.17 1 7.59 7.59C7.22 7.95 7 8.45 7 9v10c0 1.1.9 2 2 2h9c.83 0 1.54-.5 1.84-1.22l3.02-7.05c.09-.23.14-.47.14-.73v-1.91l-.01-.01L23 10z"></path></svg>
Rating Star</title><path d="M12 17.27L18.18 21l-1.64-7.03L22 9.24l-7.19-.61L12 2 9.19 8.63 2 9.24l5.46 4.73L5.82 21z"></path></svg>
Rating Star</title><path d="M12 17.27L18.18 21l-1.64-7.03L22 9.24l-7.19-.61L12 2 9.19 8.63 2 9.24l5.46 4.73L5.82 21z"></path></svg>
Rating Star</title><path d="M12 17.27L18.18 21l-1.64-7.03L22 9.24l-7.19-.61L12 2 9.19 8.63 2 9.24l5.46 4.73L5.82 21z"></path></svg>
Rating Star</title><path d="M12 17.27L18.18 21l-1.64-7.03L22 9.24l-7.19-.61L12 2 9.19 8.63 2 9.24l5.46 4.73L5.82 21z"></path></svg>
Rating Star</title><path d="M12 17.27L18.18 21l-1.64-7.03L22 9.24l-7.19-.61L12 2 9.19 8.63 2 9.24l5.46 4.73L5.82 21z"></path></svg>
Thumb Up</title><path d="M1 21h4V9H1v12zm22-11c0-1.1-.9-2-2-2h-6.31l.95-4.57.03-.32c0-.41-.17-.79-.44-1.06L14.17 1 7.59 7.59C7.22 7.95 7 8.45 7 9v10c0 1.1.9 2 2 2h9c.83 0 1.54-.5 1.84-1.22l3.02-7.05c.09-.23.14-.47.14-.73v-1.91l-.01-.01L23 10z"></path></svg>
Rating Star</title><path d="M12 17.27L18.18 21l-1.64-7.03L22 9.24l-7.19-.61L12 2 9.19 8.63 2 9.24l5.46 4.73L5.82 21z"></path></svg>
Rating Star</title><path d="M12 17.27L18.18 21l-1.64-7.03L22 9.24l-7.19-.61L12 2 9.19 8.63 2 9.24l5.46 4.73L5.82 21z"></path></svg>
Rating Star</title><path d="M12 17.27L18.18 21l-1.64-7.03L22 9.24l-7.19-.61L12 2 9.19 8.63 2 9.24l5.46 4.73L5.82 21z"></path></svg>
Rating Star</title><path d="M12 17.27L18.18 21l-1.64-7.03L22 9.24l-7.19-.61L12 2 9.19 8.63 2 9.24l5.46 4.73L5.82 21z"></path></svg>
Rating Star</title><path d="M12 17.27L18.18 21l-1.64-7.03L22 9.24l-7.19-.61L12 2 9.19 8.63 2 9.24l5.46 4.73L5.82 21z"></path></svg>
Thumb Up</title><path d="M1 21h4V9H1v12zm22-11c0-1.1-.9-2-2-2h-6.31l.95-4.57.03-.32c0-.41-.17-.79-.44-1.06L14.17 1 7.59 7.59C7.22 7.95 7 8.45 7 9v10c0 1.1.9 2 2 2h9c.83 0 1.54-.5 1.84-1.22l3.02-7.05c.09-.23.14-.47.14-.73v-1.91l-.01-.01L23 10z"></path></svg>
Rating Star</title><path d="M12 17.27L18.18 21l-1.64-7.03L22 9.24l-7.19-.61L12 2 9.19 8.63 2 9.24l5.46 4.73L5.82 21z"></path></svg>
Rating Star</title><path d="M12 17.27L18.18 21l-1.64-7.03L22 9.24l-7.19-.61L12 2 9.19 8.63 2 9.24l5.46 4.73L5.82 21z"></path></svg>
Rating Star</title><path d="M12 17.27L18.18 21l-1.64-7.03L22 9.24l-7.19-.61L12 2 9.19 8.63 2 9.24l5.46 4.73L5.82 21z"></path></svg>
Rating Star</title><path d="M12 17.27L18.18 21l-1.64-7.03L22 9.24l-7.19-.61L12 2 9.19 8.63 2 9.24l5.46 4.73L5.82 21z"></path></svg>
Rating Star</title><path d="M12 17.27L18.18 21l-1.64-7.03L22 9.24l-7.19-.61L12 2 9.19 8.63 2 9.24l5.46 4.73L5.82 21z"></path></svg>
Thumb Up</title><path d="M1 21h4V9H1v12zm22-11c0-1.1-.9-2-2-2h-6.31l.95-4.57.03-.32c0-.41-.17-.79-.44-1.06L14.17 1 7.59 7.59C7.22 7.95 7 8.45 7 9v10c0 1.1.9 2 2 2h9c.83 0 1.54-.5 1.84-1.22l3.02-7.05c.09-.23.14-.47.14-.73v-1.91l-.01-.01L23 10z"></path></svg>
Close</title><path fill="#F0F1F3" d="M14 1.41L12.59 0 7 5.59 1.41 0 0 1.41 5.59 7 0 12.59 1.41 14 7 8.41 12.59 14 14 12.59 8.41 7z"/></svg>
Close</title><path fill="#F0F1F3" d="M14 1.41L12.59 0 7 5.59 1.41 0 0 1.41 5.59 7 0 12.59 1.41 14 7 8.41 12.59 14 14 12.59 8.41 7z"/></svg>							
eb8f23972bc4fdbe7fdee5b546e7f5ac	austrian	Kaiserschmarrn 	1/4 cup raisins |1/4 cup rum |1 cup whole milk |5 eggs |1/4 cup white sugar |1/2 teaspoon vanilla extract |salt |1 cup all-purpose flour |2 tablespoons butter |1 tablespoon butter, melted |1/4 cup confectioners&#39; sugar, plus more for dusting |plum preserves for serving |	506	69500.0	16400.0	13.5	176	260
3eec92a12f1a2e92a9246395ba41f032	austrian	Dobos Torte 	9 egg whites |8 egg yolks |1 cup white sugar |1/4 cup milk |1 tablespoon lemon zest |1 pinch salt |1 1/2 teaspoons vanilla extract |1 1/2 cups sifted all-purpose flour |1/2 tablespoon shortening |1 cup white sugar |1 recipe Chocolate Buttercream |	242	46200.0	3700.0	6.3	49	137
2fa46492d02c6dcf3852490522225e5d	austrian	Sacher Torte 	4 ounces semi sweet chocolate (chopped) |1/2 cup butter, softened |1/4 cup confectioners&#39; sugar |2 teaspoons confectioners&#39; sugar |6 eggs, separated |1/2 cup white sugar |2 tablespoons white sugar |1 cup cake flour |1/4 cup water |1/4 cup white sugar |3 tablespoons dark rum, divided |1 (12 ounce) jar apricot preserves |1 tablespoon water |9 ounces semisweet chocolate, chopped |3 ounces heavy cream |	470	62800.0	22600.0	6.5	93	123
a30d6271decd96ec0f4d6ecdef1b361e	austrian	Austrian Pancake 	1 cup all-purpose flour |1/4 teaspoon salt |2 tablespoons sugar |1 cup milk |3 eggs |1 cup heavy cream |2 tablespoons margarine |	316	23300.0	21700.0	7.5	205	151
29696eee81cc4226b6ccb9affc111254	austrian	Potato Plum Dumplings 	4 large russet potatoes |1/2 teaspoon salt |1 tablespoon butter, softened |2 eggs, beaten |1/4 cup farina |1 cup all-purpose flour, or as needed |12 Italian prune plums |12 cubes white sugar |1/2 cup butter, melted |1/4 cup white sugar |1 cup dry bread crumbs |additional melted butter and sugar for garnish (optional) |	326	53000	10400.0	6.8	243	54
15e39109b435ad12b1325447c4cecf85	austrian	Gluehwein 	3/4 cup water |3/4 cup white sugar |1 cinnamon stick |1 orange |10 whole cloves |1 (750 milliliter) bottle red wine |						
87fee73116d6fa41345325a798a5b461	austrian	Viennese Crescent Holiday Cookies 	2 cups all-purpose flour |1 cup butter |1 cup hazelnuts, ground |1/2 cup sifted confectioners&#39; sugar |1/8 teaspoon salt |1 teaspoon vanilla extract |2 cups sifted confectioners&#39; sugar |1 vanilla bean |	95	11200.0	5300.0	0.9	33	10
cf7eb1bc9701fa77f4e53f72f66e54f1	austrian	Austrian Jam Cookies 	1/2 cup butter |1/2 cup white sugar |1 teaspoon vanilla extract |1 egg yolk |1 1/2 cups all-purpose flour |2/3 cup chopped almonds |1 cup raspberry jam |	88	13300.0	3600.0	1	19	12
55107a7128c8e1af09bb2e41f6f16b17	austrian	Austrian Chocolate Balls 	2 (1 ounce) squares unsweetened chocolate |1/3 cup butter |1 cup white sugar |1 egg |1 egg yolk |1/2 teaspoon almond extract |1 1/3 cups all-purpose flour |1/2 cup finely chopped walnuts |1 (1 ounce) square unsweetened chocolate |1 tablespoon butter |1/4 teaspoon vanilla extract |1 cup confectioners&#39; sugar |3 tablespoons milk |	82	11500.0	4000	1.1	15	14
df7ad65a54d410e8a9d651098c61bd98	austrian	Linzer Torte Cookies 	3/4 cup butter, softened |1 cup white sugar |1 egg |1 teaspoon lemon zest |2 cups all-purpose flour |3/4 cup blanched slivered almonds, ground |1 teaspoon ground cinnamon |1/8 teaspoon ground cloves |1 cup raspberry jam |	288	42000	12500.0	3.4	71	37
db099a8de9da8c145324a76383e22856	austrian	Chocolate Black Tea Cake 	4 eggs, separated |1 cup butter |1 2/3 cups white sugar |1 cup brewed black tea, cold |2 cups all-purpose flour |1 1/2 tablespoons baking powder |1/3 cup dry bread crumbs |1/3 cup unsweetened cocoa powder |1 cup chopped hazelnuts |	421	49300.0	23500.0	6.7	282	103
730b3bfaeaaf77a988de2f0be781c74e	austrian	Vanille Kipferl I 	2 cups all-purpose flour |1/3 cup white sugar |3/4 cup ground almonds |1 cup unsalted butter |1/4 cup vanilla sugar |1/4 cup confectioners&#39; sugar |	207	20000	13400.0	2.8	2	27
7aa60913f5f5323634f38498c89b0f98	austrian	Sugar Free Sour Cream Linzer Cookies 	1/2 cup butter |2 cups all-purpose flour |1 cup granulated artificial sweetener |1/3 cup sour cream |1 egg |1 teaspoon vanilla extract |1/2 teaspoon baking powder |1/4 teaspoon baking soda |2/3 cup ground almonds |1/2 cup raspberry preserves |	192	16200.0	8100.0	14.1	70	23
d0db85a8f51ed80b6b1296de259b27ef	austrian	Vanille Kipferl II 	2 1/8 cups all-purpose flour |1 pinch salt |7 tablespoons unsalted butter |1/2 cup confectioners&#39; sugar |1 egg |3 teaspoons vanilla sugar |1 1/4 cups ground almonds |6 tablespoons confectioners&#39; sugar |1 1/2 teaspoons vanilla sugar |	109	12200.0	5900.0	2.4	3	13
794f923a918ba890abaacde9e8dda17e	austrian	Austrian Peach Cookie 	1 cup white sugar |3/4 cup vegetable oil |1/2 cup milk |2 eggs |3/4 teaspoon baking powder |1/2 teaspoon vanilla extract |3 2/3 cups all-purpose flour |1 cup apricot preserves |1/2 cup chopped almonds |3 ounces cream cheese, softened |2 tablespoons instant tea powder |2 1/2 tablespoons brandy |3/4 teaspoon ground cinnamon |1/4 cup red decorator sugar |1/2 cup orange decorator sugar |	411	61900.0	15700.0	5.6	63	32
c4f778dd14f8bde199dfbdf96e1bcd8b	austrian	Strudel Dough 	2 1/2 cups all-purpose flour |1/2 teaspoon baking powder |1/2 teaspoon salt |1 tablespoon white sugar |3 eggs, well beaten |3 tablespoons vegetable oil |1/4 cup water |	49	7000	1600.0	1.4	43	16
7113f2c316e6696d81ea910c33fe4215	austrian	Austrian Tea Cakes 	1 cup butter, softened |1/4 cup powdered sugar |2 teaspoons vanilla extract |2 cups all-purpose flour |1/2 teaspoon salt |2 cups ground hazelnuts or almonds |powdered sugar for dusting |	81	6500.0	5800.0	1	52	10
34e1d62e2560fb48a23d4daff248bad0	austrian	Beef in Bay Leaf Gravy 	4 pounds rump roast |2 carrots, finely chopped |3 stalks celery, finely chopped |1 onion, finely chopped |1 cup white vinegar |2 cups water |1 bay leaf |salt to taste |1 (16 ounce) container sour cream |	620	5700.0	44400.0	47	164	163
91991f6d15b672d81b573326a87f500c	austrian	Sacher Torte 	4 ounces semi sweet chocolate (chopped) |1/2 cup butter, softened |1/4 cup confectioners&#39; sugar |2 teaspoons confectioners&#39; sugar |6 eggs, separated |1/2 cup white sugar |2 tablespoons white sugar |1 cup cake flour |1/4 cup water |1/4 cup white sugar |3 tablespoons dark rum, divided |1 (12 ounce) jar apricot preserves |1 tablespoon water |9 ounces semisweet chocolate, chopped |3 ounces heavy cream |	470	62800.0	22600.0	6.5	93	123
cc931942ddc8383afc93702e57190ff9	austrian	Knodel 
Down Triangle</title><path d="M0 63.75l127.5 127.5L255 63.75z"/></svg>
Down</title><path d="M12 2L10.59.59 6 5.17 1.41.59 0 2l6 6z"/></svg>
Previous</title>
Down Triangle</title><path d="M0 63.75l127.5 127.5L255 63.75z"/></svg>
Down</title><path d="M12 2L10.59.59 6 5.17 1.41.59 0 2l6 6z"/></svg>
Previous</title>
Close</title><path fill="#F0F1F3" d="M14 1.41L12.59 0 7 5.59 1.41 0 0 1.41 5.59 7 0 12.59 1.41 14 7 8.41 12.59 14 14 12.59 8.41 7z"/></svg>
Down</title><path d="M12 2L10.59.59 6 5.17 1.41.59 0 2l6 6z"/></svg>
Previous</title>
Next</title>
Next</title>
Next</title>
Down</title><path d="M12 2L10.59.59 6 5.17 1.41.59 0 2l6 6z"/></svg>
Previous</title>
Down</title><path d="M12 2L10.59.59 6 5.17 1.41.59 0 2l6 6z"/></svg>
Previous</title>
Down</title><path d="M12 2L10.59.59 6 5.17 1.41.59 0 2l6 6z"/></svg>
Previous</title>
Down</title><path d="M12 2L10.59.59 6 5.17 1.41.59 0 2l6 6z"/></svg>
Previous</title>
Down</title><path d="M12 2L10.59.59 6 5.17 1.41.59 0 2l6 6z"/></svg>
Previous</title>
Down</title><path d="M12 2L10.59.59 6 5.17 1.41.59 0 2l6 6z"/></svg>
Previous</title>
Down</title><path d="M12 2L10.59.59 6 5.17 1.41.59 0 2l6 6z"/></svg>
Previous</title>
Down</title><path d="M12 2L10.59.59 6 5.17 1.41.59 0 2l6 6z"/></svg>
Previous</title>
Down</title><path d="M12 2L10.59.59 6 5.17 1.41.59 0 2l6 6z"/></svg>
Previous</title>
Down</title><path d="M12 2L10.59.59 6 5.17 1.41.59 0 2l6 6z"/></svg>
Previous</title>
Down</title><path d="M12 2L10.59.59 6 5.17 1.41.59 0 2l6 6z"/></svg>
Previous</title>
Down</title><path d="M12 2L10.59.59 6 5.17 1.41.59 0 2l6 6z"/></svg>
Previous</title>
Down</title><path d="M12 2L10.59.59 6 5.17 1.41.59 0 2l6 6z"/></svg>
Previous</title>
Down</title><path d="M12 2L10.59.59 6 5.17 1.41.59 0 2l6 6z"/></svg>
Previous</title>
Down</title><path d="M12 2L10.59.59 6 5.17 1.41.59 0 2l6 6z"/></svg>
Previous</title>
Down Triangle</title><path d="M0 63.75l127.5 127.5L255 63.75z"/></svg>
Down</title><path d="M12 2L10.59.59 6 5.17 1.41.59 0 2l6 6z"/></svg>
Previous</title>
Down Triangle</title><path d="M0 63.75l127.5 127.5L255 63.75z"/></svg>
Down</title><path d="M12 2L10.59.59 6 5.17 1.41.59 0 2l6 6z"/></svg>
Previous</title>
Chevron Right</title><path d="M8.578 16.359l4.594-4.594-4.594-4.594 1.406-1.406 6 6-6 6z"></path></svg>
Chevron Right</title><path d="M8.578 16.359l4.594-4.594-4.594-4.594 1.406-1.406 6 6-6 6z"></path></svg>
Chevron Right</title><path d="M8.578 16.359l4.594-4.594-4.594-4.594 1.406-1.406 6 6-6 6z"></path></svg>
Chevron Right</title><path d="M8.578 16.359l4.594-4.594-4.594-4.594 1.406-1.406 6 6-6 6z"></path></svg>
Rating Star</title><path d="M12 17.27L18.18 21l-1.64-7.03L22 9.24l-7.19-.61L12 2 9.19 8.63 2 9.24l5.46 4.73L5.82 21z"></path></svg>
Rating Star</title><path d="M12 17.27L18.18 21l-1.64-7.03L22 9.24l-7.19-.61L12 2 9.19 8.63 2 9.24l5.46 4.73L5.82 21z"></path></svg>
Rating Star</title><path d="M12 17.27L18.18 21l-1.64-7.03L22 9.24l-7.19-.61L12 2 9.19 8.63 2 9.24l5.46 4.73L5.82 21z"></path></svg>
Rating Star</title><path d="M12 17.27L18.18 21l-1.64-7.03L22 9.24l-7.19-.61L12 2 9.19 8.63 2 9.24l5.46 4.73L5.82 21z"></path></svg>
Rating Star</title><path d="M12 17.27L18.18 21l-1.64-7.03L22 9.24l-7.19-.61L12 2 9.19 8.63 2 9.24l5.46 4.73L5.82 21z"></path></svg>
Down Triangle</title><path d="M0 63.75l127.5 127.5L255 63.75z"/></svg>
Rating Star</title><path d="M12 17.27L18.18 21l-1.64-7.03L22 9.24l-7.19-.61L12 2 9.19 8.63 2 9.24l5.46 4.73L5.82 21z"></path></svg>
Rating Star</title><path d="M12 17.27L18.18 21l-1.64-7.03L22 9.24l-7.19-.61L12 2 9.19 8.63 2 9.24l5.46 4.73L5.82 21z"></path></svg>
Rating Star</title><path d="M12 17.27L18.18 21l-1.64-7.03L22 9.24l-7.19-.61L12 2 9.19 8.63 2 9.24l5.46 4.73L5.82 21z"></path></svg>
ellipsis</title><path d="M10.001 7.8c-1.215 0-2.201 0.985-2.201 2.2s0.986 2.2 2.201 2.2c1.215 0 2.199-0.985 2.199-2.2s-0.984-2.2-2.199-2.2zM3.001 7.8c-1.215 0-2.201 0.985-2.201 2.2s0.986 2.2 2.201 2.2c1.215 0 2.199-0.986 2.199-2.2s-0.984-2.2-2.199-2.2zM17.001 7.8c-1.215 0-2.201 0.985-2.201 2.2s0.986 2.2 2.201 2.2c1.215 0 2.199-0.985 2.199-2.2s-0.984-2.2-2.199-2.2z"></path></svg>
Mail</title><path d="M20.016 8.016v-2.016l-8.016 5.016-8.016-5.016v2.016l8.016 4.969zM20.016 3.984c1.078 0 1.969 0.938 1.969 2.016v12c0 1.078-0.891 2.016-1.969 2.016h-16.031c-1.078 0-1.969-0.938-1.969-2.016v-12c0-1.078 0.891-2.016 1.969-2.016h16.031z"></path></svg>
iphone</title><path d="M15.984 18v-14.016h-9v14.016h9zM11.484 21.984c0.844 0 1.5-0.656 1.5-1.5s-0.656-1.5-1.5-1.5-1.5 0.656-1.5 1.5 0.656 1.5 1.5 1.5zM15.516 0.984c1.359 0 2.484 1.172 2.484 2.531v16.969c0 1.359-1.125 2.531-2.484 2.531h-8.016c-1.359 0-2.484-1.172-2.484-2.531v-16.969c0-1.359 1.125-2.531 2.484-2.531h8.016z"></path></svg>
Image zoom</title>
Rate Review</title><path id="a" d="M12.726 10.694L9.998 9.267l-2.719 1.43.52-3.025-2.205-2.15 3.04-.446L9.998 2.32l1.363 2.756 3.042.44-2.196 2.15.52 3.028zM18.236 0H1.761C.001 0 .001 1.606.001 1.606V12.16s-.057 1.587 1.524 1.587h1.638v5.476l5.475-5.476h9.836c1.579 0 1.526-1.587 1.526-1.587V1.606S20 0 18.236 0z"/></svg>
Rating Star</title><path d="M12 17.27L18.18 21l-1.64-7.03L22 9.24l-7.19-.61L12 2 9.19 8.63 2 9.24l5.46 4.73L5.82 21z"></path></svg>
Rating Star</title><path d="M12 17.27L18.18 21l-1.64-7.03L22 9.24l-7.19-.61L12 2 9.19 8.63 2 9.24l5.46 4.73L5.82 21z"></path></svg>
Rating Star</title><path d="M12 17.27L18.18 21l-1.64-7.03L22 9.24l-7.19-.61L12 2 9.19 8.63 2 9.24l5.46 4.73L5.82 21z"></path></svg>
Rating Star</title><path d="M12 17.27L18.18 21l-1.64-7.03L22 9.24l-7.19-.61L12 2 9.19 8.63 2 9.24l5.46 4.73L5.82 21z"></path></svg>
Rating Star</title><path d="M12 17.27L18.18 21l-1.64-7.03L22 9.24l-7.19-.61L12 2 9.19 8.63 2 9.24l5.46 4.73L5.82 21z"></path></svg>
Thumb Up</title><path d="M1 21h4V9H1v12zm22-11c0-1.1-.9-2-2-2h-6.31l.95-4.57.03-.32c0-.41-.17-.79-.44-1.06L14.17 1 7.59 7.59C7.22 7.95 7 8.45 7 9v10c0 1.1.9 2 2 2h9c.83 0 1.54-.5 1.84-1.22l3.02-7.05c.09-.23.14-.47.14-.73v-1.91l-.01-.01L23 10z"></path></svg>
Rating Star</title><path d="M12 17.27L18.18 21l-1.64-7.03L22 9.24l-7.19-.61L12 2 9.19 8.63 2 9.24l5.46 4.73L5.82 21z"></path></svg>
Rating Star</title><path d="M12 17.27L18.18 21l-1.64-7.03L22 9.24l-7.19-.61L12 2 9.19 8.63 2 9.24l5.46 4.73L5.82 21z"></path></svg>
Rating Star</title><path d="M12 17.27L18.18 21l-1.64-7.03L22 9.24l-7.19-.61L12 2 9.19 8.63 2 9.24l5.46 4.73L5.82 21z"></path></svg>
Rating Star</title><path d="M12 17.27L18.18 21l-1.64-7.03L22 9.24l-7.19-.61L12 2 9.19 8.63 2 9.24l5.46 4.73L5.82 21z"></path></svg>
Rating Star</title><path d="M12 17.27L18.18 21l-1.64-7.03L22 9.24l-7.19-.61L12 2 9.19 8.63 2 9.24l5.46 4.73L5.82 21z"></path></svg>
Thumb Up</title><path d="M1 21h4V9H1v12zm22-11c0-1.1-.9-2-2-2h-6.31l.95-4.57.03-.32c0-.41-.17-.79-.44-1.06L14.17 1 7.59 7.59C7.22 7.95 7 8.45 7 9v10c0 1.1.9 2 2 2h9c.83 0 1.54-.5 1.84-1.22l3.02-7.05c.09-.23.14-.47.14-.73v-1.91l-.01-.01L23 10z"></path></svg>
Rating Star</title><path d="M12 17.27L18.18 21l-1.64-7.03L22 9.24l-7.19-.61L12 2 9.19 8.63 2 9.24l5.46 4.73L5.82 21z"></path></svg>
Rating Star</title><path d="M12 17.27L18.18 21l-1.64-7.03L22 9.24l-7.19-.61L12 2 9.19 8.63 2 9.24l5.46 4.73L5.82 21z"></path></svg>
Rating Star</title><path d="M12 17.27L18.18 21l-1.64-7.03L22 9.24l-7.19-.61L12 2 9.19 8.63 2 9.24l5.46 4.73L5.82 21z"></path></svg>
Rating Star</title><path d="M12 17.27L18.18 21l-1.64-7.03L22 9.24l-7.19-.61L12 2 9.19 8.63 2 9.24l5.46 4.73L5.82 21z"></path></svg>
Rating Star</title><path d="M12 17.27L18.18 21l-1.64-7.03L22 9.24l-7.19-.61L12 2 9.19 8.63 2 9.24l5.46 4.73L5.82 21z"></path></svg>
Rating Star</title><path d="M12 17.27L18.18 21l-1.64-7.03L22 9.24l-7.19-.61L12 2 9.19 8.63 2 9.24l5.46 4.73L5.82 21z"></path></svg>
Rating Star</title><path d="M12 17.27L18.18 21l-1.64-7.03L22 9.24l-7.19-.61L12 2 9.19 8.63 2 9.24l5.46 4.73L5.82 21z"></path></svg>
Rating Star</title><path d="M12 17.27L18.18 21l-1.64-7.03L22 9.24l-7.19-.61L12 2 9.19 8.63 2 9.24l5.46 4.73L5.82 21z"></path></svg>
Thumb Up</title><path d="M1 21h4V9H1v12zm22-11c0-1.1-.9-2-2-2h-6.31l.95-4.57.03-.32c0-.41-.17-.79-.44-1.06L14.17 1 7.59 7.59C7.22 7.95 7 8.45 7 9v10c0 1.1.9 2 2 2h9c.83 0 1.54-.5 1.84-1.22l3.02-7.05c.09-.23.14-.47.14-.73v-1.91l-.01-.01L23 10z"></path></svg>
Rating Star</title><path d="M12 17.27L18.18 21l-1.64-7.03L22 9.24l-7.19-.61L12 2 9.19 8.63 2 9.24l5.46 4.73L5.82 21z"></path></svg>
Rating Star</title><path d="M12 17.27L18.18 21l-1.64-7.03L22 9.24l-7.19-.61L12 2 9.19 8.63 2 9.24l5.46 4.73L5.82 21z"></path></svg>
Rating Star</title><path d="M12 17.27L18.18 21l-1.64-7.03L22 9.24l-7.19-.61L12 2 9.19 8.63 2 9.24l5.46 4.73L5.82 21z"></path></svg>
Rating Star</title><path d="M12 17.27L18.18 21l-1.64-7.03L22 9.24l-7.19-.61L12 2 9.19 8.63 2 9.24l5.46 4.73L5.82 21z"></path></svg>
Rating Star</title><path d="M12 17.27L18.18 21l-1.64-7.03L22 9.24l-7.19-.61L12 2 9.19 8.63 2 9.24l5.46 4.73L5.82 21z"></path></svg>
Thumb Up</title><path d="M1 21h4V9H1v12zm22-11c0-1.1-.9-2-2-2h-6.31l.95-4.57.03-.32c0-.41-.17-.79-.44-1.06L14.17 1 7.59 7.59C7.22 7.95 7 8.45 7 9v10c0 1.1.9 2 2 2h9c.83 0 1.54-.5 1.84-1.22l3.02-7.05c.09-.23.14-.47.14-.73v-1.91l-.01-.01L23 10z"></path></svg>
Rating Star</title><path d="M12 17.27L18.18 21l-1.64-7.03L22 9.24l-7.19-.61L12 2 9.19 8.63 2 9.24l5.46 4.73L5.82 21z"></path></svg>
Rating Star</title><path d="M12 17.27L18.18 21l-1.64-7.03L22 9.24l-7.19-.61L12 2 9.19 8.63 2 9.24l5.46 4.73L5.82 21z"></path></svg>
Rating Star</title><path d="M12 17.27L18.18 21l-1.64-7.03L22 9.24l-7.19-.61L12 2 9.19 8.63 2 9.24l5.46 4.73L5.82 21z"></path></svg>
Rating Star</title><path d="M12 17.27L18.18 21l-1.64-7.03L22 9.24l-7.19-.61L12 2 9.19 8.63 2 9.24l5.46 4.73L5.82 21z"></path></svg>
Rating Star</title><path d="M12 17.27L18.18 21l-1.64-7.03L22 9.24l-7.19-.61L12 2 9.19 8.63 2 9.24l5.46 4.73L5.82 21z"></path></svg>
Thumb Up</title><path d="M1 21h4V9H1v12zm22-11c0-1.1-.9-2-2-2h-6.31l.95-4.57.03-.32c0-.41-.17-.79-.44-1.06L14.17 1 7.59 7.59C7.22 7.95 7 8.45 7 9v10c0 1.1.9 2 2 2h9c.83 0 1.54-.5 1.84-1.22l3.02-7.05c.09-.23.14-.47.14-.73v-1.91l-.01-.01L23 10z"></path></svg>
Rating Star</title><path d="M12 17.27L18.18 21l-1.64-7.03L22 9.24l-7.19-.61L12 2 9.19 8.63 2 9.24l5.46 4.73L5.82 21z"></path></svg>
Rating Star</title><path d="M12 17.27L18.18 21l-1.64-7.03L22 9.24l-7.19-.61L12 2 9.19 8.63 2 9.24l5.46 4.73L5.82 21z"></path></svg>
Rating Star</title><path d="M12 17.27L18.18 21l-1.64-7.03L22 9.24l-7.19-.61L12 2 9.19 8.63 2 9.24l5.46 4.73L5.82 21z"></path></svg>
Rating Star</title><path d="M12 17.27L18.18 21l-1.64-7.03L22 9.24l-7.19-.61L12 2 9.19 8.63 2 9.24l5.46 4.73L5.82 21z"></path></svg>
Rating Star</title><path d="M12 17.27L18.18 21l-1.64-7.03L22 9.24l-7.19-.61L12 2 9.19 8.63 2 9.24l5.46 4.73L5.82 21z"></path></svg>
Thumb Up</title><path d="M1 21h4V9H1v12zm22-11c0-1.1-.9-2-2-2h-6.31l.95-4.57.03-.32c0-.41-.17-.79-.44-1.06L14.17 1 7.59 7.59C7.22 7.95 7 8.45 7 9v10c0 1.1.9 2 2 2h9c.83 0 1.54-.5 1.84-1.22l3.02-7.05c.09-.23.14-.47.14-.73v-1.91l-.01-.01L23 10z"></path></svg>
Rating Star</title><path d="M12 17.27L18.18 21l-1.64-7.03L22 9.24l-7.19-.61L12 2 9.19 8.63 2 9.24l5.46 4.73L5.82 21z"></path></svg>
Rating Star</title><path d="M12 17.27L18.18 21l-1.64-7.03L22 9.24l-7.19-.61L12 2 9.19 8.63 2 9.24l5.46 4.73L5.82 21z"></path></svg>
Rating Star</title><path d="M12 17.27L18.18 21l-1.64-7.03L22 9.24l-7.19-.61L12 2 9.19 8.63 2 9.24l5.46 4.73L5.82 21z"></path></svg>
Rating Star</title><path d="M12 17.27L18.18 21l-1.64-7.03L22 9.24l-7.19-.61L12 2 9.19 8.63 2 9.24l5.46 4.73L5.82 21z"></path></svg>
Rating Star</title><path d="M12 17.27L18.18 21l-1.64-7.03L22 9.24l-7.19-.61L12 2 9.19 8.63 2 9.24l5.46 4.73L5.82 21z"></path></svg>
Thumb Up</title><path d="M1 21h4V9H1v12zm22-11c0-1.1-.9-2-2-2h-6.31l.95-4.57.03-.32c0-.41-.17-.79-.44-1.06L14.17 1 7.59 7.59C7.22 7.95 7 8.45 7 9v10c0 1.1.9 2 2 2h9c.83 0 1.54-.5 1.84-1.22l3.02-7.05c.09-.23.14-.47.14-.73v-1.91l-.01-.01L23 10z"></path></svg>
Rating Star</title><path d="M12 17.27L18.18 21l-1.64-7.03L22 9.24l-7.19-.61L12 2 9.19 8.63 2 9.24l5.46 4.73L5.82 21z"></path></svg>
Rating Star</title><path d="M12 17.27L18.18 21l-1.64-7.03L22 9.24l-7.19-.61L12 2 9.19 8.63 2 9.24l5.46 4.73L5.82 21z"></path></svg>
Rating Star</title><path d="M12 17.27L18.18 21l-1.64-7.03L22 9.24l-7.19-.61L12 2 9.19 8.63 2 9.24l5.46 4.73L5.82 21z"></path></svg>
Rating Star</title><path d="M12 17.27L18.18 21l-1.64-7.03L22 9.24l-7.19-.61L12 2 9.19 8.63 2 9.24l5.46 4.73L5.82 21z"></path></svg>
Rating Star</title><path d="M12 17.27L18.18 21l-1.64-7.03L22 9.24l-7.19-.61L12 2 9.19 8.63 2 9.24l5.46 4.73L5.82 21z"></path></svg>
Thumb Up</title><path d="M1 21h4V9H1v12zm22-11c0-1.1-.9-2-2-2h-6.31l.95-4.57.03-.32c0-.41-.17-.79-.44-1.06L14.17 1 7.59 7.59C7.22 7.95 7 8.45 7 9v10c0 1.1.9 2 2 2h9c.83 0 1.54-.5 1.84-1.22l3.02-7.05c.09-.23.14-.47.14-.73v-1.91l-.01-.01L23 10z"></path></svg>
Rating Star</title><path d="M12 17.27L18.18 21l-1.64-7.03L22 9.24l-7.19-.61L12 2 9.19 8.63 2 9.24l5.46 4.73L5.82 21z"></path></svg>
Rating Star</title><path d="M12 17.27L18.18 21l-1.64-7.03L22 9.24l-7.19-.61L12 2 9.19 8.63 2 9.24l5.46 4.73L5.82 21z"></path></svg>
Rating Star</title><path d="M12 17.27L18.18 21l-1.64-7.03L22 9.24l-7.19-.61L12 2 9.19 8.63 2 9.24l5.46 4.73L5.82 21z"></path></svg>
Rating Star</title><path d="M12 17.27L18.18 21l-1.64-7.03L22 9.24l-7.19-.61L12 2 9.19 8.63 2 9.24l5.46 4.73L5.82 21z"></path></svg>
Rating Star</title><path d="M12 17.27L18.18 21l-1.64-7.03L22 9.24l-7.19-.61L12 2 9.19 8.63 2 9.24l5.46 4.73L5.82 21z"></path></svg>
Thumb Up</title><path d="M1 21h4V9H1v12zm22-11c0-1.1-.9-2-2-2h-6.31l.95-4.57.03-.32c0-.41-.17-.79-.44-1.06L14.17 1 7.59 7.59C7.22 7.95 7 8.45 7 9v10c0 1.1.9 2 2 2h9c.83 0 1.54-.5 1.84-1.22l3.02-7.05c.09-.23.14-.47.14-.73v-1.91l-.01-.01L23 10z"></path></svg>
Rating Star</title><path d="M12 17.27L18.18 21l-1.64-7.03L22 9.24l-7.19-.61L12 2 9.19 8.63 2 9.24l5.46 4.73L5.82 21z"></path></svg>
Rating Star</title><path d="M12 17.27L18.18 21l-1.64-7.03L22 9.24l-7.19-.61L12 2 9.19 8.63 2 9.24l5.46 4.73L5.82 21z"></path></svg>
Rating Star</title><path d="M12 17.27L18.18 21l-1.64-7.03L22 9.24l-7.19-.61L12 2 9.19 8.63 2 9.24l5.46 4.73L5.82 21z"></path></svg>
Rating Star</title><path d="M12 17.27L18.18 21l-1.64-7.03L22 9.24l-7.19-.61L12 2 9.19 8.63 2 9.24l5.46 4.73L5.82 21z"></path></svg>
Rating Star</title><path d="M12 17.27L18.18 21l-1.64-7.03L22 9.24l-7.19-.61L12 2 9.19 8.63 2 9.24l5.46 4.73L5.82 21z"></path></svg>
Thumb Up</title><path d="M1 21h4V9H1v12zm22-11c0-1.1-.9-2-2-2h-6.31l.95-4.57.03-.32c0-.41-.17-.79-.44-1.06L14.17 1 7.59 7.59C7.22 7.95 7 8.45 7 9v10c0 1.1.9 2 2 2h9c.83 0 1.54-.5 1.84-1.22l3.02-7.05c.09-.23.14-.47.14-.73v-1.91l-.01-.01L23 10z"></path></svg>
Rating Star</title><path d="M12 17.27L18.18 21l-1.64-7.03L22 9.24l-7.19-.61L12 2 9.19 8.63 2 9.24l5.46 4.73L5.82 21z"></path></svg>
Rating Star</title><path d="M12 17.27L18.18 21l-1.64-7.03L22 9.24l-7.19-.61L12 2 9.19 8.63 2 9.24l5.46 4.73L5.82 21z"></path></svg>
Rating Star</title><path d="M12 17.27L18.18 21l-1.64-7.03L22 9.24l-7.19-.61L12 2 9.19 8.63 2 9.24l5.46 4.73L5.82 21z"></path></svg>
Rating Star</title><path d="M12 17.27L18.18 21l-1.64-7.03L22 9.24l-7.19-.61L12 2 9.19 8.63 2 9.24l5.46 4.73L5.82 21z"></path></svg>
Rating Star</title><path d="M12 17.27L18.18 21l-1.64-7.03L22 9.24l-7.19-.61L12 2 9.19 8.63 2 9.24l5.46 4.73L5.82 21z"></path></svg>
Thumb Up</title><path d="M1 21h4V9H1v12zm22-11c0-1.1-.9-2-2-2h-6.31l.95-4.57.03-.32c0-.41-.17-.79-.44-1.06L14.17 1 7.59 7.59C7.22 7.95 7 8.45 7 9v10c0 1.1.9 2 2 2h9c.83 0 1.54-.5 1.84-1.22l3.02-7.05c.09-.23.14-.47.14-.73v-1.91l-.01-.01L23 10z"></path></svg>
Previous</title>
Close</title><path fill="#F0F1F3" d="M14 1.41L12.59 0 7 5.59 1.41 0 0 1.41 5.59 7 0 12.59 1.41 14 7 8.41 12.59 14 14 12.59 8.41 7z"/></svg>
Close</title><path fill="#F0F1F3" d="M14 1.41L12.59 0 7 5.59 1.41 0 0 1.41 5.59 7 0 12.59 1.41 14 7 8.41 12.59 14 14 12.59 8.41 7z"/></svg>
Rating Star</title><path d="M12 17.27L18.18 21l-1.64-7.03L22 9.24l-7.19-.61L12 2 9.19 8.63 2 9.24l5.46 4.73L5.82 21z"></path></svg>
Rating Star</title><path d="M12 17.27L18.18 21l-1.64-7.03L22 9.24l-7.19-.61L12 2 9.19 8.63 2 9.24l5.46 4.73L5.82 21z"></path></svg>
Rating Star</title><path d="M12 17.27L18.18 21l-1.64-7.03L22 9.24l-7.19-.61L12 2 9.19 8.63 2 9.24l5.46 4.73L5.82 21z"></path></svg>
Rating Star</title><path d="M12 17.27L18.18 21l-1.64-7.03L22 9.24l-7.19-.61L12 2 9.19 8.63 2 9.24l5.46 4.73L5.82 21z"></path></svg>
Rating Star</title><path d="M12 17.27L18.18 21l-1.64-7.03L22 9.24l-7.19-.61L12 2 9.19 8.63 2 9.24l5.46 4.73L5.82 21z"></path></svg>
Thumb Up</title><path d="M1 21h4V9H1v12zm22-11c0-1.1-.9-2-2-2h-6.31l.95-4.57.03-.32c0-.41-.17-.79-.44-1.06L14.17 1 7.59 7.59C7.22 7.95 7 8.45 7 9v10c0 1.1.9 2 2 2h9c.83 0 1.54-.5 1.84-1.22l3.02-7.05c.09-.23.14-.47.14-.73v-1.91l-.01-.01L23 10z"></path></svg>
Rating Star</title><path d="M12 17.27L18.18 21l-1.64-7.03L22 9.24l-7.19-.61L12 2 9.19 8.63 2 9.24l5.46 4.73L5.82 21z"></path></svg>
Rating Star</title><path d="M12 17.27L18.18 21l-1.64-7.03L22 9.24l-7.19-.61L12 2 9.19 8.63 2 9.24l5.46 4.73L5.82 21z"></path></svg>
Rating Star</title><path d="M12 17.27L18.18 21l-1.64-7.03L22 9.24l-7.19-.61L12 2 9.19 8.63 2 9.24l5.46 4.73L5.82 21z"></path></svg>
Rating Star</title><path d="M12 17.27L18.18 21l-1.64-7.03L22 9.24l-7.19-.61L12 2 9.19 8.63 2 9.24l5.46 4.73L5.82 21z"></path></svg>
Rating Star</title><path d="M12 17.27L18.18 21l-1.64-7.03L22 9.24l-7.19-.61L12 2 9.19 8.63 2 9.24l5.46 4.73L5.82 21z"></path></svg>
Thumb Up</title><path d="M1 21h4V9H1v12zm22-11c0-1.1-.9-2-2-2h-6.31l.95-4.57.03-.32c0-.41-.17-.79-.44-1.06L14.17 1 7.59 7.59C7.22 7.95 7 8.45 7 9v10c0 1.1.9 2 2 2h9c.83 0 1.54-.5 1.84-1.22l3.02-7.05c.09-.23.14-.47.14-.73v-1.91l-.01-.01L23 10z"></path></svg>
Rating Star</title><path d="M12 17.27L18.18 21l-1.64-7.03L22 9.24l-7.19-.61L12 2 9.19 8.63 2 9.24l5.46 4.73L5.82 21z"></path></svg>
Rating Star</title><path d="M12 17.27L18.18 21l-1.64-7.03L22 9.24l-7.19-.61L12 2 9.19 8.63 2 9.24l5.46 4.73L5.82 21z"></path></svg>
Rating Star</title><path d="M12 17.27L18.18 21l-1.64-7.03L22 9.24l-7.19-.61L12 2 9.19 8.63 2 9.24l5.46 4.73L5.82 21z"></path></svg>
Rating Star</title><path d="M12 17.27L18.18 21l-1.64-7.03L22 9.24l-7.19-.61L12 2 9.19 8.63 2 9.24l5.46 4.73L5.82 21z"></path></svg>
Rating Star</title><path d="M12 17.27L18.18 21l-1.64-7.03L22 9.24l-7.19-.61L12 2 9.19 8.63 2 9.24l5.46 4.73L5.82 21z"></path></svg>
Thumb Up</title><path d="M1 21h4V9H1v12zm22-11c0-1.1-.9-2-2-2h-6.31l.95-4.57.03-.32c0-.41-.17-.79-.44-1.06L14.17 1 7.59 7.59C7.22 7.95 7 8.45 7 9v10c0 1.1.9 2 2 2h9c.83 0 1.54-.5 1.84-1.22l3.02-7.05c.09-.23.14-.47.14-.73v-1.91l-.01-.01L23 10z"></path></svg>
Rating Star</title><path d="M12 17.27L18.18 21l-1.64-7.03L22 9.24l-7.19-.61L12 2 9.19 8.63 2 9.24l5.46 4.73L5.82 21z"></path></svg>
Rating Star</title><path d="M12 17.27L18.18 21l-1.64-7.03L22 9.24l-7.19-.61L12 2 9.19 8.63 2 9.24l5.46 4.73L5.82 21z"></path></svg>
Rating Star</title><path d="M12 17.27L18.18 21l-1.64-7.03L22 9.24l-7.19-.61L12 2 9.19 8.63 2 9.24l5.46 4.73L5.82 21z"></path></svg>
Rating Star</title><path d="M12 17.27L18.18 21l-1.64-7.03L22 9.24l-7.19-.61L12 2 9.19 8.63 2 9.24l5.46 4.73L5.82 21z"></path></svg>
Rating Star</title><path d="M12 17.27L18.18 21l-1.64-7.03L22 9.24l-7.19-.61L12 2 9.19 8.63 2 9.24l5.46 4.73L5.82 21z"></path></svg>
Thumb Up</title><path d="M1 21h4V9H1v12zm22-11c0-1.1-.9-2-2-2h-6.31l.95-4.57.03-.32c0-.41-.17-.79-.44-1.06L14.17 1 7.59 7.59C7.22 7.95 7 8.45 7 9v10c0 1.1.9 2 2 2h9c.83 0 1.54-.5 1.84-1.22l3.02-7.05c.09-.23.14-.47.14-.73v-1.91l-.01-.01L23 10z"></path></svg>
Rating Star</title><path d="M12 17.27L18.18 21l-1.64-7.03L22 9.24l-7.19-.61L12 2 9.19 8.63 2 9.24l5.46 4.73L5.82 21z"></path></svg>
Rating Star</title><path d="M12 17.27L18.18 21l-1.64-7.03L22 9.24l-7.19-.61L12 2 9.19 8.63 2 9.24l5.46 4.73L5.82 21z"></path></svg>
Rating Star</title><path d="M12 17.27L18.18 21l-1.64-7.03L22 9.24l-7.19-.61L12 2 9.19 8.63 2 9.24l5.46 4.73L5.82 21z"></path></svg>
Rating Star</title><path d="M12 17.27L18.18 21l-1.64-7.03L22 9.24l-7.19-.61L12 2 9.19 8.63 2 9.24l5.46 4.73L5.82 21z"></path></svg>
Rating Star</title><path d="M12 17.27L18.18 21l-1.64-7.03L22 9.24l-7.19-.61L12 2 9.19 8.63 2 9.24l5.46 4.73L5.82 21z"></path></svg>
Thumb Up</title><path d="M1 21h4V9H1v12zm22-11c0-1.1-.9-2-2-2h-6.31l.95-4.57.03-.32c0-.41-.17-.79-.44-1.06L14.17 1 7.59 7.59C7.22 7.95 7 8.45 7 9v10c0 1.1.9 2 2 2h9c.83 0 1.54-.5 1.84-1.22l3.02-7.05c.09-.23.14-.47.14-.73v-1.91l-.01-.01L23 10z"></path></svg>
Rating Star</title><path d="M12 17.27L18.18 21l-1.64-7.03L22 9.24l-7.19-.61L12 2 9.19 8.63 2 9.24l5.46 4.73L5.82 21z"></path></svg>
Rating Star</title><path d="M12 17.27L18.18 21l-1.64-7.03L22 9.24l-7.19-.61L12 2 9.19 8.63 2 9.24l5.46 4.73L5.82 21z"></path></svg>
Rating Star</title><path d="M12 17.27L18.18 21l-1.64-7.03L22 9.24l-7.19-.61L12 2 9.19 8.63 2 9.24l5.46 4.73L5.82 21z"></path></svg>
Rating Star</title><path d="M12 17.27L18.18 21l-1.64-7.03L22 9.24l-7.19-.61L12 2 9.19 8.63 2 9.24l5.46 4.73L5.82 21z"></path></svg>
Rating Star</title><path d="M12 17.27L18.18 21l-1.64-7.03L22 9.24l-7.19-.61L12 2 9.19 8.63 2 9.24l5.46 4.73L5.82 21z"></path></svg>
Thumb Up</title><path d="M1 21h4V9H1v12zm22-11c0-1.1-.9-2-2-2h-6.31l.95-4.57.03-.32c0-.41-.17-.79-.44-1.06L14.17 1 7.59 7.59C7.22 7.95 7 8.45 7 9v10c0 1.1.9 2 2 2h9c.83 0 1.54-.5 1.84-1.22l3.02-7.05c.09-.23.14-.47.14-.73v-1.91l-.01-.01L23 10z"></path></svg>
Rating Star</title><path d="M12 17.27L18.18 21l-1.64-7.03L22 9.24l-7.19-.61L12 2 9.19 8.63 2 9.24l5.46 4.73L5.82 21z"></path></svg>
Rating Star</title><path d="M12 17.27L18.18 21l-1.64-7.03L22 9.24l-7.19-.61L12 2 9.19 8.63 2 9.24l5.46 4.73L5.82 21z"></path></svg>
Rating Star</title><path d="M12 17.27L18.18 21l-1.64-7.03L22 9.24l-7.19-.61L12 2 9.19 8.63 2 9.24l5.46 4.73L5.82 21z"></path></svg>
Rating Star</title><path d="M12 17.27L18.18 21l-1.64-7.03L22 9.24l-7.19-.61L12 2 9.19 8.63 2 9.24l5.46 4.73L5.82 21z"></path></svg>
Rating Star</title><path d="M12 17.27L18.18 21l-1.64-7.03L22 9.24l-7.19-.61L12 2 9.19 8.63 2 9.24l5.46 4.73L5.82 21z"></path></svg>
Thumb Up</title><path d="M1 21h4V9H1v12zm22-11c0-1.1-.9-2-2-2h-6.31l.95-4.57.03-.32c0-.41-.17-.79-.44-1.06L14.17 1 7.59 7.59C7.22 7.95 7 8.45 7 9v10c0 1.1.9 2 2 2h9c.83 0 1.54-.5 1.84-1.22l3.02-7.05c.09-.23.14-.47.14-.73v-1.91l-.01-.01L23 10z"></path></svg>
Rating Star</title><path d="M12 17.27L18.18 21l-1.64-7.03L22 9.24l-7.19-.61L12 2 9.19 8.63 2 9.24l5.46 4.73L5.82 21z"></path></svg>
Rating Star</title><path d="M12 17.27L18.18 21l-1.64-7.03L22 9.24l-7.19-.61L12 2 9.19 8.63 2 9.24l5.46 4.73L5.82 21z"></path></svg>
Rating Star</title><path d="M12 17.27L18.18 21l-1.64-7.03L22 9.24l-7.19-.61L12 2 9.19 8.63 2 9.24l5.46 4.73L5.82 21z"></path></svg>
Rating Star</title><path d="M12 17.27L18.18 21l-1.64-7.03L22 9.24l-7.19-.61L12 2 9.19 8.63 2 9.24l5.46 4.73L5.82 21z"></path></svg>
Rating Star</title><path d="M12 17.27L18.18 21l-1.64-7.03L22 9.24l-7.19-.61L12 2 9.19 8.63 2 9.24l5.46 4.73L5.82 21z"></path></svg>
Thumb Up</title><path d="M1 21h4V9H1v12zm22-11c0-1.1-.9-2-2-2h-6.31l.95-4.57.03-.32c0-.41-.17-.79-.44-1.06L14.17 1 7.59 7.59C7.22 7.95 7 8.45 7 9v10c0 1.1.9 2 2 2h9c.83 0 1.54-.5 1.84-1.22l3.02-7.05c.09-.23.14-.47.14-.73v-1.91l-.01-.01L23 10z"></path></svg>
Rating Star</title><path d="M12 17.27L18.18 21l-1.64-7.03L22 9.24l-7.19-.61L12 2 9.19 8.63 2 9.24l5.46 4.73L5.82 21z"></path></svg>
Rating Star</title><path d="M12 17.27L18.18 21l-1.64-7.03L22 9.24l-7.19-.61L12 2 9.19 8.63 2 9.24l5.46 4.73L5.82 21z"></path></svg>
Rating Star</title><path d="M12 17.27L18.18 21l-1.64-7.03L22 9.24l-7.19-.61L12 2 9.19 8.63 2 9.24l5.46 4.73L5.82 21z"></path></svg>
Rating Star</title><path d="M12 17.27L18.18 21l-1.64-7.03L22 9.24l-7.19-.61L12 2 9.19 8.63 2 9.24l5.46 4.73L5.82 21z"></path></svg>
Rating Star</title><path d="M12 17.27L18.18 21l-1.64-7.03L22 9.24l-7.19-.61L12 2 9.19 8.63 2 9.24l5.46 4.73L5.82 21z"></path></svg>
Thumb Up</title><path d="M1 21h4V9H1v12zm22-11c0-1.1-.9-2-2-2h-6.31l.95-4.57.03-.32c0-.41-.17-.79-.44-1.06L14.17 1 7.59 7.59C7.22 7.95 7 8.45 7 9v10c0 1.1.9 2 2 2h9c.83 0 1.54-.5 1.84-1.22l3.02-7.05c.09-.23.14-.47.14-.73v-1.91l-.01-.01L23 10z"></path></svg>
Close</title><path fill="#F0F1F3" d="M14 1.41L12.59 0 7 5.59 1.41 0 0 1.41 5.59 7 0 12.59 1.41 14 7 8.41 12.59 14 14 12.59 8.41 7z"/></svg>
Close</title><path fill="#F0F1F3" d="M14 1.41L12.59 0 7 5.59 1.41 0 0 1.41 5.59 7 0 12.59 1.41 14 7 8.41 12.59 14 14 12.59 8.41 7z"/></svg>							
8180f659963ad0fe3810d275af3babfb	austrian	Italian Capezzoli di Venere (Chocolate Truffles of Venus) 	12 ounces high quality dark chocolate, chopped |16 ounces canned whole chestnuts, drained |6 tablespoons butter, softened |1/2 cup white sugar |1/4 cup brandy |1 teaspoon vanilla extract |12 ounces high quality white chocolate, chopped - divided |1 dash powdered red food coloring |	99	12400.0	5000	0.9	14	5
1b326823b563851f089892e42f83e520	austrian	German Apple Strudel 	3 1/2 cups sifted all-purpose flour |1 teaspoon salt |1 egg, lightly beaten |1 cup warm water |2 cups poppy seeds |3/4 cup white sugar |1 teaspoon ground cinnamon |1/2 cup butter, melted |9 apples - peeled, cored and diced |3/4 cup heavy cream |	320	40400.0	16100.0	6	178	37
4f768067b08b850840ce523f3b640476	austrian	Austrian Peach Cookies II 	3/4 cup unsalted butter |1 cup white sugar |2 eggs |1 teaspoon vanilla extract |3 3/4 cups all-purpose flour |1 teaspoon baking powder |1/2 cup milk |1/4 cup semisweet chocolate chips |2/3 cup apricot jam |1/3 cup ground pecans |2 teaspoons rum |1/4 cup water |1 cup white sugar |2 drops red food coloring |4 drops yellow food coloring |	937	155600.0	31300.0	12	111	125
b9eb2a27058540f30a68df9e8b504f8c	austrian	Apple Strudel II 	3 cups all-purpose flour |1 egg, beaten |1 cup lukewarm water |1 teaspoon white sugar |1 teaspoon lard, melted |1 pinch salt |1 1/2 cups butter, melted |1 cup toasted bread crumbs |1 cup ground walnuts |3 1/2 pounds apples - peeled, cored and thinly sliced |3/4 cup raisins |1 teaspoon ground cinnamon |1 3/4 cups white sugar |	620	87400.0	29200.0	6.9	252	77
01f14401681e884f681168f357abafd7	austrian	Raspberry Linzer Cookies 	2 cups all-purpose flour |1/2 teaspoon baking soda |1/4 teaspoon salt |1/4 teaspoon ground cinnamon |3/4 cup white sugar |1/2 cup butter at room temperature |1/4 cup egg substitute |1 teaspoon vanilla extract |1/4 cup seedless raspberry jam |1 tablespoon confectioners&#39; sugar, or as needed |	82	12600.0	3000	1.1	62	8
db81a1d3b62ff2ac1e2c64521adaf9f5	austrian	LynzzPaige's Kaiserschmarrn (Emperor's Pancakes) 	1/2 cup all-purpose flour |5 tablespoons white sugar |1/2 teaspoon salt |1 cup milk |5 eggs, separated |2 tablespoons butter |confectioners&#39; sugar |	591	65500.0	26700.0	23.1	889	505
6a8c6ef6f581d7ee5dfba85fd4f110ac	austrian	Easy Sacher Torte 	1 (18.25 ounce) package chocolate cake mix |1 (16 ounce) package dark chocolate frosting |1/4 cup apricot preserves |6 tablespoons rum |	369	60100.0	13500.0	3	429	0
e7a95e60de3d0d8a52d7aa6b8b5ee7db	austrian	Rich Viennese Potato Soup 	7 cups plus 3 tablespoons beef broth OR chicken broth, divided |2 cups onion, sliced |2 1/2 cups sliced leeks |1 1/2 teaspoons dried marjoram |8 cups russet potatoes, peeled and cubed |3/4 cup heavy cream |1/2 teaspoon ground black pepper |1 pinch ground cardamom |1/2 pound fresh mushrooms, sliced |salt and pepper to taste |1/2 cup chopped and precooked carrots |1 cup cooked and diced potatoes |	265	39700.0	9100.0	8.1	723	31
33509367b6aeffa67d6d68ed3a4599b9	austrian	Linzer Cookies 	1 1/2 cups all-purpose flour |3/4 teaspoon baking powder |1/2 teaspoon salt |5/8 cup butter |1/2 cup brown sugar |1 teaspoon ground cinnamon |1 tablespoon lemon zest |1 egg |1 teaspoon vanilla extract |1 cup finely chopped almonds |1/4 cup chopped dried apricots |1/2 cup apricot preserves |2 teaspoons lemon juice |1 egg white |2 tablespoons finely chopped almonds |1 tablespoon coarse granulated sugar |	228	24500.0	13400.0	4.5	154	31
fdcc3fe8e151455f578e79f174b5eae1	austrian	Almond Sticks or Rings 	2 1/2 cups confectioners&#39; sugar |2 egg yolks |2 eggs |2 1/2 cups almonds, finely ground |1 small lemon, zested and juiced |1/2 cup confectioners&#39; sugar, for dusting |	167	18800.0	9400.0	4.4	7	31
7aa168bcebc58274fb1391f0ff319490	austrian	Rum and Eggnog Kugelhopf 	1 cup dried currants |3 tablespoons rum |1 cup eggnog |3 1/2 cups bread flour, divided |2 1/2 teaspoons instant yeast |1/2 cup white sugar |1 cup butter |3 eggs |1/2 teaspoon salt |1/2 teaspoon ground cinnamon |1/4 cup sliced almonds, for garnish |2 tablespoons confectioners&#39; sugar, for dusting |	273	22200.0	19100.0	3.6	234	94
ba5f407704fc3c31e4737ea3b8a99d31	austrian	Kaiserschmarrn (Austrian Jumbled Pancake) 	1/4 cup raisins |3 tablespoons dark rum |1 cup all-purpose flour |1 cup whole milk |4 eggs, separated |2 pinches salt |3 tablespoons white sugar |3 tablespoons unsalted butter |2 tablespoons confectioners&#39; sugar, or to taste |2 cups applesauce |	448	61900.0	15400.0	11.3	169	193
19c5620f43aae6b8b0aaea3004befeb3	austrian	Tyrolean Nut Cake (Tiroler Nusskuchen) 	7/8 cup unsalted butter, room temperature, plus more for baking dish |1/4 cup dry bread crumbs |6 eggs |7/8 cup white sugar |3 teaspoons vanilla sugar |3/4 cup dry white wine |1 cup all-purpose flour |2 teaspoons ground cinnamon (optional) |1 teaspoon baking powder |1 pinch salt |1 1/2 cups ground hazelnuts |3/4 cup chocolate chips, or to taste |	432	35700.0	29500.0	7.7	109	129
11d6c6802b05670538961fefa82b1311	austrian	Viennese Chocolate-Nut Cake 	1 1/4 cups margarine |1 1/4 cups white sugar |4 eggs |1 cup all-purpose flour |1 cup cornstarch |1 cup ground hazelnuts |6 tablespoons unsweetened cocoa powder |1 tablespoon confectioners&#39; sugar (optional) |	512	51400.0	33000	6.4	290	65
a5891642b04e5794d9194d81f4877df6	austrian	Easy Goulash 	2 tablespoons butter |3 onion, finely sliced |5 cloves garlic, minced |salt |6 tablespoons Hungarian sweet paprika |1 teaspoon cayenne pepper |water, divided |1 tablespoon cider vinegar |6 tablespoons tomato paste |1 teaspoon dried marjoram |1 teaspoon caraway seeds |5 pounds cubed beef stew meat |freshly ground black pepper |	632	14100.0	42100.0	48.6	253	164
feef28fe070038395033011ccbcb29f5	austrian	German Stollen 	8 cups all-purpose flour |3 ounces compressed fresh yeast |1 pinch white sugar |1 tablespoon lukewarm milk |1 1/2 cups milk |1 cup unsalted butter |2 tablespoons unsalted butter |1 cup white sugar |2 egg yolks |1/2 teaspoon salt |1 3/4 cups chopped blanched almonds |1 1/4 cups raisins |6 tablespoons candied lemon peel |6 tablespoons chopped candied orange peel |2 tablespoons melted butter |2 tablespoons confectioners&#39; sugar |	395	56800.0	16100.0	8	73	44
b9d3d7c676009fdade2f2a1962d27b91	austrian	Austrian Stuffed Collard Greens with Sweet and Sour Sauce (Vegan) 	1 bunch collard greens |2 tablespoons extra-virgin olive oil |1 cup basmati rice |1 sweet onion, chopped, divided |1 tablespoon pine nuts |1 tablespoon minced garlic |3 cups water |1 cup plain meatless ground beef substitute |1 teaspoon salt |1/4 teaspoon ground black pepper |1/4 teaspoon dried dill weed |1 tablespoon lemon juice, or to taste |1 cup ketchup |1 cup water |2 small tomatoes, diced |1 red bell pepper, minced |1/2 cup chopped prunes |1/2 cup raisins |1 tablespoon minced fresh ginger root |1 teaspoon lemon zest, or more to taste |1/2 teaspoon salt |1/2 teaspoon ground black pepper |1/4 teaspoon mustard seeds |	397	82800.0	7500.0	6.2	1150	0
6de34b38130f3b067471661185d12161	austrian	Austrian Linzer Torte  	2 cups all-purpose flour |2 cups finely ground almonds |1 1/4 cups white sugar |1 teaspoon baking powder |1/2 teaspoon ground cinnamon |1/8 teaspoon ground cloves |1 1/8 cups unsalted butter |2 egg yolks |6 tablespoons red currant jam |2 egg yolks, lightly beaten |	473	48000	29200.0	7.6	46	114
