0,salt
1,pepper
2,butter
3,onion
4,flour
5,taste
6,water
7,powder
8,milk
9,sauce
10,chicken
11,cloves
12,cream
13,eggs
14,juice
15,vanilla
16,lemon
17,vinegar
18,beef
19,cinnamon
20,onions
21,tomatoes
22,bell
23,parsley
24,slices
25,pieces
26,boneless
27,rice
28,tomato
29,bread
30,potatoes
31,celery
32,basil
33,cilantro
34,cumin
35,frozen
36,chocolate
37,peppers
38,skinless
39,clove
40,margarine
41,lime
42,cheddar
43,corn
44,breast
45,orange
46,sweet
47,pork
48,carrots
49,mushrooms
50,half
51,seeds
52,mayonnaise
53,halves
54,cubes
55,bacon
56,cornstarch
57,virgin
58,flakes
59,confectioners
60,cans
61,crumbs
62,paste
63,chips
64,tbsp
65,worcestershire
66,mozzarella
67,sesame
68,wheat
69,ounce
70,pasta
71,syrup
72,strips
73,raisins
74,pecans
75,shortening
76,sausage
77,apple
78,shrimp
79,kosher
80,almonds
81,cocoa
82,stock
83,spinach
84,spray
85,cold
86,carrot
87,yeast
88,olives
89,zucchini
90,dash
91,seed
92,soup
93,cabbage
94,yogurt
95,turkey
96,dijon
97,dill
98,whites
99,cider
100,style
101,plain
102,fillets
103,tortillas
104,oats
105,buttermilk
106,chunks
107,meat
108,breasts
109,ripe
110,room
111,yolks
112,apples
113,sodium
114,stalks
115,temperature
116,sprigs
117,coriander
118,mint
119,bouillon
120,instant
121,almond
122,noodles
123,grain
124,size
125,packages
126,lengthwise
127,allspice
128,nuts
129,crust
130,root
131,bite
132,quarts
133,feta
134,roast
135,spaghetti
136,container
137,strawberries
138,squash
139,jack
140,sage
141,cucumber
142,food
143,mushroom
144,liquid
145,shallots
146,cranberries
147,molasses
148,salmon
149,coarse
150,maple
151,torn
152,sherry
153,chives
154,round
155,avocado
156,florets
157,breadcrumbs
158,cardamom
159,kraft
160,split
161,spice
162,ribs
163,stalk
164,blueberries
165,peppercorns
166,peanuts
167,chiles
168,graham
169,coffee
170,chops
171,cracker
172,rings
173,stems
174,firm
175,crackers
176,taco
177,fruit
178,yolk
179,bone
180,banana
181,cereal
182,pudding
183,bean
184,beer
185,drops
186,stew
187,cherries
188,lentils
189,capers
190,greens
191,squares
192,romano
193,chilies
194,liqueur
195,sticks
196,crocker
197,skin
198,fennel
199,asparagus
200,cottage
201,peaches
202,whip
203,granules
204,piece
205,tartar
206,tofu
207,tortilla
208,pure
209,kernels
210,pine
211,dough
212,slice
213,lemons
214,macaroni
215,marjoram
216,plum
217,recipe
218,shells
219,rind
220,purpose
221,kidney
222,sprig
223,mango
224,romaine
225,crabmeat
226,loin
227,blue
228,shallot
229,rolls
230,crosswise
231,scallions
232,cucumbers
233,limes
234,granny
235,smith
236,candy
237,ranch
238,raspberries
239,seedless
240,serrano
241,brandy
242,miniature
243,hearts
244,raspberry
245,shoulder
246,penne
247,bisquick
248,cube
249,dates
250,medal
251,pizza
252,artichoke
253,lasagna
254,thai
255,flavor
256,grape
257,greek
258,meal
259,tuna
260,marshmallows
261,caraway
262,kernel
263,buns
264,preserves
265,concentrate
266,adobo
267,cookies
268,vegetables
269,barbecue
270,equipment
271,tenderloin
272,part
273,elbow
274,crusts
275,oranges
276,hamburger
277,bunches
278,garbanzo
279,heads
280,reggiano
281,parmigiano
282,grapes
283,pods
284,provolone
285,herb
286,bran
287,spicy
288,clams
289,cranberry
290,fillet
291,poultry
292,pinto
293,beets
294,tbsps
295,berries
296,saffron
297,barley
298,pears
299,flax
300,kale
301,wrappers
302,gallon
303,basmati
304,bittersweet
305,sheets
306,links
307,leeks
308,wings
309,tequila
310,prosciutto
311,lukewarm
312,pearl
313,jalape
314,dashes
315,eggplants
316,bourbon
317,tabasco
318,ears
319,puff
320,veal
321,pepperoni
322,cashews
323,barbeque
324,tails
325,maraschino
326,jars
327,chestnuts
328,whiskey
329,skewers
330,shiitake
331,hoisin
332,paper
333,apricots
334,casings
335,colby
336,walnut
337,button
338,starch
339,enchilada
340,quarters
341,sandwich
342,parts
343,decoration
344,quality
345,oatmeal
346,spread
347,hazelnuts
348,cocktail
349,cannellini
350,baguette
351,bulb
352,germ
353,portobello
354,vinaigrette
355,habanero
356,teriyaki
357,bones
358,sweetener
359,supermoist
360,philadelphia
361,marshmallow
362,roll
363,tahini
364,accompaniment
365,pomegranate
366,pectin
367,blackberries
368,clam
369,lobster
370,bags
371,bits
372,cookie
373,fettuccine
374,superfine
375,peppermint
376,buttery
377,color
378,husks
379,candies
380,spring
381,baker
382,hair
383,tenderloins
384,pecorino
385,chickpeas
386,choy
387,planters
388,salami
389,mussels
390,mirin
391,calorie
392,mascarpone
393,hash
394,soymilk
395,drippings
396,tsps
397,caramel
398,brisket
399,crescent
400,lemonade
401,pickles
402,pureed
403,center
404,mandarin
405,jell
406,coleslaw
407,base
408,crisp
409,vegan
410,containers
411,marsala
412,threads
413,pints
414,choice
415,radishes
416,halibut
417,venison
418,pancetta
419,wafers
420,masa
421,brand
422,savory
423,scallion
424,plums
425,imitation
426,country
427,chex
428,velveeta
429,croutons
430,oscar
431,mayer
432,tamarind
433,vidalia
434,jasmine
435,gingerroot
436,herbs
437,lite
438,lowfat
439,prunes
440,ingredients
441,beverage
442,phyllo
443,brussels
444,champagne
445,figs
446,crisco
447,curd
448,grits
449,grass
450,bottles
451,caps
452,grams
453,biscuit
454,alfredo
455,butt
456,mace
457,crispy
458,matchsticks
459,ghee
460,ends
461,pillsbury
462,turnips
463,tamari
464,pretzels
465,harina
466,thirds
467,tips
468,gorgonzola
469,packets
470,minutes
471,pistachios
472,summer
473,chard
474,tenders
475,starter
476,sprinkles
477,thickness
478,pulp
479,queso
480,xanthan
481,bars
482,miso
483,pistachio
484,rump
485,toothpicks
486,miracle
487,jalapenos
488,cola
489,california
490,homemade
491,hickory
492,oysters
493,stevia
494,machine
495,club
496,boil
497,snapper
498,glutamate
499,mangoes
500,parsnips
501,dinner
502,monosodium
503,picante
504,biscuits
505,muffin
506,zesty
507,lengths
508,foods
509,lima
510,progresso
511,tortellini
512,jicama
513,grapefruit
514,duck
515,garnishes
516,watercress
517,vermicelli
518,dutch
519,breakstone
520,julienne
521,chickens
522,portabella
523,mexico
524,spices
525,creamer
526,house
527,drop
528,thermometer
529,swanson
530,zucchinis
531,markets
532,bowl
533,brie
534,mixture
535,carton
536,raisin
537,cornflakes
538,cutlets
539,gouda
540,serve
541,dairy
542,boxes
543,plantains
544,palm
545,caramels
546,asafoetida
547,neck
548,process
549,flake
550,ziti
551,valley
552,toppings
553,wedge
554,squid
555,stem
556,farfalle
557,fraiche
558,heart
559,extravirgin
560,balls
561,amount
562,hock
563,lemongrass
564,lids
565,scoops
566,strip
567,hershey
568,foil
569,meatballs
570,polenta
571,boston
572,malt
573,chip
574,morsels
575,rotisserie
576,steel
577,skirt
578,rigatoni
579,glaze
580,kitchen
581,escarole
582,fettuccini
583,krispies
584,stone
585,turbinado
586,tail
587,achiote
588,supermarkets
589,home
590,cacao
591,grey
592,pimiento
593,jigger
594,chickpea
595,shoots
596,product
597,bonnet
598,pepperoncini
599,shanks
600,dogs
601,ramen
602,beaters
603,island
604,chunk
605,genoa
606,burgundy
607,artichokes
608,premium
609,millet
610,buckwheat
611,vine
612,porcini
613,marinade
614,arrowroot
615,giblets
616,crumbles
617,sriracha
618,kaffir
619,dashi
620,block
621,hoagie
622,cognac
623,temp
624,grease
625,hocks
626,brine
627,minute
628,bibb
629,crimini
630,file
631,livers
632,spiral
633,envelopes
634,specialty
635,bass
636,sherbet
637,liters
638,hazelnut
639,beet
640,parchment
641,tomatillo
642,flounder
643,brownie
644,haddock
645,gallons
646,dozen
647,splash
648,mung
649,prune
650,originals
651,farm
652,juices
653,liter
654,breads
655,directions
656,puffed
657,cane
658,fava
659,fries
660,muffins
661,tender
662,cook
663,whey
664,gingersnap
665,browns
666,gallo
667,stout
668,tbls
669,paso
670,mein
671,accompaniments
672,pico
673,paneer
674,muenster
675,catsup
676,chow
677,agar
678,sazon
679,mission
680,segments
681,rabe
682,store
683,sushi
684,slivers
685,ravioli
686,ladyfingers
687,tidbits
688,cakes
689,pasilla
690,bartlett
691,skins
692,tblsp
693,aluminum
694,metal
695,processor
696,fusilli
697,rutabaga
698,meyer
699,poupon
700,grill
701,seasonings
702,balance
703,sure
704,rock
705,hass
706,gram
707,crumb
708,tiger
709,sections
710,fire
711,caster
712,shavings
713,carnation
714,tube
715,knife
716,fryer
717,nilla
718,karo
719,blueberry
720,carcass
721,kisses
722,kikkoman
723,york
724,crabs
725,pimientos
726,citrus
727,flowerets
728,roots
729,filets
730,kimchi
731,hour
732,toast
733,side
734,lavender
735,savoy
736,blossoms
737,madeira
738,orecchiette
739,cornflour
740,granola
741,tots
742,rotel
743,ciabatta
744,season
745,glass
746,tray
747,quaker
748,servings
749,reserve
750,ghirardelli
751,lipton
752,heirloom
753,crystals
754,arbol
755,oils
756,montreal
757,variety
758,hummus
759,chop
760,bouquet
761,feet
762,moist
763,steamers
764,mill
765,craisins
766,gnocchi
767,tempeh
768,currant
769,baguettes
770,rise
771,sofrito
772,flowers
773,lobsters
774,combination
775,classico
776,shops
777,stores
778,aminos
779,anjou
780,consomme
781,tater
782,broil
783,cholesterol
784,batter
785,harissa
786,radicchio
787,twists
788,tandoori
789,peeler
790,type
791,colors
792,flaky
793,floret
794,passion
795,anchovies
796,grnd
797,slaw
798,portions
799,alfalfa
800,blossom
801,winter
802,rutabagas
803,evans
804,london
805,linguini
806,challah
807,fruits
808,sauvignon
809,grahams
810,licorice
811,maker
812,moons
813,veins
814,canes
815,fork
816,curds
817,layer
818,curls
819,persimmon
820,certo
821,knorr
822,bark
823,hearty
824,focaccia
825,plantain
826,grouper
827,nectarines
828,sultana
829,bird
830,grind
831,note
832,triangles
833,patties
834,menthe
835,whitefish
836,place
837,moisture
838,tubes
839,caesar
840,outer
841,friendship
842,sorghum
843,texas
844,gumdrops
845,pigeon
846,spaghettini
847,soya
848,rack
849,rabbit
850,kellogg
851,racks
852,pwdr
853,pitas
854,weights
855,gingersnaps
856,lawry
857,circles
858,soybeans
859,huckleberries
860,cartilage
861,custard
862,stiffly
863,sardines
864,havarti
865,hours
866,grade
867,manchego
868,rainbow
869,kind
870,curacao
871,guava
872,section
873,coarsley
874,family
875,singles
876,seitan
877,snacks
878,slender
879,dente
880,press
881,blender
882,lumpia
883,mignon
884,demerara
885,times
886,haricots
887,bitters
888,suet
889,game
890,tangerine
891,smucker
892,piri
893,coca
894,marzipan
895,applewood
896,quot
897,membranes
898,kool
899,farms
900,pumpernickel
901,chick
902,tentacles
903,poppyseed
904,szechuan
905,roquefort
906,broiler
907,burger
908,verts
909,recipes
910,seasons
911,boursin
912,jiffy
913,yoplait
914,sponge
915,quarter
916,spun
917,pekoe
918,strings
919,multigrain
920,littleneck
921,core
922,mixer
923,soap
924,sprinkle
925,replacer
926,kiwifruit
927,request
928,spirals
929,buttercream
930,king
931,persimmons
932,chai
933,barilla
934,degrees
935,frankfurters
936,sauteed
937,tongue
938,piecrusts
939,emmentaler
940,bella
941,saute
942,swai
943,ring
944,trader
945,crustless
946,taro
947,meatless
948,middle
949,glace
950,coat
951,colada
952,adzuki
953,pina
954,chocolates
955,roughy
956,chourico
957,towel
958,okay
959,spearmint
960,baskets
961,reynolds
962,liquor
963,bagel
964,melts
965,zinfandel
966,decorations
967,capsicum
968,chardonnay
969,cedar
970,joints
971,layers
972,strands
973,cutter
974,mackerel
975,corkscrew
976,islands
977,croissants
978,pepe
979,cross
980,sambal
981,leche
982,quinces
983,time
984,peels
985,burrito
986,cabernet
987,kashmiri
988,acini
989,sorbet
990,casserole
991,ribbons
992,petals
993,jiggers
994,charcoal
995,cornichons
996,lasagne
997,pace
998,teas
999,mortadella
1000,jaggery
1001,hemp
1002,silver
1003,nugget
1004,meatloaf
1005,medallions
1006,delicata
1007,fruity
1008,teff
1009,evoo
1010,brick
1011,celeriac
1012,value
1013,jarlsberg
1014,dream
1015,decorator
1016,pouches
1017,bison
1018,razor
1019,dessert
1020,list
1021,walla
1022,line
1023,pisco
1024,wraps
1025,cassava
1026,alcohol
1027,bottoms
1028,oxtails
1029,twine
1030,shopping
1031,quail
1032,latin
1033,morton
1034,wakame
1035,basket
1036,portion
1037,pancakes
1038,demi
1039,frzn
1040,gemelli
1041,bratwursts
1042,till
1043,plank
1044,clusters
1045,comfort
1046,tripe
1047,matcha
1048,alum
1049,morningstar
1050,atar
1051,octopus
1052,hines
1053,caviar
1054,contadina
1055,sundae
1056,scapes
1057,blackstrap
1058,gooseberries
1059,galliano
1060,peaks
1061,beat
1062,grater
1063,xylitol
1064,party
1065,fleur
1066,gyoza
1067,patak
1068,work
1069,molds
1070,garni
1071,panettone
1072,towels
1073,veggies
1074,sugars
1075,shots
1076,crepes
1077,blanco
1078,fleischmann
1079,chewy
1080,rome
1081,fromage
1082,gourmet
1083,smokies
1084,thins
1085,bias
1086,carob
1087,tasty
1088,chilis
1089,pumpkins
1090,cheesecake
1091,spoons
1092,mortar
1093,maine
1094,oise
1095,detergent
1096,enoki
1097,pits
1098,garden
1099,pandan
1100,pastrami
1101,yucca
1102,springform
1103,bicarbonate
1104,groats
1105,attachment
1106,lacinato
1107,tawny
1108,gherkins
1109,alphabet
1110,waffles
1111,tapenade
1112,concord
1113,surface
1114,membrane
1115,mulato
1116,marrow
1117,brien
1118,bonito
1119,produce
1120,boar
1121,bucatini
1122,yields
1123,hibiscus
1124,giblet
1125,cooker
1126,hellman
1127,monte
1128,cartons
1129,mazola
1130,scallop
1131,whiz
1132,field
1133,tzatziki
1134,cuts
1135,pour
1136,confectioner
1137,sorrel
1138,dillweed
1139,bocconcini
1140,doritos
1141,empanada
1142,duty
1143,culantro
1144,ones
1145,minichips
1146,alligator
1147,weight
1148,passover
1149,cole
1150,castor
1151,cones
1152,preference
1153,ferns
1154,yuca
1155,manis
1156,chicory
1157,fresca
1158,shape
1159,braeburn
1160,butterfinger
1161,batch
1162,brussel
1163,sargento
1164,nicoise
1165,amarillo
1166,proof
1167,seconds
1168,crispix
1169,grinder
1170,earth
1171,bull
1172,lettuces
1173,saltines
1174,bakers
1175,wheel
1176,crock
1177,jennie
1178,merlot
1179,picnic
1180,include
1181,tipo
1182,nuggets
1183,farina
1184,gelatine
1185,cachaca
1186,chambord
1187,boboli
1188,lecithin
1189,fines
1190,granule
1191,fajitas
1192,hersheys
1193,ziploc
1194,calories
1195,snaps
1196,silks
1197,steamcrisp
1198,flanken
1199,necks
1200,monde
1201,frangelico
1202,wash
1203,macintosh
1204,tablet
1205,fresno
1206,oelek
1207,mills
1208,popsicle
1209,ener
1210,knob
1211,person
1212,cheeses
1213,amchoor
1214,chowder
1215,liners
1216,college
1217,grana
1218,oaxaca
1219,scraper
1220,padano
1221,date
1222,chilli
1223,prego
1224,glasses
1225,salata
1226,swirl
1227,beau
1228,bertolli
1229,fatback
1230,guanciale
1231,franks
1232,wieners
1233,hunt
1234,decors
1235,addition
1236,brewers
1237,tamales
1238,slabs
1239,niblets
1240,drumettes
1241,guavas
1242,form
1243,bench
1244,manzanilla
1245,maggi
1246,lollipop
1247,clover
1248,bagels
1249,grapefruits
1250,hand
1251,daniels
1252,power
1253,radiatore
1254,england
1255,chaat
1256,fuyu
1257,kecap
1258,pheasant
1259,sashimi
1260,mince
1261,shreds
1262,mutton
1263,submarine
1264,calf
1265,pith
1266,souffl
1267,chana
1268,holes
1269,fragments
1270,hillshire
1271,decorative
1272,deluxe
1273,cassis
1274,rennet
1275,cores
1276,shapes
1277,herman
1278,jerusalem
1279,supplement
1280,pockets
1281,domino
1282,market
1283,cutters
1284,fluff
1285,pattypan
1286,marzano
1287,tobiko
1288,count
1289,brownies
1290,worchestershire
1291,carp
1292,pernod
1293,tspn
1294,kings
1295,cloth
1296,pate
1297,toasts
1298,claussen
1299,express
1300,toasting
1301,jimmy
1302,scissors
1303,tangerines
1304,marzetti
1305,nests
1306,length
1307,lakes
1308,vera
1309,shakes
1310,bodies
1311,chihuahua
1312,tbps
1313,manioc
1314,aperitif
1315,tlbs
1316,lingui
1317,leafy
1318,splashes
1319,tyson
1320,gingerbread
1321,percent
1322,amaretti
1323,plate
1324,angle
1325,streusel
1326,bacardi
1327,nesquik
1328,texture
1329,triscuit
1330,negro
1331,milkfat
1332,grands
1333,saut
1334,benriner
1335,saskatoon
1336,gumdrop
1337,nonpareils
1338,mints
1339,dust
1340,gills
1341,hook
1342,freeze
1343,bailey
1344,hanger
1345,carnitas
1346,calves
1347,pocket
1348,speed
1349,cheez
1350,hunts
1351,cubanelle
1352,brioche
1353,farmers
1354,husk
1355,twin
1356,waffle
1357,wondra
1358,sucanat
1359,mochi
1360,mole
1361,harvest
1362,bragg
1363,aspartame
1364,measure
1365,muscle
1366,heath
1367,teardrop
1368,tacos
1369,capsicums
1370,pepitas
1371,velvet
1372,baller
1373,energy
1374,pestle
1375,capicola
1376,capacola
1377,grigio
1378,skewer
1379,pastina
1380,backs
1381,purslane
1382,butterfly
1383,eyes
1384,soppressata
1385,degree
1386,scaloppine
1387,frais
1388,pistolette
1389,shortcrust
1390,clementines
1391,williamsburg
1392,soul
1393,foam
1394,farmhouse
1395,bruinoise
1396,serviceberries
1397,violet
1398,chiffonade
1399,medley
1400,branzino
1401,recao
1402,tangy
1403,artisan
1404,sift
1405,schubert
1406,rapidrise
1407,start
1408,roux
1409,sister
1410,cannelloni
1411,cobs
1412,burrata
1413,coconuts
1414,spenda
1415,carbohydrate
1416,fusion
1417,lone
1418,gizzards
1419,angostura
1420,virginia
1421,squirt
1422,shot
1423,worm
1424,ganache
1425,japones
1426,sprays
1427,refrigerate
1428,night
1429,pimenton
1430,uncle
1431,plump
1432,drinking
1433,psyllium
1434,bowtie
1435,crinkle
1436,stars
1437,pastries
1438,hake
1439,cactus
1440,petit
1441,factory
1442,boullion
1443,sago
1444,morels
1445,perrins
1446,needles
1447,chillies
1448,varieties
1449,mash
1450,captain
1451,mason
1452,crouton
1453,grillers
1454,crookneck
1455,hands
1456,dragon
1457,trimmings
1458,pies
1459,pastas
1460,william
1461,bloody
1462,kahl
1463,anasazi
1464,suits
1465,solids
1466,brush
1467,moon
1468,construction
1469,shiraz
1470,sumaq
1471,smoky
1472,rbol
1473,tofutti
1474,option
1475,creations
1476,treacle
1477,fage
1478,teabags
1479,rims
1480,briskets
1481,pantry
1482,tomatos
1483,mozarella
1484,coco
1485,people
1486,fingers
1487,crunch
1488,chipotles
1489,nopales
1490,mark
1491,microgreens
1492,peelings
1493,aioli
1494,omega
1495,satsuma
1496,steamer
1497,rockfish
1498,measures
1499,sweetner
1500,cannoli
1501,spoon
1502,azuki
1503,tang
1504,jackfruit
1505,drizzle
1506,yield
1507,comte
1508,doubanjiang
1509,haas
1510,prep
1511,campbells
1512,chitterlings
1513,lardons
1514,drumstick
1515,kluski
1516,disk
1517,grocery
1518,inner
1519,flatbread
1520,nettles
1521,match
1522,compote
1523,setting
1524,pollock
1525,kelp
1526,dragees
1527,nature
1528,year
1529,smoker
1530,papayas
1531,gound
1532,bugles
1533,chokecherry
1534,preparation
1535,rell
1536,rectangles
1537,verbena
1538,pumpkinseed
1539,instructions
1540,becel
1541,coins
1542,dean
1543,zuchini
1544,body
1545,centers
1546,peices
1547,shears
1548,juicer
1549,sierra
1550,saucepan
1551,avocadoes
1552,earl
1553,fungus
1554,quantity
1555,strength
1556,reposado
1557,rouille
1558,backfin
1559,ovals
1560,look
1561,planks
1562,sides
1563,broccolini
1564,discs
1565,extrafirm
1566,aacute
1567,mafalda
1568,sonoma
1569,spoilage
1570,atkins
1571,crabapples
1572,thomas
1573,transfer
1574,gano
1575,bear
1576,quicker
1577,trouble
1578,beam
1579,doone
1580,bonless
1581,virgen
1582,carolina
1583,kangaroo
1584,snails
1585,cauliflowerets
1586,samuel
1587,holiday
1588,cavatelli
1589,rhodes
1590,spines
1591,chamomile
1592,ylang
1593,beards
1594,chees
1595,morgan
1596,goodness
1597,briefly
1598,mallet
1599,baste
1600,opah
1601,platter
1602,faux
1603,channa
1604,capellini
1605,damp
1606,stella
1607,paella
1608,marionberries
1609,morsel
1610,chanterelles
1611,bricks
1612,garbonzo
1613,calcium
1614,leafs
1615,pierogies
1616,mates
1617,malibu
1618,torani
1619,callisons
1620,zapallo
1621,croissant
1622,combo
1623,chef
1624,helix
1625,niblet
1626,colander
1627,arils
1628,gourd
1629,step
1630,lovage
1631,zwieback
1632,defrost
1633,sport
1634,ribbon
1635,giorno
1636,leather
1637,middles
1638,pimenta
1639,rocket
1640,mache
1641,backbones
1642,hellmans
1643,anisette
1644,squirrels
1645,philidelphia
1646,fashion
1647,pheasants
1648,poire
1649,brother
1650,coulis
1651,cabot
1652,mahleb
1653,turbino
1654,cajeta
1655,farl
1656,rectangular
1657,condensation
1658,seckel
1659,papery
1660,gloves
1661,proofed
1662,matzohs
1663,improver
1664,pullman
1665,breadstick
1666,callaloo
1667,kasha
1668,jordan
1669,macaroon
1670,teaspooons
1671,smokie
1672,scales
1673,oacute
1674,snickers
1675,beauty
1676,padi
1677,carpet
1678,fillings
1679,backstrap
1680,cantaloupes
1681,courgette
1682,consomm
1683,chesapeake
1684,krispie
1685,chimney
1686,world
1687,disks
1688,chokes
1689,omit
1690,shoot
1691,watchers
1692,daves
1693,sopressata
1694,pastini
1695,sassafras
1696,branston
1697,points
1698,upholstery
1699,drum
1700,potsticker
1701,quatre
1702,canister
1703,mullet
1704,blocks
1705,garnet
1706,mind
1707,margerine
1708,master
1709,jalepenos
1710,condiment
1711,smuckers
1712,dannon
1713,ajinomoto
1714,combine
1715,fishmonger
1716,watch
1717,matzoh
1718,shichimi
1719,cornhusks
1720,muscat
1721,breadsticks
1722,daiquiri
1723,glycerine
1724,substitutes
1725,deer
1726,maytag
1727,toor
1728,hachiya
1729,tablepoons
1730,craft
1731,puffs
1732,buddig
1733,dense
1734,freans
1735,coach
1736,lengthways
1737,moida
1738,holland
1739,kirkland
1740,genesis
1741,doughs
1742,slighty
1743,boysenberries
1744,culture
1745,wholemeal
1746,southeast
1747,campanelle
1748,fiddleheads
1749,fettucine
1750,thing
1751,slider
1752,trifle
1753,member
1754,peperoncini
1755,squashes
1756,dices
1757,spot
1758,tricolor
1759,board
1760,demiglace
1761,jang
1762,crostini
1763,valpolicella
1764,ricer
1765,parmagiano
1766,sloe
1767,feathery
1768,simmer
1769,goldfish
1770,fels
1771,prepare
1772,consistency
1773,mayocoba
1774,spernong
1775,easter
1776,lanka
1777,cotton
1778,sachet
1779,rooibos
1780,glycerin
1781,pistils
1782,dominoes
1783,alaska
1784,sauces
1785,azul
1786,calamansi
1787,butterball
1788,oval
1789,backbone
1790,gewurztraminer
1791,mail
1792,hormel
1793,widthwise
1794,quince
1795,order
1796,elderberries
1797,pride
1798,shooter
1799,neon
1800,calabaza
1801,hull
1802,cracklings
1803,smirnoff
1804,peek
1805,ponzu
1806,calabash
1807,giardiniera
1808,dishes
1809,porter
1810,savoiardi
1811,adolphs
1812,quesadilla
1813,release
1814,yards
1815,stolichnaya
1816,cone
1817,ajies
1818,hammer
1819,oreos
1820,crossways
1821,scraps
1822,leicester
1823,griddle
1824,create
1825,togarashi
1826,cacho
1827,coolwhip
1828,condition
1829,walmart
1830,vita
1831,grains
1832,http
1833,cascabel
1834,courgettes
1835,bris
1836,heartland
1837,cabra
1838,brut
1839,calculations
1840,chloride
1841,hashbrowns
1842,goldschlager
1843,leftovers
1844,bleu
1845,prik
1846,maseca
1847,millie
1848,bomba
1849,macaroons
1850,yellowfin
1851,shrimps
1852,wisconsin
1853,crowns
1854,juicy
1855,remoulade
1856,beetroots
1857,icings
1858,colossal
1859,truffles
1860,veganaise
1861,bath
1862,discard
1863,kombu
1864,version
1865,dumplings
1866,cloud
1867,extracts
1868,skillets
1869,restaurant
1870,salmonberries
1871,cuban
1872,jowl
1873,partridge
1874,schwans
1875,cockles
1876,ingredidents
1877,cappuccino
1878,helper
1879,claw
1880,book
1881,values
1882,flaxseeds
1883,expeller
1884,gristle
1885,habaneros
1886,garbanzos
1887,counter
1888,furikake
1889,concrod
1890,reame
1891,kasigi
1892,kumara
1893,zape
1894,conditioner
1895,clod
1896,pilchards
1897,tespoon
1898,frangipane
1899,reuben
1900,blackcurrant
1901,shiratiki
1902,crockpot
1903,boudin
1904,clips
1905,dowels
1906,easyserves
1907,bland
1908,comice
1909,pruitt
1910,mate
1911,chang
1912,consistancy
1913,pansies
1914,powdery
1915,chilaca
1916,hulls
1917,durkee
1918,poticas
1919,shop
1920,amchur
1921,boletus
1922,couple
1923,members
1924,gardetto
1925,elephant
1926,bovril
1927,breadcumbs
1928,mister
1929,serranos
1930,pckges
1931,balsamico
1932,kwas
1933,viognier
1934,johnsonville
1935,bicolor
1936,weiners
1937,jalepeno
1938,roun
1939,rubby
1940,chanco
1941,molasseses
1942,calasparra
1943,milo
1944,loco
1945,enter
1946,totillas
1947,pioneer
1948,steakums
1949,durra
1950,gnocchetti
1951,guittard
1952,muchrooms
1953,cebollas
1954,stickers
1955,guanjino
1956,tozu
1957,flavors
1958,turkeys
1959,days
1960,scharffen
1961,tablespoom
1962,level
1963,detail
1964,peter
1965,biga
1966,tablespooons
1967,switzerland
1968,boiler
1969,montenegro
1970,crash
1971,eggwash
1972,nutrasweet
1973,millers
1974,butterhead
1975,cancel
1976,barbera
1977,strand
1978,gari
1979,waterleaf
1980,garlick
1981,runny
1982,advice
1983,knuckles
1984,puritan
1985,calculate
1986,decrease
1987,brains
1988,tongs
1989,rojo
1990,designs
1991,coast
1992,wheaties
1993,visit
1994,macapuno
1995,sans
1996,violets
1997,malaga
1998,piccalilli
1999,frech
2000,semicircles
2001,queijo
2002,taragon
2003,check
2004,conserve
2005,waters
2006,crocks
2007,kids
2008,substitutions
2009,regina
2010,parrillo
2011,calzones
2012,ghiradelli
2013,myers
2014,ligth
2015,salty
2016,shea
2017,springs
2018,content
2019,delight
2020,wagon
2021,marion
2022,cotto
2023,tissue
2024,mozzerella
2025,michigan
2026,naturals
2027,maltaise
2028,milliliter
2029,toffutti
2030,cruzan
2031,ginqer
2032,website
2033,cobbler
2034,gelatins
2035,boric
2036,cutlet
2037,potatos
2038,inspirations
2039,limon
2040,cameo
2041,babyfood
2042,anglais
2043,satay
2044,clingstone
2045,kebabs
2046,cinnabon
2047,banneton
2048,pilsner
2049,spumanti
2050,reds
2051,preserving
2052,kernal
2053,pollack
2054,sleeves
2055,garnier
2056,farls
2057,xantham
2058,bobs
2059,shaking
2060,beurre
2061,lizano
2062,coil
2063,escargot
2064,sort
2065,mckay
2066,bring
2067,bisque
2068,circ
2069,city
2070,sambar
2071,realemon
2072,jams
2073,arnaise
2074,yazzo
2075,tubetti
2076,sports
2077,midel
2078,mirepoix
2079,results
2080,northwoods
2081,extension
2082,materials
2083,williams
2084,boats
2085,mccormicks
2086,tates
2087,flatter
2088,smoother
2089,yakisoba
2090,damson
2091,manischewitz
2092,mustardor
2093,notstarch
2094,variation
2095,grenache
2096,tastebuds
2097,concasse
2098,oegano
2099,chilles
2100,glucomannan
2101,yves
2102,oikos
2103,breas
2104,hakurei
2105,morcilla
2106,unflavore
2107,shaker
2108,bellas
2109,cutout
2110,freihofer
2111,goji
2112,serpmek
2113,taffy
2114,guerande
2115,edulis
2116,procedure
2117,shepherds
2118,lobes
2119,choclate
2120,saikyo
2121,aspx
2122,aceto
2123,empire
2124,mahimahi
2125,berger
2126,confectionery
2127,crinkly
2128,phillips
2129,tbspy
2130,glucerna
2131,secions
2132,mousseline
2133,dissolve
2134,yuzu
2135,jagermeister
2136,bites
2137,tostito
2138,slim
2139,access
2140,vegatables
2141,honeysuckle
2142,jero
2143,barbacoa
2144,brothers
2145,tanqueray
2146,anyone
2147,morgans
2148,tillamook
2149,tequlia
2150,roland
2151,fisher
2152,pots
2153,howto
2154,kdark
2155,marjorum
2156,seas
2157,bola
2158,chopmeat
2159,cinnimon
2160,jonathan
2161,droed
2162,martha
2163,group
2164,petits
2165,redleaf
2166,worcestrshire
2167,gravey
2168,crackedblack
2169,sazonador
2170,noise
2171,kkdney
2172,matchlike
2173,hajikami
2174,montarey
2175,muscatel
2176,claret
2177,choices
2178,baggie
2179,number
2180,krusteaz
2181,marie
2182,vinella
2183,appetizer
2184,aspics
2185,cambell
2186,jones
2187,kreplach
2188,achar
2189,receive
2190,goddess
2191,calamansis
2192,tuaca
2193,sparkles
2194,torzelle
2195,temperatures
2196,powders
2197,pickapeppa
2198,bronte
2199,madrasala
2200,timmy
2201,matzah
2202,bullion
2203,changes
2204,frittata
2205,muti
2206,dahl
2207,cann
2208,orgeat
2209,birds
2210,winglets
2211,brands
2212,mirlitons
2213,kelsey
2214,icin
2215,bestlife
2216,kefalotyri
2217,nama
2218,bakery
2219,collection
2220,cookers
2221,plack
2222,kewpie
2223,barrilla
2224,tape
2225,rehydrate
2226,silpain
2227,pressure
2228,kala
2229,cama
2230,dobule
2231,border
2232,pilau
2233,kefalotiri
2234,tienda
2235,dollop
2236,immature
2237,barhi
2238,taquitos
2239,moss
2240,malanga
2241,gefilte
2242,meats
2243,secrets
2244,gondola
2245,gloucester
2246,hole
2247,tilapa
2248,collards
2249,tseaspoon
2250,fall
2251,tone
2252,crescenza
2253,carbs
2254,jenni
2255,fuzzy
2256,papers
2257,winte
2258,kilograms
2259,cultures
2260,costeno
2261,blooming
2262,symphony
2263,manufacturer
2264,divide
2265,liption
2266,huckleberry
2267,chum
2268,dino
2269,anything
2270,caffe
2271,sprounts
2272,pignolis
2273,perilla
2274,fritos
2275,redskin
2276,taqueria
2277,spirulina
2278,ceci
2279,clay
2280,extrasweet
2281,putty
2282,transfers
2283,churrera
2284,contents
2285,salam
2286,aspargus
2287,chopperd
2288,courtesy
2289,cloverlead
2290,ketjap
2291,redmond
2292,sabayon
2293,ficelle
2294,bock
2295,tortillia
2296,flours
2297,dinosaur
2298,saigon
2299,victoria
2300,kabob
2301,dawn
2302,potstickers
2303,jigglers
2304,gremolata
2305,disaronno
2306,ghost
2307,suace
2308,bonney
2309,gypsy
2310,filter
2311,eggland
2312,romana
2313,mandarine
2314,treetop
2315,carambolas
2316,litres
2317,tablspoons
2318,crude
2319,wyler
2320,orig
2321,snakes
2322,stretchy
2323,colorado
2324,coalho
2325,call
2326,variant
2327,stomach
2328,poke
2329,cornhusk
2330,watercolor
2331,cordial
2332,calculator
2333,hunks
2334,rica
2335,thicker
2336,beetroot
2337,hank
2338,rocks
2339,guarana
2340,unjury
2341,trotters
2342,sekanjabin
2343,tupelo
2344,seco
2345,watcher
2346,softasilk
2347,problem
2348,droppers
2349,bruschetta
2350,pigs
2351,devils
2352,fusili
2353,zuchinni
2354,clementine
2355,jawbreakers
2356,pain
2357,schwarzwaelder
2358,gras
2359,tenda
2360,caribou
2361,borage
2362,tatli
2363,muscadet
2364,spark
2365,wray
2366,jorge
2367,mealmaker
2368,bold
2369,soyrizo
2370,triangle
2371,peychaud
2372,roaster
2373,califlower
2374,umeboshi
2375,tagine
2376,fandango
2377,vino
2378,anglaise
2379,dump
2380,montereyjack
2381,pleaser
2382,wonder
2383,hoods
2384,gelato
2385,starchy
2386,corriander
2387,design
2388,amounts
2389,mustards
2390,clorox
2391,purity
2392,classes
2393,kranjska
2394,reece
2395,parents
2396,fromprime
2397,ixzz
2398,pilaf
2399,mizuna
2400,pair
2401,choriceros
2402,starters
2403,buttons
2404,shredde
2405,appearance
2406,neckbones
2407,yokes
2408,pataks
2409,canela
2410,worsteshire
2411,riblets
2412,manner
2413,margoram
2414,chutneys
2415,choppedfresh
2416,makara
2417,nothing
2418,pick
2419,berio
2420,prawn
2421,madagascar
2422,minces
2423,bare
2424,tablets
2425,musketeers
2426,splena
2427,kochu
2428,kiwifruits
2429,cheriyaki
2430,biber
2431,formula
2432,welch
2433,josh
2434,micro
2435,nitrate
2436,signs
2437,triscuits
2438,bluefin
2439,forms
2440,nestles
2441,elboe
2442,comt
2443,kernals
2444,brain
2445,aitchbone
2446,coppa
2447,candlenuts
2448,ciroc
2449,vinegarette
2450,ifnot
2451,peeld
2452,carl
2453,advance
2454,renees
2455,chopsticks
2456,manzanillo
2457,lowry
2458,coves
2459,keebler
2460,wilton
2461,marlin
2462,wuyi
2463,oloroso
2464,repeat
2465,cedarwood
2466,carrotts
2467,smoking
2468,notes
2469,mont
2470,supply
2471,sutter
2472,char
2473,cheeks
2474,mincd
2475,infusions
2476,strainer
2477,booster
2478,shelby
2479,boards
2480,shedd
2481,aromat
2482,oregno
2483,horizon
2484,area
2485,pacific
2486,carroll
2487,wasa
2488,tablesppon
2489,cause
2490,kiss
2491,smiths
2492,langostino
2493,chik
2494,carpaccio
2495,extrasharp
2496,preferences
2497,hang
2498,burgers
2499,mars
2500,smelts
2501,peeps
2502,covington
2503,jour
2504,ounes
2505,packey
2506,unit
2507,flute
2508,sherrif
2509,missouri
2510,nutrition
2511,bremner
2512,alternate
2513,pollen
2514,hood
2515,rbst
2516,grano
2517,kideny
2518,pictsweet
2519,soyagen
2520,lion
2521,margarin
2522,waxgourd
2523,sixths
2524,paul
2525,thanks
2526,dreamfield
2527,safety
2528,selection
2529,dips
2530,slurry
2531,chopp
2532,cormick
2533,acidity
2534,guero
2535,wrung
2536,handfuls
2537,sirlion
2538,carcasses
2539,ranchero
2540,astt
2541,beryl
2542,president
2543,copper
2544,replacement
2545,fino
2546,clves
2547,worms
2548,stocks
2549,cayanne
2550,budig
2551,grit
2552,cereals
2553,cambozola
2554,maria
2555,rajas
2556,malitol
2557,basque
2558,result
2559,dianosaur
2560,boulion
2561,rust
2562,mincer
2563,masoor
2564,cacheres
2565,john
2566,chouri
2567,seamless
2568,fuits
2569,bunnymallows
2570,amaro
2571,caponata
2572,america
2573,balk
2574,somersweet
2575,message
2576,laver
2577,fordhook
2578,lasts
2579,gourds
2580,valor
2581,eggroll
2582,tony
2583,panquehue
2584,items
2585,fabada
2586,rancherito
2587,kasturi
2588,join
2589,lumaconi
2590,trottole
2591,frencher
2592,soure
2593,sencha
2594,deribbed
2595,kikkonen
2596,cabrales
2597,cowboy
2598,river
2599,delicate
2600,incorporate
2601,cepes
2602,attachments
2603,cinnamin
2604,cherokee
2605,solemia
2606,rotelli
2607,bambino
2608,syrups
2609,eucalyptus
2610,rishi
2611,frogs
2612,bergamot
2613,yung
2614,musselman
2615,george
2616,spike
2617,lighty
2618,bolillo
2619,mule
2620,toenjang
2621,washington
2622,dictine
2623,saccharin
2624,padron
2625,clone
2626,mouth
2627,matter
2628,cavity
2629,iceberge
2630,belgioioso
2631,ossobuco
2632,toscano
2633,crumbly
2634,hardware
2635,jellybeans
2636,soppressatta
2637,karabiber
2638,aisel
2639,elarji
2640,wipe
2641,menu
2642,rods
2643,casarecce
2644,vigin
2645,mins
2646,goodseasons
2647,pizzella
2648,cewy
2649,denjang
2650,tendon
2651,cocount
2652,variations
2653,tyme
2654,silkroad
2655,fritters
2656,edges
2657,chedder
2658,nigari
2659,fiery
2660,kummelweck
2661,extralarge
2662,yerba
2663,foamy
2664,kabartma
2665,silme
2666,elements
2667,aubergine
2668,none
2669,nips
2670,proverbs
2671,caprino
2672,epices
2673,andes
2674,valencia
2675,coluntro
2676,mailbu
2677,salute
2678,calamata
2679,flovour
2680,gochugaru
2681,return
2682,glitter
2683,maddalena
2684,cuisine
2685,risotto
2686,amarula
2687,pats
2688,chamorro
2689,stage
2690,passionfruit
2691,buena
2692,johnny
2693,reactive
2694,casein
2695,juliennes
2696,wider
2697,microplane
2698,prezel
2699,pastel
2700,emmenthaler
2701,susam
2702,beed
2703,batches
2704,shiitakes
2705,raclette
2706,tenderness
2707,pica
2708,href
2709,coin
2710,suga
2711,finer
2712,ckckc
2713,university
2714,amazon
2715,everything
2716,cheshire
2717,braciole
2718,carbon
2719,tellicherry
2720,acids
2721,maryland
2722,chris
2723,iceburg
2724,derby
2725,signature
2726,pices
2727,johnnys
2728,judges
2729,boudoirs
2730,trans
2731,raita
2732,ways
2733,decals
2734,edients
2735,hush
2736,shreddies
2737,seedy
2738,hamachi
2739,grandma
2740,arrack
2741,teriaki
2742,tins
2743,china
2744,hamburgers
2745,fishes
2746,stadium
2747,boonie
2748,crudit
2749,scones
2750,moto
2751,course
2752,headless
2753,chucnk
2754,sugare
2755,suce
2756,team
2757,twinkies
2758,intestines
2759,toaster
2760,macadamias
2761,sunkist
2762,spiralizer
2763,vein
2764,additions
2765,newman
2766,ducks
2767,hersey
2768,circle
2769,licor
2770,purp
2771,spikes
2772,tennis
2773,rago
2774,chope
2775,flaxmeal
2776,gebhardt
2777,tailless
2778,cluster
2779,wontons
2780,buitoni
2781,amarettini
2782,nusalt
2783,zuchinnis
2784,cotechino
2785,needs
2786,meeting
2787,paintbrush
2788,dukka
2789,chlorine
2790,monin
2791,classics
2792,dirty
2793,corekotu
2794,smash
2795,lenghtwise
2796,randall
2797,punsch
2798,kinky
2799,chorize
2800,hero
2801,products
2802,mother
2803,olek
2804,quahogs
2805,criollo
2806,dehydrator
2807,lieu
2808,mafaldine
2809,skor
2810,tilopia
2811,pkts
2812,somen
2813,melba
2814,peppar
2815,beries
2816,bouquets
2817,starbucks
2818,quiche
2819,kugelhopf
2820,mandolin
2821,condiments
2822,template
2823,kerrygold
2824,minlevel
2825,stracchino
2826,hint
2827,atheno
2828,trumpet
2829,longbottom
2830,camembert
2831,tabelspoons
2832,yautia
2833,guam
2834,isopure
2835,cardamon
2836,nduja
2837,sandies
2838,roka
2839,sqgash
2840,gardein
2841,peppery
2842,parm
2843,tard
2844,clarita
2845,bubbles
2846,appleton
2847,chesnuts
2848,bisanzio
2849,lardo
2850,hold
2851,mortons
2852,kettle
2853,flatbreads
2854,lechera
2855,mozerella
