605cde8b0e3c260cffac40ffc83220b3	vietnamese	Vietnamese Beef Noodle Soup 	4 ounces dried rice noodles |6 cups cold water |3 (10.5 ounce) cans condensed beef broth |1 teaspoon chopped fresh ginger root |1/2 teaspoon kosher salt |1 Thai chile, chopped |1/2 pound boneless top round steak, sliced very thin |1/4 pound fresh basil |4 tablespoons snipped fresh cilantro |1/4 pound mung bean sprouts |4 green onions, thinly sliced |4 wedges lime |hot pepper sauce (optional) |oyster sauce (optional) |	258	30900.0	5800.0	20.9	2160	43
b53c6c3447f1ad2c5907bcbc0fba8b86	vietnamese	Vietnamese Aromatic Lamb Chops 	15 (3 ounce) lamb loin chops (1-inch thick) |2 cloves garlic, sliced |1 teaspoon garlic powder, or to taste |1 pinch chili powder |2 tablespoons white sugar |freshly ground black pepper to taste |1 tablespoon fresh lime juice |1 tablespoon soy sauce |2 tablespoons olive oil |1/4 cup chopped fresh cilantro |2 lime wedges |2 lemon wedges |	555	7400.0	40400.0	38.6	301	151
54d473a4d06b8bb2e67c5cc2e1b2b222	vietnamese	Vietnamese Salad Rolls 	1 (8 ounce) package rice vermicelli |8 ounces cooked, peeled shrimp, cut in half lengthwise |8 rice wrappers (6.5 inch diameter) |1 carrot, julienned |1 cup shredded lettuce |1/4 cup chopped fresh basil |1/2 cup hoisin sauce |water as needed |	187	31200.0	1500.0	11.6	344	57
701dcfd7be074ae707e29e78bafe1330	vietnamese	Vietnamese Iced Coffee 	4 cups water |1/2 cup dark roast ground coffee beans |1/2 cup sweetened condensed milk |16 ice cubes |	129	22000	3300.0	3.3	64	13
38040e97b4bb23c57a74d497088176d2	vietnamese	Vietnamese Chicken Salad 	1 tablespoon finely chopped green chile peppers |1 tablespoon rice vinegar |2 tablespoons fresh lime juice |3 tablespoons Asian fish sauce |3 cloves garlic, minced |1 tablespoon white sugar |1 tablespoon Asian (toasted) sesame oil |2 tablespoons vegetable oil |1 teaspoon black pepper |2 cooked skinless boneless chicken breast halves, shredded |1/2 head cabbage, cored and thinly sliced |1 carrot, cut into matchsticks |1/3 onion, finely chopped |1/3 cup finely chopped dry roasted peanuts |1/3 cup chopped fresh cilantro |	303	19300.0	17900.0	19.2	991	37
b3f8588c11c67645d25d636b0010603b	vietnamese	Vietnamese Style Vegetarian Curry Soup 	2 tablespoons vegetable oil |1 onion, coarsely chopped |2 shallots, thinly sliced |2 cloves garlic, chopped |2 inch piece fresh ginger root, thinly sliced |1 stalk lemon grass, cut into 2 inch pieces |4 tablespoons curry powder |1 green bell pepper, coarsely chopped |2 carrots, peeled and diagonally sliced |8 mushrooms, sliced |1 pound fried tofu, cut into bite-size pieces |4 cups vegetable broth |4 cups water |2 tablespoons vegetarian fish sauce (optional) |2 teaspoons red pepper flakes |1 bay leaf |2 kaffir lime leaves |8 small potatoes, quartered |1 (14 ounce) can coconut milk |2 cups fresh bean sprouts, for garnish |8 sprigs fresh chopped cilantro, for garnish |	479	51400.0	26500.0	16.4	271	0
341fa22f35ac24bc30d0874b82e1272d	vietnamese	Vietnamese Beef And Lettuce Curry 	1 cup uncooked long grain white rice |2 cups water |5 teaspoons white sugar |1 clove garlic, minced |1/4 cup fish sauce |5 tablespoons water |1 1/2 tablespoons chile sauce |1 lemon, juiced |2 tablespoons vegetable oil |3 cloves garlic, minced |1 pound ground beef |1 tablespoon ground cumin |1 (28 ounce) can canned diced tomatoes |2 cups lettuce leaves, torn into 1/2 inch wide strips |	529	56900.0	21000	26.3	1481	69
41f0528a2967612677f3df03175dfd3b	vietnamese	Caramel Coated Catfish 	1/3 cup water |2 tablespoons fish sauce |2 shallots, chopped |4 cloves garlic, minced |1 1/2 teaspoons ground black pepper |1/4 teaspoon red pepper flakes |1/3 cup water |1/3 cup white sugar |2 pounds catfish fillets |1/2 teaspoon white sugar |1 tablespoon fresh lime juice |1 green onion, thinly sliced |1/2 cup chopped cilantro |	404	24100.0	17400.0	36.8	676	107
51fd9b3bc319bbd392694913e6c85c0f	vietnamese	Bo Nuong Xa 	2 teaspoons white sugar |2 tablespoons soy sauce |1 teaspoon ground black pepper |2 cloves garlic, minced |2 stalks lemon grass, minced |2 teaspoons sesame seeds |1 1/2 pounds sirloin tip, thinly sliced |skewers |12 leaves romaine lettuce |fresh cilantro for garnish |fresh basil for garnish |fresh mint for garnish |thinly sliced green onion for garnish |	204	5700.0	11100.0	20.1	348	61
a7886e7283cf1a6d844b2262b6a4ee45	vietnamese	Vietnamese Fresh Spring Rolls 	2 ounces rice vermicelli |8 rice wrappers (8.5 inch diameter) |8 large cooked shrimp - peeled, deveined and cut in half |1 1/3 tablespoons chopped fresh Thai basil |3 tablespoons chopped fresh mint leaves |3 tablespoons chopped fresh cilantro |2 leaves lettuce, chopped |4 teaspoons fish sauce |1/4 cup water |2 tablespoons fresh lime juice |1 clove garlic, minced |2 tablespoons white sugar |1/2 teaspoon garlic chili sauce |3 tablespoons hoisin sauce |1 teaspoon finely chopped peanuts |	82	15800.0	700.0	3.3	305	11
0ba8c36edfa81d5e5f279abfbf812d0d	vietnamese	Vietnamese Sandwich 	4 boneless pork loin chops, cut 1/4 inch thick |4 (7 inch) French bread baguettes, split lengthwise |4 teaspoons mayonnaise, or to taste |1 ounce chile sauce with garlic |1/4 cup fresh lime juice |1 small red onion, sliced into rings |1 medium cucumber, peeled and sliced lengthwise |2 tablespoons chopped fresh cilantro |salt and pepper to taste |	627	72100.0	12100.0	55.3	908	124
3713c4e888c1de8b77f890b9cef95ccf	vietnamese	Beef Pho 	5 pounds beef knuckle, with meat |2 pounds beef oxtail |1 white (daikon) radish, sliced |2 onions, chopped |2 ounces whole star anise pods |1/2 cinnamon stick |2 whole cloves |1 teaspoon black peppercorns |1 slice fresh ginger root |1 tablespoon white sugar |1 tablespoon salt |1 tablespoon fish sauce |1 1/2 pounds dried flat rice noodles |1/2 pound frozen beef sirloin |Sriracha hot pepper sauce |hoisin sauce |thinly sliced onion |chopped fresh cilantro |bean sprouts (mung beans) |sweet Thai basil |thinly sliced green onion |limes, quartered |						
5eb7eae3f56a293f2ddc04cf1f63351f	vietnamese	Thit Bo Xao Dau 	1 clove garlic, minced |1/4 teaspoon ground black pepper |1 teaspoon cornstarch |1 teaspoon vegetable oil |1 pound sirloin tips, thinly sliced |3 tablespoons vegetable oil |1/2 onion, thinly sliced |2 cups fresh green beans, washed and trimmed |1/4 cup chicken broth |1 teaspoon soy sauce |	376	6300.0	28600.0	23.1	199	76
5d91d176efd8a689b4cfffc2eed87dbe	vietnamese	Authentic Pho 	4 pounds beef soup bones |1 onion, unpeeled and cut in half |5 slices fresh ginger |1 tablespoon salt |2 pods star anise |2 1/2 tablespoons fish sauce |4 quarts water |1 (8 ounce) package dried rice noodles |1 1/2 pounds beef top sirloin, thinly sliced |1/2 cup chopped cilantro |1 tablespoon chopped green onion |1 1/2 cups bean sprouts |1 bunch Thai basil |1 lime, cut into 4 wedges |1/4 cup hoisin sauce (optional) |1/4 cup chile-garlic sauce (such as Sriracha(R)) (optional) |	509	65600.0	11000	34.9	3519	74
bfd196a502d5c4e911537ff90b984def	vietnamese	Vermicelli Noodle Bowl 	1/4 cup white vinegar |1/4 cup fish sauce |2 tablespoons white sugar |2 tablespoons lime juice |1 clove garlic, minced |1/4 teaspoon red pepper flakes |1/2 teaspoon canola oil |2 tablespoons chopped shallots |2 skewers |8 medium shrimp, with shells |1 (8 ounce) package rice vermicelli noodles |1 cup finely chopped lettuce |1 cup bean sprouts |1 English cucumber, cut into 2-inch matchsticks |1/4 cup finely chopped pickled carrots |1/4 cup finely chopped diakon radish |3 tablespoons chopped cilantro |3 tablespoons finely chopped Thai basil |3 tablespoons chopped fresh mint |1/4 cup crushed peanuts |	659	112300.0	12800.0	26.2	2565	36
f65dbae158c6bb3451db03c8765dee40	vietnamese	My Chicken Pho Recipe 	4 ounces dry Chinese egg noodles |6 cups chicken stock |2 tablespoons fish sauce |4 cloves garlic, minced |2 teaspoons minced fresh ginger root |1 tablespoon minced lemon grass |5 green onions, chopped |2 cups cubed cooked chicken |1 cup bean sprouts |1 cup chopped bok choy |	521	54400.0	13700.0	49.8	3270	107
afc51e80377c27f406586dd8604a5979	vietnamese	Vietnamese Beef Pho 	4 quarts beef broth |1 large onion, sliced into rings |6 slices fresh ginger root |1 lemon grass |1 cinnamon stick |1 teaspoon whole black peppercorns |1 pound sirloin tip, cut into thin slices |1/2 pound bean sprouts |1 cup fresh basil leaves |1 cup fresh mint leaves |1 cup loosely packed cilantro leaves |3 fresh jalapeno peppers, sliced into rings |2 limes, cut into wedges |2 (8 ounce) packages dried rice noodles |1/2 tablespoon hoisin sauce |1 dash hot pepper sauce |3 tablespoons fish sauce |	528	73100.0	13600.0	27.1	2844	51
d78c988e55cb734188a4791cdc5dfa37	vietnamese	Thai Chicken Spring Rolls 	1 cup peanut sauce |1 (1 1/2 inch) piece fresh ginger root, minced |2 cloves garlic, minced |1 teaspoon soy sauce |1 pound skinless, boneless chicken breast halves - cut into 1 inch pieces |1 teaspoon peanut oil |6 ounces fresh snow pea pods |12 ounces bean sprouts |4 green onion, chopped |1 pound watercress, chopped |1/4 cup chopped fresh cilantro |2 large carrots, peeled |1 teaspoon peanut oil |1 teaspoon soy sauce |12 spring roll wrappers |1/2 cup peanut sauce |	595	40500.0	30500.0	46.9	647	71
1b029f49d56125cbde7ccb4a181b887d	vietnamese	Grilled Shrimp Rice Noodle Bowl 	8 large fresh shrimp, peeled and deveined |3 tablespoons olive oil |3 cloves garlic |1/2 cup fresh mint |1/4 cup chopped fresh cilantro |3 tablespoons fish sauce |2 tablespoons honey |1 lime, juiced |1/4 teaspoon ground white pepper |2 tablespoons fresh ginger root, minced |3/4 cup shredded cabbage |1 (6.75 ounce) package dried rice noodles |	565	85000	21300.0	10	1757	44
e26e30dcbd7103e8f314aa3539bcd479	vietnamese	Vietnamese Golden Chicken Wings 	12 chicken wings, tips removed and wings cut in half at joint |2 cloves cloves garlic, peeled and coarsely chopped |1/2 onion, cut into chunks |1/4 cup soy sauce |1/4 cup Asian fish sauce |2 tablespoons fresh lemon juice |2 tablespoons sesame oil |1 teaspoon salt |1 teaspoon freshly ground black pepper |1 tablespoon garlic powder |1 tablespoon white sugar |	716	9100.0	50900.0	53	2781	213
0801cc37657750cbea2149cd5b9d9633	vietnamese	Banh-Mi Style Vietnamese Baguette 	2 portobello mushroom caps, sliced |2 teaspoons olive oil |salt and pepper to taste |1 carrot, sliced into sticks |1 daikon (white) radish, sliced into sticks |1 cup rice vinegar |1/2 cup fresh lime juice |1/2 cup cold water |1/2 cup chilled lime juice |2 teaspoons soy sauce |1 teaspoon nuoc mam (Vietnamese fish sauce) |1/2 teaspoon toasted sesame oil |2 tablespoons canola oil |2 teaspoons minced garlic |1/3 cup white sugar |1/3 cup cold water |1 jalapeno pepper, thinly sliced |8 sprigs fresh cilantro with stems |1 medium cucumber, sliced into thin strips |2 sprigs fresh Thai basil |2 (7 inch) French bread baguettes, split lengthwise |	760	128400.0	22800.0	19.5	1282	0
c3ecfd3395812d913048a1cd4ca668cb	vietnamese	Vietnamese Grilled Lemongrass Chicken 	2 tablespoons canola oil |2 tablespoons finely chopped lemongrass |1 tablespoon lemon juice |2 teaspoons soy sauce |2 teaspoons light brown sugar |2 teaspoons minced garlic |1 teaspoon fish sauce |1 1/2 pounds chicken thighs, or more to taste, pounded to an even thickness |	308	3900.0	19000	29	339	105
d1f0c5fe5a0f21006b852208c324e11b	vietnamese	Nuoc Cham Sauce 	2 cloves garlic, minced |1 teaspoon crushed red pepper flakes |3 tablespoons white sugar |2 tablespoons lime juice |4 tablespoons fish sauce |1 cup water |	32	7600.0	100.0	0.6	730	0
8c3498c6b7e0a3a8ae151564323910eb	vietnamese	Braised Green Beans with Fried Tofu 	2 tablespoons white sugar |3 tablespoons soy sauce |1 cup dry white wine |1/2 cup chicken broth |1 (14 ounce) package tofu, drained |salt and pepper to taste |1 tablespoon cornstarch |3 cups oil for frying, or as needed |1 onion, chopped |4 plum tomatoes, sliced into thin wedges |12 ounces fresh green beans, trimmed and cut into 3 inch pieces |1 cup bamboo shoots, drained and sliced |1 cup chicken broth, or as needed |2 tablespoons cornstarch |3 tablespoons water |	380	28200.0	21600.0	11.7	699	0
53da23ee1b75dd85495193682f6e69ac	vietnamese	Vietnamese Spring Rolls With Dipping Sauce 	1/4 cup white vinegar |1/4 cup fish sauce |2 tablespoons white sugar |2 tablespoons lime juice |1 clove garlic, minced |1/4 teaspoon red pepper flakes |2 ounces rice vermicelli |8 large shrimp, peeled and deveined |4 rice wrappers (8.5 inch diameter) |2 leaves lettuce, chopped |3 tablespoons finely chopped fresh mint leaves |3 tablespoons finely chopped cilantro |4 teaspoons finely chopped Thai basil |	137	22500.0	700.0	10.1	1170	64
73fcb56cc14a8ef904d43fb94404fa48	vietnamese	Vietnamese Chicken Salad 	1 tablespoon finely chopped green chile peppers |1 tablespoon rice vinegar |2 tablespoons fresh lime juice |3 tablespoons Asian fish sauce |3 cloves garlic, minced |1 tablespoon white sugar |1 tablespoon Asian (toasted) sesame oil |2 tablespoons vegetable oil |1 teaspoon black pepper |2 cooked skinless boneless chicken breast halves, shredded |1/2 head cabbage, cored and thinly sliced |1 carrot, cut into matchsticks |1/3 onion, finely chopped |1/3 cup finely chopped dry roasted peanuts |1/3 cup chopped fresh cilantro |	303	19300.0	17900.0	19.2	991	37
52341e2aa2ca6b28d84ac3349ac01141	vietnamese	Pho Ga Soup 	1 tablespoon vegetable oil |1 small yellow onion, chopped |1 (8 ounce) package baby bella mushrooms, chopped |4 cloves garlic, minced |8 cups water |1 (6.75 ounce) package rice stick noodles (such as Maifun(R)) |8 teaspoons chicken bouillon |2 cooked chicken breasts, shredded |4 green onions, chopped |1/3 cup chopped fresh cilantro |2 cups bean sprouts |1 lime, sliced into wedges |1 dash Sriracha hot sauce, or more to taste |	231	32000	5400.0	13.5	149	28
cc030403a286c80e1dfeddd1d3d8c9e8	vietnamese	Banh Mi Burgers 	1/2 cup chopped cucumber, seeded if large |1/4 cup thinly sliced green onion |1/4 cup chopped carrot |1/2 cup rice vinegar |2 tablespoons mirin (Japanese rice wine) |1 teaspoon white sugar |2 pounds ground pork |2 tablespoons tamari sauce |1 tablespoon toasted sesame oil |1 teaspoon mirin (Japanese rice wine) |1 tablespoon grated fresh ginger |1 tablespoon chili garlic sauce |1 teaspoon fish sauce |6 sesame seed hamburger buns |1 teaspoon chopped fresh basil (optional) |1 teaspoon chopped fresh mint (optional) |	487	26600.0	27000	32.7	803	98
a3075cc78124d7de93fe2a3403be01bf	vietnamese	Vietnamese Spring Rolls 	1/2 (6.75 ounce) package dried rice noodles |8 rice wrappers (8.5 inch diameter) |8 fresh mint leaves |8 cooked medium shrimp, sliced in half lengthwise |1 1/2 cups bean sprouts |3 tablespoons fish sauce, or to taste |1/2 cup cilantro leaves |	145	29700.0	400.0	5.2	890	20
0424e7c8a279af1f632e489acb652d33	vietnamese	Lemon Grass and Chicken Summer Rolls 	2 pounds skinless, boneless chicken breast |2 tablespoons minced fresh ginger root |2 tablespoons minced fresh jalapeno chile |1/2 cup peeled and thinly-julienned seedless cucumber |1/4 cup minced fresh Thai basil leaves |1/4 cup minced fresh mint leaves |1/4 cup minced fresh cilantro |1 1/2 tablespoons minced lemon grass |1/2 cup ground peanuts |1/4 cup fish sauce |3 tablespoons lime juice |2 teaspoons white sugar |1 tablespoon sesame oil |1 tablespoon peanut oil |16 rice paper wrappers |16 leaves red leaf lettuce |	137	6500.0	6900.0	12.4	301	28
54b287304ffcb26327be043f5a7b2afc	vietnamese	Vietnamese Chicken and Long-Grain Rice Congee 	1/8 cup uncooked jasmine rice |1 (2.5 pound) whole chicken |3 (2 inch) pieces fresh ginger root |1 stalk lemon grass, chopped |1 tablespoon salt, or to taste |1/4 cup chopped cilantro |1/8 cup chopped fresh chives |ground black pepper to taste |1 lime, cut into 8 wedges |	642	9800.0	42300.0	53	1943	210
cdb257b7347b57a9ef2b0b885f411701	vietnamese	Vietnamese Beef And Lettuce Curry 	1 cup uncooked long grain white rice |2 cups water |5 teaspoons white sugar |1 clove garlic, minced |1/4 cup fish sauce |5 tablespoons water |1 1/2 tablespoons chile sauce |1 lemon, juiced |2 tablespoons vegetable oil |3 cloves garlic, minced |1 pound ground beef |1 tablespoon ground cumin |1 (28 ounce) can canned diced tomatoes |2 cups lettuce leaves, torn into 1/2 inch wide strips |	529	56900.0	21000	26.3	1481	69
f3b3e9308f1c4e15901bea1e4738300a	vietnamese	Vietnamese Meatballs 	1 1/2 pounds ground chicken |1 clove garlic, minced |1 egg white |1 tablespoon rice wine |2 tablespoons soy sauce |1/2 teaspoon Worcestershire sauce |2 teaspoons fish sauce |1/2 teaspoon white sugar |salt and white pepper to taste |2 tablespoons cornstarch |1 tablespoon sesame oil |	184	4100.0	5900.0	26.5	497	69
8caa4b6df81c7d1e1fc1c6ed78db1585	vietnamese	Nuoc Cham (Vietnamese Dipping Sauce) 	1/4 cup white sugar |1/2 cup warm water |1/4 cup fish sauce |1/3 cup distilled white vinegar |1/2 lemon, juiced |3 cloves garlic, minced |3 Thai chile peppers, chopped |1 green onion, thinly sliced |	15	3700.0	0	0.4	220	0
2f3bd73793e55f4648789f93f476afd7	vietnamese	Caramel Coated Catfish 	1/3 cup water |2 tablespoons fish sauce |2 shallots, chopped |4 cloves garlic, minced |1 1/2 teaspoons ground black pepper |1/4 teaspoon red pepper flakes |1/3 cup water |1/3 cup white sugar |2 pounds catfish fillets |1/2 teaspoon white sugar |1 tablespoon fresh lime juice |1 green onion, thinly sliced |1/2 cup chopped cilantro |	404	24100.0	17400.0	36.8	676	107
dfacde59fe4e694661ec56670a50298c	vietnamese	Vietnamese Caramelized Pork 	1 tablespoon vegetable oil |1 cup white sugar |2 pounds pork spareribs, cut into 1-inch pieces |2 green onions, cut in 2-inch lengths |1 green chile pepper, chopped |1 teaspoon ground black pepper |2 shallots, finely chopped |2 cloves garlic, minced |salt to taste |1 teaspoon Asian (toasted) sesame oil |1 tablespoon green onion, thinly sliced and separated into rings |	657	56800.0	34700.0	29.9	98	120
db8ee78d61edd4b9e6b8037b229bed55	vietnamese	Fried Squid with Pineapple (Muc Xao Thom) 	2 tablespoons vegetable oil |3 cloves garlic, minced |1 onion, cut into wedges |2 pounds squid, cleaned and cut into 1/2 inch rings |1/2 fresh pineapple - peeled, cored and chopped |4 stalks celery, cut into 2 inch pieces |4 tablespoons fish sauce |1 teaspoon white sugar |1 teaspoon ground black pepper |	330	21100.0	10100.0	37.2	1228	529
283cd152db2d4e5d0fd26cca9e63ebdb	vietnamese	Vietnamese Chicken Cabbage Salad 	1 head cabbage, cored and shredded |2 onions, halved and thinly sliced |2 cups shredded, cooked chicken breast |1/4 cup olive oil |salt and pepper to taste |3 tablespoons lemon juice, or to taste |	231	15500.0	12700.0	15.7	66	35
25ec48598b1c7b624f2c29534ad36f46	vietnamese	Vietnamese Stir-Fry 	1/4 cup olive oil |4 cloves garlic, minced |1 (1 inch) piece fresh ginger root, minced |1/4 cup fish sauce |1/4 cup reduced-sodium soy sauce |1 dash sesame oil |2 pounds sirloin tip, thinly sliced |1 tablespoon vegetable oil |2 cloves garlic, minced |3 green onions, cut into 2 inch pieces |1 large onion, thinly sliced |2 cups frozen whole green beans, partially thawed |1/2 cup reduced-sodium beef broth |2 tablespoons lime juice |1 tablespoon chopped fresh Thai basil |1 tablespoon chopped fresh mint |1 pinch red pepper flakes, or to taste |1/2 teaspoon ground black pepper |1/4 cup chopped fresh cilantro |	475	8800.0	34400.0	31.7	1174	101
bdd293f5ccb7ebb552bc5af404acffb4	vietnamese	Vietnamese Lemon Grass Chicken Curry 	2 tablespoons vegetable oil |1 lemon grass, minced |1 (3 pound) whole chicken, cut into pieces |2/3 cup water |1 tablespoon fish sauce |1 1/2 tablespoons curry powder |1 tablespoon cornstarch |1 tablespoon chopped cilantro (optional) |	813	4600.0	58400.0	63.8	515	255
0573c1c39527a86ce391ef4418a78613	vietnamese	Stir-Fry Spicy Green Beans 	1/2 teaspoon vegetable oil |1/2 yellow onion, chopped |1 teaspoon minced garlic |1 pound fresh green beans, trimmed and halved |1/4 cup soy sauce |3 tablespoons nuoc mam (Vietnamese fish sauce) |1/4 cup water |1 medium tomato, diced |salt and pepper to taste |	64	12400.0	800.0	4.1	1732	0
32eb6a0e138f57635760353a88f1346c	vietnamese	Vietnamese Beef Noodle Soup 	4 ounces dried rice noodles |6 cups cold water |3 (10.5 ounce) cans condensed beef broth |1 teaspoon chopped fresh ginger root |1/2 teaspoon kosher salt |1 Thai chile, chopped |1/2 pound boneless top round steak, sliced very thin |1/4 pound fresh basil |4 tablespoons snipped fresh cilantro |1/4 pound mung bean sprouts |4 green onions, thinly sliced |4 wedges lime |hot pepper sauce (optional) |oyster sauce (optional) |	258	30900.0	5800.0	20.9	2160	43
887f80abdafa9478029b69ff96ea632d	vietnamese	Roasted Pork Banh Mi (Vietnamese Sandwich) 	1/4 cup julienned (2-inch matchsticks) daikon radish |1/4 cup julienned (2-inch matchsticks) carrots |1 tablespoon seasoned rice vinegar |1/4 cup mayonnaise |1 teaspoon hoisin sauce, or to taste |1 teaspoon sriracha hot sauce, or more to taste |1 crusty French sandwich roll |4 ounces cooked pork roast, thinly sliced |2 ounces smooth pate, thinly sliced |6 thin spears English cucumber, diced |6 thin slices jalapeno pepper, or more to taste |1/4 cup cilantro leaves |	1263	91300.0	75900.0	54.2	1994	188
162a5e576172087c93c2ef9c9e782756	vietnamese	Pho 	4 pounds bone-in beef shank |1 onion |5 slices fresh ginger root |1 pod star anise, whole |1 teaspoon salt |2 1/2 tablespoons fish sauce |1 (8 ounce) package dried rice noodles |1/2 pound cooked beef sirloin, thinly sliced |3 green onions, chopped |1 1/2 cups fresh bean sprouts |6 sprigs cilantro |	1100	54700.0	46800.0	107.7	1938	267
18e43d85290a5b01c777307f93da2f6c	vietnamese	Vietnamese-Style Shrimp Soup 	1 tablespoon vegetable oil |2 teaspoons minced fresh garlic |2 teaspoons minced fresh ginger root |1 (10 ounce) package frozen chopped spinach, thawed and drained |salt and black pepper to taste |2 quarts chicken stock |1 cup shrimp stock |1 teaspoon hot pepper sauce (optional) |1 teaspoon hoisin sauce (optional) |20 peeled and deveined medium shrimp |1 (6.75 ounce) package long rice noodles (rice vermicelli) |2 green onions, chopped (optional) |	212	28600.0	4700.0	14.4	1156	52
73d70378f36b53b4ee30b1c567bc6ba3	vietnamese	Vietnamese Dipping Sauce 	1 cup fish sauce |3/4 cup rice vinegar |3 tablespoons water |1/2 cup white sugar |1/2 teaspoon garlic powder |1 dried red chile pepper, seeded and thinly sliced |	30	6900.0	0	0.7	1094	0
3dadf420b91e72d318116aaf2bae35fb	vietnamese	Authentic Vietnamese Spring Rolls (Nem Ran Hay Cha Gio) 	2 ounces dried thin rice noodles |3/4 cup ground chicken |1/4 cup shrimp - washed, peeled, and cut into small pieces |2 large eggs, beaten |1 carrot, grated |4 wood fungus mushrooms, chopped |2 green onions, chopped |1/2 teaspoon white sugar |1/2 teaspoon salt |1/2 teaspoon ground black pepper |24 rice paper wrappers |2 cups vegetable oil for frying |	132	14400.0	5200.0	6.5	225	45
ce061120da3241de8f770f149d16b0b1	vietnamese	Cha Gio Vietnamese Egg Rolls 	1 cup uncooked bean threads (cellophane noodles) |1 large dried shiitake mushroom |1 pound ground pork |1/2 pound shrimp, chopped |1 large carrot, peeled and grated |1 small shallot, minced |2 1/4 teaspoons Vietnamese fish sauce |1 1/4 teaspoons white sugar |1 1/4 teaspoons salt |1 1/4 teaspoons ground black pepper |24 egg roll wrappers |1 egg, beaten |oil for deep frying |	227	13800.0	13500.0	12	464	68
f63475ec3fa33192792b1c3730236e7b	vietnamese	Maho, Vietnamese Chicken Recipe 	2 cups uncooked white rice |4 cups water |3 tablespoons vegetable oil |2 cloves garlic, minced |3 skinless, boneless chicken breast halves - cut into bite-size pieces |2 tablespoons soy sauce, or to taste |1/2 cup dry-roasted, unsalted peanuts |4 large leaves of iceberg lettuce |1 (11 ounce) can mandarin oranges, drained |	693	91000	22200.0	31.4	511	50
b22609c9065569965c0e5aea56560874	vietnamese	Vietnamese Pickled Daikon Radish and Carrots  	4 cups warm water |3/4 cup rice vinegar |3 tablespoons sugar |2 tablespoons salt |1/2 pound carrots, julienned |1/2 pound daikon radish, julienned |	28	6900.0	100.0	0.3	1416	0
38af46654daf5465a844b69fe6e617e3	vietnamese	Vietnamese Pork and Five Spice 	4 pounds pork shoulder, cut into cubes |1 teaspoon salt |1 teaspoon ground black pepper |1/4 cup olive oil |2 cloves garlic, minced |2 tablespoons brown sugar |2 tablespoons soy sauce |1 tablespoon fish sauce |1 teaspoon Chinese five-spice powder |	288	4400.0	16400.0	29.5	713	85
dce204309dcb790aee331e10e15ac24e	vietnamese	Pasta with Vietnamese Pesto 	1 pound dried rice noodles |1 1/2 cups chopped fresh cilantro |1/2 cup sweet Thai basil |2 cloves garlic, halved |1/2 teaspoon minced lemon grass bulb |1 jalapeno pepper, seeded and minced |1 tablespoon vegetarian fish sauce |4 tablespoons chopped, unsalted dry-roasted peanuts |7 tablespoons canola oil |1/2 lime, cut into wedges |salt and pepper to taste |	694	98800.0	29800.0	6.8	217	0
cec9da70c66367f4643857bec3ff673a	vietnamese	Crabmeat and Asparagus Soup 	1 (10 ounce) can asparagus tips, drained |2 (6 ounce) cans crabmeat, drained and flaked |2 tablespoons fish sauce |1 tablespoon oyster sauce |1 cup chopped fresh spinach |1 cup diced firm tofu |2 teaspoons dried oregano |1 clove garlic, crushed |	100	2700.0	3000	16.2	695	50
0b639e155542cb6b9c56cd4610faa5bf	vietnamese	Caramelized Pork Belly (Thit Kho) 	2 pounds pork belly, trimmed |2 tablespoons white sugar |5 shallots, sliced |3 cloves garlic, chopped |3 tablespoons fish sauce |ground black pepper to taste |13 fluid ounces coconut water |6 hard-boiled eggs, peeled |	410	15600.0	26300.0	26.7	1832	267
50d4b60f1670a21b32d60d81ce889cdc	vietnamese	Vegetarian Pho (Vietnamese Noodle Soup) 	10 cups vegetable stock |1 onion, peeled and halved |1/4 cup soy sauce |8 cloves garlic, coarsely chopped |2 (3 inch) cinnamon sticks |2 teaspoons ground ginger |2 pods star anise |2 bay leaves |1 (16 ounce) package thin rice noodles (such as Thai Kitchen(R)) |2 tablespoons vegetable oil, or as needed |2 (14 ounce) packages firm tofu, drained and cut into 1/4-inch slices |8 ounces enoki mushrooms |4 scallions, thinly sliced |1/2 cup coarsely chopped cilantro |1 lime, cut into wedges |2 jalapeno peppers, sliced into rings |1/4 cup mung bean sprouts |1/4 cup Thai basil leaves, torn into bite-size pieces |	483	77700.0	12600.0	16.6	1209	0
3e57986465724e942cdf166fc70c4d25	vietnamese	Cao Lau (Vietnamese Noodle Bowl) 	2 tablespoons soy sauce |4 cloves garlic, minced, or more to taste |2 teaspoons Chinese five-spice powder |2 teaspoons white sugar |1 teaspoon paprika |1/4 teaspoon chicken bouillon granules |1 1/2 pounds pork tenderloin, cut into cubes |2 tablespoons vegetable oil |2 tablespoons water |2 pounds fresh thick Vietnamese-style rice noodles |2 cups bean sprouts |1 cup torn lettuce leaves |1 bunch green onions, chopped |1/4 cup fresh basil leaves |1/4 cup fresh cilantro leaves |1/4 cup crispy chow mein noodles, or more to taste |	488	78100.0	8100.0	23.7	373	49
8f34eb35fd3622b1a8e5b3d23bdb6119	vietnamese	Dragon Fruit Shake 	1 dragon fruit (pitaya) |2 tangerines, peeled and segmented |1 lime, juiced |4 leaves fresh basil |2 tablespoons brown sugar |1 cup sparkling mineral water, chilled |1 cup crushed ice |	149	40000	800.0	1.4	9	0
d25290ca0f7b00c84612671c7d9438d9	vietnamese	Minh-ai's Bitter Melon Soup 	1/2 pound ground pork |2 tablespoons soy sauce |1/8 teaspoon garlic powder |1/8 teaspoon ground black pepper |1 bitter melon |4 cups water |1 teaspoon soy sauce, or to taste |1 teaspoon fish sauce, or to taste |1 green onions, sliced |	171	3000	10900.0	14.8	873	49
a553a260d80903e8cb1b7ccd65ea8406	vietnamese	Nuoc Cham (Vietnamese Spicy Dipping Sauce) 	3 1/2 fluid ounces water |6 spicy red chile peppers, seeded and minced |6 cloves garlic, minced |1/4 cup fish sauce |1/4 cup rice vinegar |1/4 cup white sugar |1/4 cup lemon juice |	36	8700.0	100.0	0.9	441	0
11f24ecd75f103fe5d4910ead2f80a80	vietnamese	Vietnamese Coffee 	2 tablespoons sweetened condensed milk, or more to taste |2/3 cup strong brewed coffee |1 teaspoon non-dairy creamer (such as Coffee-Mate(R)), or more to taste |1 teaspoon hot cocoa mix (such as Godiva(R)), or more to taste (optional) |	158	26100.0	5100.0	3.4	65	13
7aeb3653a0d778d3ab79e26e4e291060	vietnamese	Sweet Vietnamese Coffee  	2 tablespoons sweetened condensed milk |3 1/2 teaspoons ground coffee with chicory |boiling water |	125	21200.0	3300.0	3.2	62	13
5d01c6a1c2ab75e2a094c30123890b21	vietnamese	Vietnamese Eggplant with Spicy Sauce 	3 tablespoons vegetable oil, divided |1 white eggplant, sliced |3 tablespoons minced lemongrass |1 tablespoon crushed garlic |1 tablespoon chopped green onion |1 tablespoon chopped fresh basil |1 teaspoon minced red chile pepper |1 teaspoon minced fresh ginger |1 tablespoon oyster sauce |1 teaspoon white sugar |	273	21600.0	21200.0	3.3	62	0
a9da3c6bb5c75bcb873f82c9c87e5072	vietnamese	Instant PotÂ® Beef Pho 	3 pounds beef soup bones |3 whole cloves |3 whole star anise pods |1 (1/2 inch) piece cinnamon stick |1 teaspoon olive oil |1 large onion, chopped |1 (2 inch) piece ginger, peeled |1/2 pound chuck roast |2 tablespoons fish sauce |1 tablespoon raw sugar |2 teaspoons kosher salt |9 cups water |1/2 pound top round beef |12 ounces dry rice stick noodles |1/4 cup chopped cilantro |2 green onions, chopped |	367	52100.0	8700.0	17.5	1050	40
00d9b4a29b4f08c242fe039e582b3e8a	vietnamese	Vietnamese Grilled Pork Skewers 	1 pound pork belly, cubed |1 fresh red chile pepper, minced |3 stalks lemongrass, minced |3 tablespoons fish sauce |3 cloves garlic, minced, or more to taste |1 teaspoon monosodium glutamate (MSG) |1 teaspoon white sugar |1 teaspoon Chinese five-spice powder |bamboo skewers |1/4 cup fish sauce |1/4 cup white sugar |1 fresh red chile pepper, minced, or more to taste |1 lime, juiced |5 cloves garlic, minced, or more to taste |1 teaspoon monosodium glutamate (MSG), or to taste |1 cup water |	204	16000	10600.0	10.8	2020	27
5891710e7339c90c707ad323e0d7db92	vietnamese	Vietnamese Beef and Red Cabbage Bowl 	1 head red cabbage |1 red onion, halved |3 tablespoons canola oil, divided |1 pound lean ground beef |1 red Fresno chile pepper, sliced very thinly |2 teaspoons paprika |1 teaspoon kosher salt |2 tablespoons lime juice |1 tablespoon fish sauce |1 teaspoon packed brown sugar |1/2 teaspoon grated lime zest |1/2 cup chopped fresh cilantro |1/4 cup chopped fresh mint |1 lime, cut into wedges |	410	22500.0	26600.0	23.8	878	68
36e56787f982677fc60a1b5327df5ac5	vietnamese	Nuoc Cham (Vietnamese Sauce) 	3 tablespoons lime juice |2 tablespoons fish sauce, or more to taste |2 tablespoons white sugar, or more to taste |1 tablespoon water |1 red chile pepper, thinly sliced, or more to taste (optional) |1 clove garlic, thinly sliced (optional) |	35	8700.0	100.0	0.7	549	0
ff077522eff99d0a2f252e9cd2596b8c	vietnamese	Vietnamese Table Sauce 	1/4 cup lime juice |1/4 cup Thai fish sauce |2 tablespoons rice vinegar |1 tablespoon white sugar |1 bird&#39;s eye chile, minced |1 clove garlic, minced |	7	1700.0	0	0.3	365	0
07daaf40e3516a4ed06204531027237b	vietnamese	Asian Garlic Beef Cubes (Vietnamese Bo Luc Lac or Shaking Beef) 	1 1/2 pounds beef tenderloin, cut into cubes |2 tablespoons olive oil |2 tablespoons oyster sauce (such as Maekrua(R)) |4 large cloves garlic, minced, or more to taste |1 tablespoon Cabernet Sauvignon wine |1 teaspoon fish sauce |1 teaspoon ground black pepper, or more to taste |1 teaspoon soy sauce (optional) |1 teaspoon dark soy sauce (optional) |2 drops sesame oil, or more to taste |1 tablespoon fish sauce (optional) |1 tablespoon lemon juice (optional) |1 tablespoon ground black pepper (optional) |2 tablespoons olive oil |2 tablespoons oyster sauce (such as Maekrua(R)) |4 cloves garlic, minced, or more to taste |	329	3400.0	26800.0	17.7	458	60
ec4c512d397a945dbc866c08c56085c4	vietnamese	Amanda's Quick Pho 	3 quarts fat-free chicken broth |1 onion, sliced into rings |2 tablespoons hoisin sauce |1 tablespoon oyster sauce |1 tablespoon minced garlic |1/2 teaspoon ginger powder |1/2 teaspoon curry powder |1 pinch ground cinnamon |1 (16 ounce) package dried rice noodles |1 roasted chicken |	283	40200.0	3400.0	20.4	647	34
b07e751fd208a1a483dba7c8656209c0	vietnamese	Spicy Vietnamese Quick Pickled Vegetables 	1/2 pound carrots, peeled and cut into matchsticks |1/2 pound purple daikon radish, peeled and cut into matchsticks |1/2 pound English cucumber, sliced into thin rounds |2 jalapeno peppers, sliced into rings |2 cups water |1 1/2 cups rice vinegar |2 tablespoons white sugar |2 teaspoons salt |	27	6300.0	100.0	0.7	487	0
5685c0662abb58044abbe993c1f67411	vietnamese	Steamed Vegan Rice Cakes (Banh Bo Hap) 	4 cups rice flour |2 cups lukewarm water |1 (14 ounce) can coconut milk |1 cup white sugar |4 teaspoons tapioca starch |1 1/2 teaspoons active dry yeast |1/2 teaspoon vanilla extract |1/4 teaspoon salt |2 teaspoons oil, or as needed |	334	60800.0	8500.0	4	54	0
3af6e55a5e82989c164f4830b489ac02	vietnamese	Authentic Oxtail Pho 	water to cover |1 1/2 pounds beef oxtail, or to taste |2 Spanish onions, peeled, divided |1 tablespoon fish sauce, or to taste |1 tablespoon whole star anise pods |1 cinnamon stick |salt to taste |3 tablespoons beef pho flavor paste |2 bunches scallions, chopped |1 bunch fresh cilantro, chopped |1 (16 ounce) package dried rice noodles, or to taste |1 (12 ounce) package beef pho meatballs, halved, or to taste |1/2 pound sirloin steak, thinly sliced, or to taste |1 lime, cut into 8 wedges |4 teaspoons white sugar, or to taste |1 (8 ounce) package bean sprouts |1 bunch Thai basil leaves, torn into bite-size pieces |1 (2.8 ounce) can crispy fried shallots, or to taste |	566	69700.0	18300.0	30.4	744	92
e04ef7ca91d871ff7776c2bdee8975d5	vietnamese	Vietnamese Steamed Buns (Banh Bao) 	5 cups self-rising flour |2 cups milk |1 cup white sugar |	162	34300.0	800.0	3.9	407	2
a367df99ffeece40840faa82461ab2a3	vietnamese	Vietnamese Kabocha Squash Soup 	12 dried shiitake mushrooms |1 (10.5 ounce) package bean-thread noodles, or to taste |1 kabocha squash, quartered and seeded |1 pound ground turkey |1 1/2 teaspoons fish sauce, or more to taste |1 pinch ground white pepper |3 quarts water |1 quart chicken stock |1 pound shrimp |2 scallions, chopped |3 tablespoons chopped cilantro, or to taste |cracked black pepper to taste |	411	69700.0	5500.0	25.7	561	128
597fb0d1e8cea22ab5ca7ba96c1fa2c5	vietnamese	Beef Meatballs (Vietnamese) 	1 pound lean ground beef |1 cup finely chopped red onion |1/3 cup roughly chopped cilantro |4 cloves garlic, finely chopped |1 tablespoon peeled and finely chopped ginger |1 1/2 tablespoons fish sauce |1/2 tablespoon honey |1 green chile pepper, chopped |2 tablespoons canola oil |1/4 cup hoisin sauce |2 tablespoons soy sauce |2 tablespoons water |1 tablespoon fish sauce |1 Thai chile pepper, finely chopped (optional) |	363	17500.0	21500.0	24.8	1467	80
dc068fd81de81d9266e8bbdc29086d0b	vietnamese	Vegetarian Banh Mi 	1/3 cup matchstick-cut carrots |1/3 cup matchstick-cut jicama |1/4 cup thinly sliced onion |3/4 cup rice vinegar, divided |1/4 cup water |1/4 cup white sugar |2 tablespoons fish sauce |1 tablespoon soy sauce |2 teaspoons sriracha sauce, or more to taste |1 1/2 teaspoons garlic powder |1 teaspoon Chinese five-spice powder |salt and ground black pepper to taste |2 portobello mushrooms - stems and gills removed, cut into 1/4-inch slices |4 tablespoons mayonnaise |2 hoagie rolls, split lengthwise and toasted |1/4 cup thinly sliced cucumber |1 jalapeno pepper, sliced, or to taste (optional) |6 sprigs fresh cilantro, or to taste |2 lime wedges |	742	106400.0	29200.0	15	2786	10
de0b5a5fc4ab1d5b787de070704ca85b	vietnamese	Vegetarian Banh Mi Bowls 	3 quarts water |1/2 (14 ounce) package boil-in-bag brown rice |1 quart water |1/4 (12 ounce) package boil-in-bag quinoa |1 cucumber, thinly sliced |2 carrots, thinly sliced, or more to taste |6 radishes, thinly sliced, or more to taste |1/2 cup rice vinegar |1/4 cup water |1/4 cup white sugar |1 tablespoon sesame oil |1 teaspoon salt |1/2 cup egg-free mayonnaise |2 tablespoons sriracha sauce |1/2 cup chopped peanuts |1/2 cup chopped cilantro |	478	76700.0	13900.0	12.1	966	0
be4d00050f636cea2889b8581dbda3e5	vietnamese	Goi Cuon (Vietnamese Spring Roll with Pork and Prawns) 	1/2 pound pork tenderloin, cut into thin strips |1/2 pound prawns, peeled and deveined |1/4 pound rice vermicelli noodles |1 (12 ounce) package rice wrappers (such as Blue Dragon(R)) |1 bunch fresh cilantro, leaves picked from stems |5 spring onions, cut in half |1/4 cup fresh mint leaves, or more to taste |1/4 head romaine lettuce, cut into bite-size pieces |	328	56600.0	2000	19.6	88	74
eb9da48de512d862be3ffa3999f07cb0	vietnamese	Vietnamese Pho Ga (Chicken) 	1 (16 ounce) package 1/4-inch thick dried rice noodles |1 whole chicken |1 (2 inch) piece peeled ginger |2 whole star anise |1/2 teaspoon monosodium glutamate (MSG) (optional) |2 teaspoons salt |water to cover |	373	47000	11400.0	17.7	761	46
c9eb7dcd441570abc17fafd473415d32	vietnamese	Vietnamese Crispy Fish 	2 (1 pound) whole red snapper |sea salt to taste |1/4 cup vegetable oil, divided |6 tomatoes, seeded and coarsely chopped |2 bird&#39;s eye chiles, seeded and finely sliced |3 cloves garlic, chopped |6 tablespoons water |2 tablespoons Asian fish sauce (nam pla) |1 tablespoon palm sugar |2 green onions, chopped |2 tablespoons coarsely chopped cilantro |1 teaspoon cornstarch |	401	12800.0	17000	48.3	740	82
15fc2879c7bfc3c48d54afe2bab1ab46	vietnamese	Chicken Pho 	10 quarts water |3 pounds chicken bones |1 whole chicken |1 medium onion |1 (1 inch) piece ginger |1 (32 fluid ounce) container chicken broth |1/4 cup rock sugar |3 teaspoons fish sauce |2 cubes pho ga soup seasoning |1 1/2 teaspoons salt |2 (16 ounce) packages rice stick noodles (banh pho) |1/2 pound bean sprouts |1 bunch green onion, chopped |1 bunch cilantro, chopped |6 sprigs Thai basil, or as needed |1 lime, cut in wedges |	324	34100.0	11100.0	19.9	520	73
9c33ed6703e837f95d02548189c8dd59	vietnamese	Salt-and-Pepper Shrimp (Tom Rang Muoi) 	1 pound uncooked jumbo shrimp, in shell with heads attached |1/8 cup cornstarch, or more as needed |3 tablespoons peanut oil, divided |10 cloves garlic, pressed |1/4 cup onion, minced |1 tablespoon minced ginger |3 scallions, chopped |1 1/2 tablespoons minced jalapeno pepper |1/2 teaspoon kosher salt |1/2 teaspoon freshly cracked black pepper |	214	8400.0	11200.0	19.4	442	173
