ea50102a840517e6027dd24501ea6f3c	filipino	Lipardo's Puto Seco 	1 egg |1/3 cup white sugar |1/4 cup butter, softened |1 cup all-purpose flour |1 cup cornstarch |1/2 cup powdered milk |1/2 teaspoon baking powder |1 dash salt |	166	25400.0	5800.0	3.1	101	31
4942e0e3eb9ec34db4d151dce21619b5	filipino	Tokneneng (Filipino Street Food) 	12 eggs |oil for deep frying |4 tablespoons cornstarch, plus more as needed |bamboo skewer |1/4 cup rice vinegar |1/4 cup ketchup |1/4 cup brown sugar |2 teaspoons soy sauce |1 cup all-purpose flour |1/2 cup water |salt and freshly ground black pepper to taste |red and yellow food coloring |	790	49700.0	57500.0	20.3	546	491
2e618e5db5a7fc23837fa75b8e6dd8a0	filipino	Purple Yam Jam 	1 pound purple yam root, unpeeled |1/4 cup butter |1 (10 ounce) can sweetened condensed milk |1/4 teaspoon vanilla extract |1/2 (12 fluid ounce) can evaporated milk |	262	37300.0	10700.0	5.3	115	34
986ea49ebfeebac8eacf89089ef54376	filipino	Lumpia Mollica 	1 tablespoon vegetable oil |1 yellow onion |1 large stalk celery, finely chopped |1 large carrot, finely chopped |salt to taste |2 pounds ground pork |1 tablespoon minced fresh garlic |1 teaspoon red pepper flakes |1 teaspoon garlic powder |1/2 teaspoon ground turmeric |1/2 teaspoon ground ginger |1/2 teaspoon ground cumin |1/2 teaspoon ground coriander |1/4 teaspoon celery seed |2 (16 ounce) packages lumpia wrappers |1 quart vegetable oil for frying |	214	22300.0	9200.0	9.6	229	29
443856e0dc991a0974a6758a70cfb39f	filipino	Maja Blanca 	2 cups thin coconut milk |3 tablespoons white sugar |2 cups thin coconut milk |3/4 cup cream-style corn |1/2 cup cornstarch |1/2 cup white sugar |3 tablespoons corn kernels |	227	21800.0	16200.0	1.9	56	0
a5bb2e8e291b02ed00afabebe502f386	filipino	Chicken Afritada (Filipino Stew) 	1 tablespoon vegetable oil |3 cloves garlic, crushed and chopped |1 onion, chopped |1 cup seeded and chopped tomatoes |1 (3 pound) whole chicken, cut into pieces |3 cups water |1 cup tomato sauce (optional) |3 potatoes, quartered |1 green bell pepper, seeded and cut into matchsticks |1 carrot, chopped |salt and ground black pepper to taste |	596	25600.0	44700.0	22.9	327	80
1edddf47b887aa6d0261ddd8f99ae31e	filipino	Duck Adobo 	6 duck legs |salt and freshly ground black pepper to taste |1 tablespoon vegetable oil |1 large onion, sliced |8 cloves garlic, minced |1 1/2 cups chicken broth |1 cup seasoned rice vinegar |1/2 cup soy sauce, or to taste |2 teaspoons sambal chili paste, or other hot pepper sauce to taste |2 bay leaves |	111	6500.0	4600.0	11.3	1493	34
02c50b8f915ec544dcbaef186dfe6617	filipino	Caldereta (Filipino Beef and Chorizo Stew) 	2 pounds beef chuck, cubed |12 ounces chorizo sausage |1/4 cup garlic, minced |1/4 cup white vinegar |1/4 cup soy sauce |2 tablespoons olive oil, or as needed |1 onion, chopped |1 green bell pepper, chopped |3 cups tomato sauce |2 cups peeled and cubed potatoes |1 cup drained canned peas |1 teaspoon salt |1 teaspoon ground black pepper |	641	27500.0	42600.0	37.2	2409	119
8951b51a03c95a468712c1fcb8a232b0	filipino	Biko 	4 cups uncooked glutinous white rice |6 cups cold water |1 (14 ounce) can coconut milk, divided |1 1/3 cups white sugar |1 1/3 cups brown sugar |3 tablespoons coconut preserves (such as Phil Supreme(R)) |	463	90300.0	9500.0	5.4	17	0
4d166e83edfa70dcbf2d61c2ee3db159	filipino	Filipino Lumpia 	1 tablespoon vegetable oil |1 pound ground pork |2 cloves garlic, crushed |1/2 cup chopped onion |1/2 cup minced carrots |1/2 cup chopped green onions |1/2 cup thinly sliced green cabbage |1 teaspoon ground black pepper |1 teaspoon salt |1 teaspoon garlic powder |1 teaspoon soy sauce |30 lumpia wrappers |2 cups vegetable oil for frying |	168	11000	10500.0	7	288	23
afa52f90e1a2950dd5ee9ebee86c3634	filipino	Quick and Easy Pancit 	1 (12 ounce) package dried rice noodles |1 teaspoon vegetable oil |1 onion, finely diced |3 cloves garlic, minced |2 cups diced cooked chicken breast meat |1 small head cabbage, thinly sliced |4 carrot, thinly sliced |1/4 cup soy sauce |2 lemons - cut into wedges, for garnish |	369	65100.0	4900.0	18.1	789	35
04725c9eaea6f6d9ce2a10c0486b5dc1	filipino	Adobo Chicken with Ginger 	1 (3 pound) whole chicken, cut into 8 pieces |1/2 cup soy sauce |3/4 cup distilled white vinegar |1 bulb garlic, peeled and crushed |2 tablespoons thinly sliced fresh ginger root |2 bay leaves |1/2 tablespoon black peppercorns |	517	5300.0	34300.0	44.2	1363	170
dcc1471048e6f352f59a2a49c8349b5c	filipino	Grilled Chicken Adobo 	1 1/2 cups soy sauce |1 1/2 cups water |3/4 cup vinegar |3 tablespoons honey |1 1/2 tablespoons minced garlic |3 bay leaves |1/2 teaspoon black pepper |3 pounds skinless, boneless chicken thighs |	255	10800.0	6700.0	36.6	2854	141
1f25700162d6b38389e2e24c1d397fff	filipino	Slow Cooker Adobo Chicken with Bok Choy 	2 onions, sliced |4 cloves garlic, smashed |2/3 cup apple cider vinegar |1/3 cup soy sauce |1 tablespoon brown sugar |1 bay leaf |ground black pepper to taste |8 skinless, bone-in chicken thighs |2 teaspoons paprika |1 large head bok choy, cut into 1-inch strips |2 green onions, sliced thinly |	458	20800.0	23100.0	40.4	1394	128
2a99e625deb9fd456304fe2396d3255a	filipino	Pork and Shrimp Pancit 	1 (6.75 ounce) package rice noodles |5 tablespoons vegetable oil, divided |1 small onion, minced |2 cloves garlic, minced |1/2 teaspoon ground ginger |1 1/2 cups cooked small shrimp, diced |1 1/2 cups chopped cooked pork |4 cups shredded bok choy |3 tablespoons oyster sauce |1/4 cup chicken broth |1/4 teaspoon crushed red pepper flakes |1 green onion, minced |	488	44400.0	20800.0	29.1	394	119
cbf48f4ddec43d331d1ba264f9e4d1bb	filipino	Traci's Adobo Seasoning 	2 tablespoons salt |1 tablespoon paprika |2 teaspoons ground black pepper |1 1/2 teaspoons onion powder |1 1/2 teaspoons dried oregano |1 1/2 teaspoons ground cumin |1 teaspoon garlic powder |1 teaspoon chili powder |	4	700.0	100.0	0.2	666	0
6077864d7d05f5a0c1a86710b3ebd2cd	filipino	Lumpia (Shanghai version) 	1 pound ground pork |1 pound ground beef |1 medium onion, finely chopped |1 carrot, grated |1/4 cup soy sauce |2 1/2 teaspoons black pepper |1 1/2 tablespoons garlic powder |2 tablespoons salt |1 (16 ounce) package spring roll wrappers |1 1/2 quarts oil for frying |	261	14600.0	17800.0	10.2	1037	38
257f74b1016f33584146f22e9cd431f2	filipino	Pan De Sal I 	2 cups warm water (110 degrees F/45 degrees C) |2 teaspoons active dry yeast |1/3 cup white sugar |1/4 cup vegetable oil |1 1/2 teaspoons salt |6 cups all-purpose flour |	175	32100.0	3100.0	4	176	0
3b53af8c54d4fd4af8a2c7623fcc53a2	filipino	Chinky's Mango Bread 	2 cups all-purpose flour |2 teaspoons ground cinnamon |2 teaspoons baking soda |1/2 teaspoon salt |1 1/4 cups white sugar |2 eggs |3/4 cup vegetable oil |2 1/2 cups mangos, peeled, seeded and chopped |1 teaspoon lemon juice |1/4 cup raisins |	193	27200.0	8900.0	2.1	192	19
7a4119716f6c9df4fbe5ee2dbdb23632	filipino	Filipino Ribs 	6 pounds pork spareribs |2 medium onions, cut into wedges |1 medium onion, finely chopped |6 tablespoons soy sauce |1/4 teaspoon ground black pepper |6 whole star anise pods |1 tablespoon vegetable oil |1 tablespoon grated fresh ginger |1/2 cup honey |2 tablespoons brown sugar |1 tablespoon Worcestershire sauce |1 tablespoon lemon juice |	773	19400.0	59300.0	39.3	710	198
9322f855fe9baf10ea97e7f832d552eb	filipino	Chicken Adobo II 	1 (2 to 3 pound) whole chicken, cut into pieces |1/4 cup apple cider vinegar |1/4 cup soy sauce |ground black pepper to taste |2 tablespoons olive oil |1 clove garlic, crushed |2 bay leaves |	335	4600.0	20400.0	31.1	691	96
da2e062e3b775a8048c66d01e1311b6f	filipino	Garlic Rice 	2 tablespoons vegetable oil |1 1/2 tablespoons chopped garlic |2 tablespoons ground pork |4 cups cooked white rice |1 1/2 teaspoons garlic salt |ground black pepper to taste |	293	45900.0	9000	5.9	686	6
9707f948d842868adbe3a7b753b56210	filipino	Pancit 	1 (8 ounce) package thin rice noodles |1/2 pound skinless, boneless chicken legs, cut into bite-size pieces |1/2 pound pork tenderloin, cut into bite-size pieces |1/2 cup soy sauce |ground black pepper to taste |1/2 medium head cabbage, shredded |2 carrots, shredded |2 green onions, chopped into 1 inch pieces |1/2 pound shrimp, peeled and deveined |	484	59600.0	8400.0	40	2109	169
a086b6f61a213bf026d71fe34f40aa46	filipino	Chicken Tinola 	1 tablespoon cooking oil |1 onion, chopped |2 cloves garlic, minced |1 (1 1/2 inch) piece fresh ginger, peeled and thinly sliced |1 tablespoon fish sauce |3 pounds chicken legs and thighs, rinsed and patted dry |2 (14 ounce) cans chicken broth |1 chayote squash, peeled and cut into bite-sized pieces |salt and pepper to taste |1 head bok choy, chopped |1/2 pound spinach |	532	14100.0	22900.0	65.5	1551	208
83b1ab2a7bc0cbd002591d3593c80f94	filipino	Filipino Avocado Milkshake 	1 avocado - peeled, pitted, and cubed |5 cubes ice |3 tablespoons white sugar |1 1/3 cups milk |1 teaspoon fresh lemon or lime juice |1 scoop vanilla ice cream |	336	37600.0	19100.0	7.8	84	18
46156be4a5bf49750e90d5087b4ecdb4	filipino	Chicken Arroz Caldo (Chicken Rice Porridge) 	2 tablespoons olive oil |1 onion, diced |2 cloves garlic, crushed |1 (2 inch) piece fresh ginger, peeled and thinly sliced |2 1/4 pounds chicken wings, split and tips discarded |1 tablespoon fish sauce |5 1/4 cups chicken broth |1 cup glutinous sweet rice |salt and pepper to taste |1 green onion, chopped |1 lemon, sliced (optional) |1 teaspoon fish sauce for sprinkling, if desired (optional) |	294	24600.0	14900.0	15.5	1586	42
dac416c43b2c8e0e37f89608fe804892	filipino	Lolah's Chicken Adobo 	3 tablespoons vegetable oil |3 pounds boneless, skinless chicken thighs, rinsed and patted dry |6 cloves garlic, peeled and thinly sliced |1/2 cup soy sauce |1/2 cup apple cider vinegar |1/2 cup water |2 tablespoons pickling spice, wrapped in cheesecloth |	265	2600.0	11800.0	34.6	1050	141
3f93495ea1a16ca706c6d33b4671aab2	filipino	Sinigang na Baka 	2 tablespoons canola oil |1 large onion, chopped |2 cloves garlic, chopped |1 pound beef stew meat, cut into 1 inch cubes |1 quart water |2 large tomatoes, diced |1/2 pound fresh green beans, rinsed and trimmed |1/2 medium head bok choy, cut into 1 1/2 inch strips |1 head fresh broccoli, cut into bite size pieces |1 (1.41 ounce) package tamarind soup base |	304	15000	19700.0	17.8	1405	51
5132acc922035b345e7255d519096392	filipino	Corned Beef Hash (Abalos style) 	1 tablespoon vegetable oil |4 cloves garlic, chopped |1 onion, diced |1 tomato, chopped |1 large potato, diced |1 (12 ounce) can corned beef |salt and pepper to taste |	333	21100.0	16200.0	25.5	853	72
e419dc509cc49ae79d2c289e756b1c74	filipino	Filipino Steamed Rice, Cebu Style  	1 pound pork belly, cut into 3/4-inch cubes |2 teaspoons Chinese cooking wine |1 teaspoon oyster sauce |1 teaspoon cornstarch |1/2 teaspoon sesame oil |1/4 teaspoon salt |1 pinch ground black pepper |1 teaspoon vegetable oil |1 tablespoon minced garlic |1/2 tablespoon fried shallots (optional) |3 cups water |1 tablespoon light soy sauce, or to taste |1/4 teaspoon dark soy sauce |1/4 pound uncooked medium shrimp, peeled and deveined |1 tablespoon cornstarch |3 tablespoons water |2 tablespoons frozen peas |2 tablespoons vegetable oil |2 tablespoons minced garlic |2 cups cooked jasmine rice, cooled, or more to taste |1 teaspoon oyster sauce |1 teaspoon light soy sauce |3 drops sesame oil, or to taste |	466	33800.0	26200.0	21.6	1312	84
f6bf9524d0ff10376cd160d3be1947ee	filipino	Filipino Chicken Sopas 	6 cups water, or more as needed |1/2 onion, chopped |1 pound bone-in chicken thighs, skin removed |1 teaspoon garlic powder |1 teaspoon onion powder |2 carrots, diced |2 tablespoons fish sauce, or more to taste |4 teaspoons chicken bouillon granules |1/2 teaspoon ground black pepper |1/2 (16 ounce) package elbow macaroni |1/2 cup evaporated milk |3 tablespoons butter |salt and ground black pepper to taste (optional) |	345	34800.0	13500.0	20.1	769	68
8e80afaa7da9680faf14c3a4f72a0509	filipino	Macapuno Bars 	cooking spray |1 (17.5 ounce) package frozen puff pastry, thawed |6 egg yolks |2 (12 ounce) jars macapuno strings |1/4 cup butter, softened |1/2 teaspoon vanilla extract |	296	37000	15000	2.9	78	75
1adda4441dee24ef1c1b1b8e39aef51b	filipino	Roasted Pork Belly with Crispy Skin 	6 1/2 pounds bone-pork belly |1/4 cup fish sauce |2 tablespoons rock salt |3/4 teaspoon ground black pepper |3 shallots, chopped |1/2 cup Chinese soy sauce |3 calamansis (Filipino lemons), juiced (optional) |2 tablespoons sinamak (seasoned cane vinegar) |2 Thai bird&#39;s eye chile peppers, seeded and chopped (optional) |	465	6800.0	33900.0	31.5	4002	89
4b6be4c761bb8da064b56147d2b075ff	filipino	Hot Ube Pandesal (Filipino Purple Yam Bread Rolls) 	1 1/2 cups 2% milk |1/2 cup unsalted butter |2 eggs |1 teaspoon salt |3 cups bread flour |1 (4 ounce) packet purple yam powder, or more to taste |3 1/2 teaspoons bread machine yeast |1/2 cup unseasoned bread crumbs, or as needed |	77	6500.0	4800.0	2	136	27
427d8e6224f5b34d7ed5dea9ad635750	filipino	Plantain Egg Rolls (Turon) 	1 cup white sugar |1/4 cup water |20 spring roll wrappers |5 plantains, peeled and quartered |1/3 cup brown sugar |1 1/2 cups vegetable oil |	145	32500.0	1900.0	1.4	49	&lt;1
a0314da978ab7fb6674f81f4a9dac331	filipino	Filipino Spring Rolls 	3 tablespoons vegetable oil |1/2 onion, chopped |3 cloves garlic, minced |1 pound ground chicken |3 tablespoons oyster sauce |1/2 head cabbage, shredded |1 (8 ounce) package bean sprouts |3 large carrots, cut into thin strips |1 pinch salt and ground black pepper to taste |50 large spring roll wrappers |2 cups oil for frying, or as needed |	55	6200.0	2000	3.2	67	6
352ddff24e7da0d00937f821214c30ef	filipino	Sinigang na Isda sa Miso (Fish Stew with Miso) 	2 tablespoons vegetable oil |1 onion, sliced |3 cloves garlic, crushed |1 (1 inch) piece fresh ginger, sliced |2 tomatoes, sliced |3 tablespoons miso paste, or more to taste |1 teaspoon patis (fish sauce), or to taste |5 cups water |2 pounds red snapper fillets |1 white (daikon) radish, sliced |3 green chile peppers, or more to taste |1 bunch Chinese mustard greens with stalks |2 tablespoons kalamansi (Filipino lemon) juice, or more to taste |	404	23600.0	11200.0	52.8	730	83
de6911d564b755c6473cc6076e7a535d	filipino	Chicken Adobo I 	1 1/2 cups water |1 cup distilled white vinegar |4 tablespoons soy sauce |1 teaspoon whole peppercorns |4 cloves garlic, crushed |2 tablespoons salt, or to taste |1 (2 to 3 pound) whole chicken, cut into pieces |2 tablespoons vegetable oil |	340	2000	21500.0	32.5	3600	100
dffcdd5ad0e85dc4188267bbb618c2a1	filipino	Filipino Beef Stir-Fry 	2 (1/2 pound) New York strip steaks, sliced into thin strips |2 tablespoons cornstarch |2 tablespoons soy sauce |1 1/2 teaspoons white sugar |3 tablespoons olive oil |1 sweet onion, chopped |2 cloves garlic, crushed |1 tablespoon oyster sauce |salt and pepper to taste |1 pound snow peas |3/4 cup green peas |1 carrot, sliced |2 stalks celery, sliced |1 red bell pepper, seeded and cut into chunks |1/4 cup oil for deep frying |	452	26500.0	20600.0	39.1	652	66
2f31604beec8a2cac0f0622193117130	filipino	Barbecued Pork Kebabs 	1 cup white sugar |1 cup soy sauce |1 onion, diced |5 cloves garlic, chopped |1 teaspoon ground black pepper |1 (4 pound) boneless pork loin, cut into 1 1/2-inch cubes |10 bamboo skewers, soaked in water for 30 minutes |	369	24700.0	15800.0	31.1	1508	88
b5e85026e7de8acc6458b1236e9041f8	filipino	Pan de Sal - Filipino Bread Rolls 	2 1/2 teaspoons active dry yeast |3 1/4 cups bread flour |3/4 teaspoon bread improver |1/4 cup sugar |1/4 teaspoon salt |2 tablespoons margarine |2 eggs |1 cup canned evaporated milk |1 cup canned evaporated milk |1/2 cup dry bread crumbs |	72	7200.0	3600.0	2.9	95	26
5ea8533c83fbd76d34b4856fa46a9e37	filipino	Ube-Macapuno Cake 	2 1/2 cups cake flour |3 teaspoons baking powder |1 teaspoon salt |1 cup ube (purple yam), cooked and finely grated |3/4 cup milk |1 teaspoon vanilla extract |1/2 cup corn syrup |7 egg yolks, lightly beaten |1/2 cup vegetable oil |7 egg whites |1 teaspoon cream of tartar |1 cup white sugar |6 drops red food color |6 drops blue food coloring |1 (12 ounce) jar macapuno (coconut preserves) |1 cup evaporated milk, chilled |3/4 cup white sugar |1 cup butter, softened |1 drop violet food coloring |	714	74900.0	43700.0	12	469	167
deb7432cc51ddbfcf9275536a02432fa	filipino	Filipino Lumpia 	1 (12 ounce) package lumpia wrappers |1 pound ground beef |1/2 pound ground pork |1/3 cup finely chopped onion |1/3 cup finely chopped green bell pepper |1/3 cup finely chopped carrot |1 quart oil for frying |	550	42600.0	30600.0	24.9	60	75
97beaa5883b251c5811e3133b9e1a0b9	filipino	Filipino Beef Steak 	1 lemon, juiced |3 tablespoons soy sauce |1 teaspoon white sugar |salt and pepper to taste |4 pounds New York strip steak, sliced thin |1 tablespoon cornstarch |1/4 cup vegetable oil |3 tablespoons olive oil |1 onion, chopped |2 cloves garlic, chopped |	756	8300.0	39200.0	88.5	658	175
2690c4f39944dec6109404ed23128b75	filipino	Cassava Cake 	2 cups grated, peeled yucca |2 eggs, beaten |1 (12 ounce) can evaporated milk |1 (14 ounce) can sweetened condensed milk |1 (14 ounce) can coconut milk |	329	41600.0	15500.0	8	111	60
f5d4281999b6c96e08321a7a9e1da05e	filipino	Chicken Teriyaki 	2 1/4 cups soy sauce |3/4 cup sugar |1 teaspoon ground black pepper |1 tablespoon cornstarch |1 (20 ounce) can pineapple chunks in juice, drained, juice reserved |1 onion, chopped |3 cloves garlic, minced |1 (2 inch) piece fresh ginger root, peeled and chopped |4 chicken thighs |4 chicken drumsticks |4 chicken wings |salt and ground black pepper to taste |	738	76400.0	24400.0	54.5	8306	154
bf5c22d0e9f8cdd59fa0dd6d0b5f5cbf	filipino	Mongo Guisado (Mung Bean Soup) 	1/2 pound raw mung beans |2 cups water |2 tablespoons olive oil |1 onion, chopped |2 cloves garlic, minced |1/4 pound boneless pork loin, cut into 1-inch cubes |salt and ground black pepper to taste |1/4 pound peeled and deveined prawns |1 small tomato, diced |3 cups chicken broth, or more as needed |1/2 pound fresh spinach leaves |	202	22000	6500.0	14.7	896	40
be7362dec0ed7178505e1a4b876bae11	filipino	Ginataang Manok (Chicken Cooked in Coconut Milk) 	3 tablespoons canola oil |1/2 cup sliced fresh ginger |1 (5 pound) whole chicken, cut into pieces |salt and ground black pepper to taste |2 (14 ounce) cans coconut milk |1 (10 ounce) package frozen chopped spinach, thawed and drained |	709	7000	59700.0	39.4	148	103
bb380cc9b9bbd693c3997191cafa2064	filipino	Filipino Pork Adobo 	1 cup distilled white vinegar |1 cup soy sauce |1/2 cup ketchup |1 tablespoon minced garlic |3 bay leaves |1 teaspoon fresh-ground black pepper |2 1/2 pounds lean pork, cut into 1 inch cubes |1 pound small green beans, trimmed (optional) |	337	14400.0	15500.0	35.1	2687	90
5e528632495fc5c5aecdbe9080396672	filipino	Guinataan Chicken Adobo 	4 1/2 pounds chicken leg quarters |3/4 cup white vinegar |3/4 cup water |1 teaspoon white sugar |1/4 cup soy sauce |2 bay leaves |1 teaspoon whole black peppercorns, crushed |1 onion, chopped |2 cloves garlic, crushed |salt to taste |1 (14 ounce) can coconut milk |	657	7400.0	43500.0	57.6	805	192
cf3897865c5e7d439c46ec31734fcba4	filipino	Fish Sinigang (Tilapia) - Filipino Sour Broth Dish 	1/2 pound tilapia fillets, cut into chunks |1 small head bok choy, chopped |2 medium tomatoes, cut into chunks |1 cup thinly sliced daikon radish |1/4 cup tamarind paste |3 cups water |2 dried red chile peppers (optional) |	112	13400.0	1000	13.1	63	21
8adc0386ca80607343e339d8514629d6	filipino	Squash and Coconut Milk Stew 	1 tablespoon butter |1 (1 inch) piece fresh ginger, minced |1 clove garlic, minced |1 small onion, chopped |1 acorn squash, peeled and cut into 1-inch cubes |1 (14 ounce) can coconut milk |8 ounces green beans, cut into 3-inch pieces |8 ounces cooked shrimp, peeled and deveined |1 (14 ounce) package extra-firm tofu, cut into 1/2-inch cubes |Salt and pepper to taste |2 tablespoons white sugar |	449	30100.0	29300.0	23.9	174	117
c09b6118b253e20f2d652b9a25a33007	filipino	Goat Stew 	1 pound bone-in goat meat, cut into large chunks |1/4 cup vinegar |1/4 cup soy sauce |4 cloves garlic, crushed |1 tablespoon vegetable oil |1 onion, chopped |1 red bell pepper, cut into 1-inch squares |1 cup tomato sauce |2 cups beef stock |1 potato, peeled and cut into large chunks |2 carrots, peeled and cut into large chunks |1/2 cup green peas |1/2 teaspoon salt |1/4 teaspoon pepper |1 pinch cayenne pepper |	272	27000	6500.0	26.2	1670	53
8a703c306c317dbfde0414c143298195	filipino	Slow Cooker Chicken Afritad 	1 pound skinless, boneless chicken breast halves, cut into cubes |1/2 cup soy sauce, or to taste |1/2 cup olive oil, or to taste |1 lemon, juiced |3 cloves garlic, minced |ground black pepper to taste |2 tomatoes, cubed |2 carrots, chopped |3 red potatoes, cubed |1 onion, sliced (optional) |1 green bell pepper, sliced |1 red bell pepper, sliced |1 yellow bell pepper, sliced |1 cup green peas |	332	19900.0	20000	19.4	1260	39
f173f31cac2a1926901ac28695040a46	filipino	Pinoy Chicken Adobo 	5 pounds chicken legs and thighs, rinsed and patted dry |3/4 cup water |3/4 cup white vinegar |1/4 cup soy sauce |1 teaspoon white sugar |1 onion, chopped |2 cloves garlic, crushed |1 teaspoon whole black peppercorns, crushed |2 bay leaves |salt to taste |	584	5600.0	32800.0	62.4	815	213
cd9411a5de4135dc3e763b46e71c9218	filipino	Pan De Sal II 	2 cups milk |3/4 cup white sugar |1/2 cup butter |1 (.25 ounce) package active dry yeast |1 1/2 teaspoons salt |1/2 teaspoon baking soda |1/2 teaspoon baking powder |6 cups all-purpose flour |2 tablespoons dry bread crumbs for topping |	296	50500.0	7300.0	6.6	355	19
6ff7c7510cb0277d8d72b40abfb07935	filipino	Filipino Oxtail Stew  	1 1/2 pounds beef oxtail, cut into pieces |1 large onion, quartered |2 cloves garlic, chopped |1 teaspoon salt |1/2 teaspoon ground black pepper, or to taste |1 large eggplant, cut into 2-inch chunks |1/2 head bok choy, cut into 1-inch pieces |1/2 pound fresh green beans, trimmed and snapped into 2-inch pieces |1/4 cup peanut butter, or as needed to thicken sauce |	395	14900.0	21000	40.1	683	125
0044742a471636f1d883a9bc1631dbf5	filipino	Mamon (Sponge Cakes) 	2 1/2 cups all-purpose flour |1 cup white sugar |1 tablespoon baking powder |1 teaspoon salt |1/2 cup vegetable oil |8 egg yolks |2 tablespoons grated orange peel |1 teaspoon vanilla extract |1/3 cup orange juice |1/3 cup water |8 egg whites |1/2 teaspoon cream of tartar |1/2 cup white sugar |	243	35100.0	9200.0	5.2	269	102
b2d7d64abde70b00decc74c9d403ca4d	filipino	Beef Asado 	1 (4 pound) beef chuck roast, quartered |salt and pepper to taste |2 tablespoons cooking oil |1 onion, diced |2 cloves garlic, crushed |2 large tomatoes, chopped |1 tablespoon whole peppercorns, crushed |1 (5 ounce) jar pitted Manzanilla olives |1 onion, quartered |2 bay leaves |2 beef bouillon cubes |1/2 cup ketchup |1 large red bell pepper, sliced |4 small potatoes, peeled and quartered |1 tablespoon corn flour (optional) |1 teaspoon water (optional) |	639	34800.0	37800.0	39.8	1194	138
40fce432d1736882e575e8618e5e58cb	filipino	Grandma Nena's Lumpia and Pancit 	1 pound boneless, skinless chicken breast halves |1 pound boneless pork sirloin, cut into 1/2 inch cubes |1/2 head cabbage, shredded |4 carrots, diced |1/2 teaspoon salt, or to taste |1/2 teaspoon ground black pepper, or to taste |2 pinches monosodium glutamate (MSG) (optional) |1/8 cup all-purpose flour |1/8 cup water |30 spring roll wrappers |1 quart oil for frying |1 (8 ounce) package dry pancit (Canton) noodles |1 cup apple cider vinegar |4 cloves chopped garlic |	349	38700.0	12000	21.9	346	45
3810ae84a9f9956d767f8240294378dd	filipino	Pork Sinigang 	1 tablespoon vegetable oil |1 small onion, chopped |1 teaspoon salt |1 (1/2 inch) piece fresh ginger, chopped |2 plum tomatoes, cut into 1/2-inch dice |1 pound bone-in pork chops |4 cups water, more if needed |1 (1.41 ounce) package tamarind soup base (such as Knorr(R)) |1/2 pound fresh green beans, trimmed |	240	12200.0	9100.0	26.5	2598	64
41e5e846d8f6e45abaa9d195da043a93	filipino	Salmon Sarciado 	2 salmon steaks |salt and pepper to taste |3 tablespoons cooking oil, divided |1 onion, chopped |2 cloves garlic, crushed |2 tomatoes, diced |1 egg, beaten |	537	17600.0	33300.0	42.1	195	169
9ea61f8603826517f50cf422dc118d27	filipino	Maja Blanca (Coconut Pudding) 	1/2 cup water |1/2 cup cornstarch |1 cup coconut milk |3/4 cup water |1/2 cup white sugar |1/4 cup fresh sweet corn kernels |1/4 cup sweetened flaked coconut |	119	18200.0	5400.0	0.7	10	0
c9bf75063f6b965522fa71fb25e80ee1	filipino	Salmon Stew (Abalos Style) 	1 tablespoon olive oil |4 cloves garlic, minced |1 onion, diced |1 tomato, diced |1 (14.75 ounce) can pink salmon |2 1/2 cups water |bay leaf (optional) |salt and ground black pepper to taste |1 teaspoon fish sauce (optional) |	223	4800.0	11000	24.9	466	45
2bba53d6f7197ba7d6ee9b385894ede3	filipino	Philippine Butter Cookies 	1 cup butter, softened |1 cup white sugar |3 eggs |3 2/3 cups cornstarch |1 teaspoon cream of tartar |1 teaspoon baking powder |	74	10500.0	3300.0	0.4	34	17
0f0fd8ce074a05b530fe90705ba4e8fd	filipino	Lumpia - Filipino Shrimp and Pork Egg Rolls 	1 pound ground pork |1 cup finely chopped raw shrimp |1/2 cup finely chopped onion |1/2 cup grated carrots |1/4 cup finely chopped green onions |3 tablespoons soy sauce |1 teaspoon salt |1/2 teaspoon black pepper |1 teaspoon monosodium glutamate (MSG) (optional) |1 (16 ounce) package spring roll wrappers |1 egg white, beaten |1 quart vegetable oil for frying |	43	3700.0	2100.0	2.1	115	7
9543d1693228c37e4253ab1e2e9023b4	filipino	Puto 	4 cups all-purpose flour |2 cups white sugar |1 tablespoon baking powder |6 eggs |1 (12 fluid ounce) can evaporated milk |1 1/2 cups water |2 1/4 cups Edam cheese, shredded |	290	46100.0	7500.0	9.9	265	81
ea28668a11b6453ac05ab342dc10bf6d	filipino	Duck Adobo 	6 duck legs |salt and freshly ground black pepper to taste |1 tablespoon vegetable oil |1 large onion, sliced |8 cloves garlic, minced |1 1/2 cups chicken broth |1 cup seasoned rice vinegar |1/2 cup soy sauce, or to taste |2 teaspoons sambal chili paste, or other hot pepper sauce to taste |2 bay leaves |	111	6500.0	4600.0	11.3	1493	34
9fe39b16210a293cb0a0ac8e111ed5ff	filipino	Pinakbet 	3 tablespoons olive oil |1 onion, chopped |2 cloves garlic, minced |1/2 pound pork loin, chopped |1/2 pound peeled and deveined prawns |salt and pepper to taste |1 tomato, chopped |1/4 pound zucchini, seeded and cut into bite-size pieces |1/4 pound fresh okra, ends trimmed |1/4 pound fresh green beans, trimmed |1/4 pound eggplant, cut into bite-size pieces |1 small bitter melon, cut into bite-size pieces |	184	9400.0	10300.0	14.2	111	75
f7b77a8abe5b9154a49838603a3a118e	filipino	Barquillos (Wafer Rolls) 	1/2 cup butter |1/2 cup white sugar |1 teaspoon vanilla extract |2 egg whites |2/3 cup all-purpose flour |	86	9100.0	5200.0	0.9	43	14
ed7c1562a613e29b03c974b94253755d	filipino	Siopao (Filipino Steamed Dumplings) 	1 tablespoon active dry yeast |1 1/2 cups lukewarm water |1/4 cup white sugar |4 1/2 cups rice flour, divided |1/2 cup solid vegetable shortening, divided |1 teaspoon vegetable oil |1 large onion, diced |1 clove garlic, chopped, or to taste |1 1/2 pounds shredded cooked chicken meat |1/4 cup soy sauce |2 teaspoons white sugar |1/2 cup diced green onion |1 pinch salt and black pepper to taste |1 teaspoon cornstarch, if needed (optional) |	346	43900.0	11200.0	16	270	34
dd442707924ba2373ec38e1017dc857a	filipino	Biko 	4 cups uncooked glutinous white rice |6 cups cold water |1 (14 ounce) can coconut milk, divided |1 1/3 cups white sugar |1 1/3 cups brown sugar |3 tablespoons coconut preserves (such as Phil Supreme(R)) |	463	90300.0	9500.0	5.4	17	0
925f059f62af721cd5683ec07e069979	filipino	Filipino Spaghetti 	2 pounds spaghetti |1 tablespoon vegetable oil |1 head garlic, minced |1 onion, chopped |1 pound ground beef |1 pound ground pork |salt and pepper to taste |1 (26.5 ounce) can spaghetti sauce |1 (14 ounce) jar banana ketchup |1/4 cup white sugar |1/2 cup water |1 pound hot dogs, sliced diagonally |1/2 cup shredded Cheddar cheese |	708	82900.0	27400.0	29.2	1085	77
b6f6943c9a3708cff24ae82e3cb6e422	filipino	Chinky's Bibingka 	4 cups grated fresh cassava |3 cups coconut milk |3 tablespoons melted butter |3 eggs |1 1/2 cups white sugar |1 teaspoon salt |1 teaspoon vanilla extract |1 teaspoon lemon zest |1/4 cup shredded mozzarella cheese |2 cups coconut milk |1 (14 ounce) can sweetened condensed milk |2 tablespoons all-purpose flour |1/2 cup shredded mozzarella cheese |2 egg yolks, beaten |	619	75900.0	33200.0	9.6	343	105
15306b1d48bdc814c33216bdaabd2a2f	filipino	Chinky's Puto Bread 	2 3/4 cups cake flour |1 1/4 cups white sugar |2 tablespoons baking powder |1/2 cup evaporated milk |1 cup water |2 eggs |1 cup margarine, softened |	181	24100.0	8600.0	2.3	236	17
b3c3b6cccf2b1d989f0cf6e2b14172ef	filipino	Pork Afritada 	2 1/4 pounds boneless pork, cut into bite-sized pieces |2 tablespoons soy sauce |1/2 lemon, juiced |2 pounds pork liver |3 tablespoons olive oil |2 potatoes, quartered |2 tablespoons olive oil |1 onion, chopped |2 cloves garlic, minced |2 large tomatoes, diced |1 green bell pepper, cut into chunks |salt and ground black pepper to taste |	324	14100.0	16900.0	28.6	250	189
513d3edfb70c08d6872755a1f8954eaa	filipino	Fried Rice (Sinangag) 	2 teaspoons cooking oil |2 eggs, beaten |2 teaspoons cooking oil |2 cloves garlic, minced |4 cups cold, cooked white rice |1 tablespoon soy sauce |1/4 pound diced cooked ham |	838	148900.0	14800.0	22.2	649	116
3e6add57548472312c843404a7aacb26	filipino	Singkamas (Jicama) Salad 	1 large jicama, peeled and cut into matchsticks |1 red bell pepper, cut into long thin strips |1 green bell pepper, cut into long thin strips |1 small red onion, sliced into thin lengthwise slivers |2 green chile peppers - halved lengthwise, seeded, and cut into strips |1 (2 inch) piece fresh ginger root, thinly sliced |1 carrot, cut into matchsticks |1 cup water |2/3 cup vinegar |2/3 cup white sugar |1 teaspoon salt |	113	27500.0	200.0	1.4	244	0
7256d202d325f4839c2e42cccab3cc1f	filipino	Paksiw na Pata (Pig's Feet Stew) 	3 1/4 pounds pig&#39;s feet, rinsed and patted dry |1 1/2 cups vinegar |1 1/2 cups water |1/3 cup soy sauce |1 onion, diced |2 cloves garlic, crushed |1 tablespoon whole black peppercorns, crushed |3 bay leaves |1 tablespoon white sugar |salt to taste |	342	9200.0	20800.0	30	1092	138
ea047916948efcddcf54147846e77d32	filipino	Abalos-Style Hamburger Soup (Picadillo Filipino) 	1 tablespoon cooking oil |1 onion, diced |4 cloves garlic, minced |1 large tomato, diced |1 pound ground beef |4 cups water |1 large potato, diced |2 tablespoons beef bouillon |2 tablespoons fish sauce |salt and pepper to taste |	233	16900.0	11500.0	15.4	862	46
328a4acd2ef5ba873f102129f7017f08	filipino	Sati Babi 	3 pounds pork butt roast, cut into 1 1/2 inch cubes |3/4 teaspoon salt |1/8 teaspoon ground black pepper |1 tablespoon ground coriander |1 tablespoon cumin seed |1/2 teaspoon vegetable oil |1/2 cup sliced onions |1 tablespoon brown sugar |1/3 cup soy sauce |1/4 teaspoon ground ginger |3 limes, cut into wedges |	224	6600.0	13000	20.2	873	71
f72a0bedfafd606ab1faf41b205b1343	filipino	Authentic Chicken Adobo  	2 cups coconut vinegar |1/2 cup soy sauce |1 head garlic, peeled and coarsely chopped |10 bay leaves |1 tablespoon garlic powder |1 1/2 teaspoons ground black pepper |1 1/2 teaspoons annatto powder |5 1/2 pounds cut-up chicken parts |3 tablespoons vegetable oil, divided |1 head garlic, peeled and coarsely chopped |1 1/2 teaspoons annatto powder |	599	8000	37700.0	54.5	1084	194
deaba803c08e1fcde8bc607109e8c121	filipino	Guinataan Hito (Catfish) 	2 tablespoons cooking oil |1 onion, chopped |2 cloves garlic, crushed |4 (4 ounce) catfish fillets |salt and pepper to taste |1 1/2 cups coconut milk |	388	5400.0	33200.0	19.1	103	51
2dca9badf7241fe29aa00567dda5b6f4	filipino	Chicken Sotanghon 	2 cups water |1 teaspoon salt |1 pound chicken legs |1 ounce dried shiitake mushrooms |8 ounces bean thread noodles (cellophane noodles) |3 tablespoons olive oil |1 onion, chopped |2 cloves garlic, minced |1 1/2 teaspoons achiote powder |1 tablespoon fish sauce |salt and pepper to taste |2 (14.5 ounce) cans chicken broth |2 green onions, chopped |	210	24200.0	8400.0	8.9	737	30
c1ef69d69ee2fb1bce8f809e2fcc3e1f	filipino	Caldereta (Filipino Beef and Chorizo Stew) 	2 pounds beef chuck, cubed |12 ounces chorizo sausage |1/4 cup garlic, minced |1/4 cup white vinegar |1/4 cup soy sauce |2 tablespoons olive oil, or as needed |1 onion, chopped |1 green bell pepper, chopped |3 cups tomato sauce |2 cups peeled and cubed potatoes |1 cup drained canned peas |1 teaspoon salt |1 teaspoon ground black pepper |	641	27500.0	42600.0	37.2	2409	119
7d8166c3c25d258dfb2947dff230b1df	filipino	Lipardo's Puto Seco 	1 egg |1/3 cup white sugar |1/4 cup butter, softened |1 cup all-purpose flour |1 cup cornstarch |1/2 cup powdered milk |1/2 teaspoon baking powder |1 dash salt |	166	25400.0	5800.0	3.1	101	31
0ee87d5a92b86af70028bb047ec008ca	filipino	Pork and Chicken Adobo 	1 1/4 pounds boneless pork loin roast, cut into 2-inch pieces |1 1/4 pounds boneless, skinless chicken thighs, trimmed and cut into 2-inch pieces |2 teaspoons salt, or amount to taste |1/2 tablespoon black peppercorns, coarsely ground |2 tablespoons crushed garlic |2 bay leaves, torn |1 cup white vinegar |1/4 cup soy sauce |1 tablespoon vegetable oil |2 cloves garlic, smashed |	251	3700.0	14900.0	24.3	2106	67
f06451e375c37bf3c970892609347b32	filipino	Lisa's Adobo 	1 tablespoon vegetable oil |2 pounds cubed pork meat |4 cloves garlic, chopped |1 (32 fluid ounce) container chicken broth |1/4 cup dark soy sauce |1/4 cup apple cider vinegar |5 bay leaves |1 (14 ounce) can unsweetened coconut milk |2 tablespoons all-purpose flour |	231	4700.0	16800.0	15.5	1017	42
ec502a00c18aeaf89387c41c54862ca7	filipino	Lumpia 	3 cloves garlic, minced |1 cup chopped onions |2 tablespoons vegetable oil |1/2 teaspoon ground black pepper |1 tablespoon soy sauce |1 cup water |1/2 cup diced carrots |1/2 cup green beans, French cut |1/2 cup diced celery |1 (10 ounce) can bamboo shoots, julienned |1 (8 ounce) can water chestnuts, drained and julienned |1/2 cup jicama, peeled and julienned |1/2 cup bean sprouts |1 (16 ounce) package egg roll wrappers |1 quart vegetable oil for frying |	262	32400.0	12400.0	5.7	391	4
c7920b882b84559c126c671a164161c1	filipino	Party Pancit 	1/2 tablespoon sesame oil |2 cloves garlic, minced |2 teaspoons minced fresh ginger root |1 bunch green onions, chopped into 1 inch pieces |2 hot chile peppers, minced |1 (8 ounce) package fresh mushrooms, sliced |1 cup chopped cooked chicken breast |1 cup peeled, chopped shrimp |3 links spicy pork sausage, sliced |1/2 cup sake |1/4 cup soy sauce |7 cups chicken broth |1 (12 ounce) package rice noodles |1/2 pound fresh bean sprouts |1/2 pound snow peas |	261	35900.0	5200.0	13.6	568	41
0421c4025c5e7b2a9fcae0adcda2b872	filipino	Palitaw (Sweet Rice Cakes) 	1 cup glutinous rice flour (malagkit) |1/2 cup white sugar |1/2 cup water |1/2 cup white sugar |2 tablespoons sesame seeds |4 ounces grated coconut |1 teaspoon salt |	197	39000	4300.0	1.6	265	0
2509fa179b213d779ad2ceeb26eda44a	filipino	Embutido 	1 pound ground chicken |4 tablespoons all-purpose flour |3 large sweet pickles, chopped |1/2 onion, chopped |1/2 cup raisins |1 (4 ounce) link chorizo, finely chopped |1/4 cup green peas |salt and pepper to taste |2 eggs, beaten |4 canned Vienna sausages |3 hard-cooked eggs, sliced |1/2 (8 ounce) package sharp Cheddar cheese, cut into strips |	915	120700.0	34900.0	37.3	1397	323
20c03a9b29cf40b48e9c8b93794275df	filipino	Lumpia Rolls 	2 pounds ground beef |2 pounds ground pork |vegetable oil |1 1/2 cups carrots, finely chopped |soy sauce to taste |3 cups bean sprouts |1 cup sugar snap peas, chopped |1 cup fresh mushrooms, finely chopped |1 cup green onions, finely chopped |salt to taste |garlic powder to taste |black pepper to taste |1 (14 ounce) package Lumpia Wrappers |1 egg white, beaten |canola oil for frying |	313	7200.0	27600.0	9.1	170	37
e7235b470219349afa6b538ffff649d8	filipino	Salpicao Jalisco 	3 tablespoons extra-virgin olive oil |4 bulbs garlic, peeled and sliced |3 pounds beef sirloin or top round, cut into 3/4 inch cubes |salt and pepper to taste |1 dash hot pepper sauce (e.g. Tabasco(TM)) |2 tablespoons all-purpose flour |	491	8600.0	33500.0	36.9	89	120
75c8dab9d0e21045a354b633c599a054	filipino	Beef Nilaga 	4 1/2 pounds beef short ribs |1 quart water |1 tablespoon black peppercorns, crushed |2 onions, chopped |2 beef bouillon cubes |2 carrots, cut in chunks |2 stalks celery, quartered |1 chayote squash, peeled and quartered |2 potatoes, quartered |salt to taste |1/4 head cabbage, cut into wedges |	983	32300.0	75400.0	43	491	168
3fb8dd6695ddfcae49833771059f94f5	filipino	Filipino Chicken Salad 	1 skinless, boneless chicken breast |2/3 cup elbow macaroni |1 (20 ounce) can pineapple chunks, drained |1 apple, cored and diced |2 stalks celery, sliced |1 carrot, diced |2 (1.5 ounce) boxes raisins |1 cup mayonnaise |1 teaspoon white sugar |1 teaspoon seasoned salt |	225	20900.0	15000	3.4	196	12
7575796efd50c359891e738fb0a38639	filipino	Adobong Pusit (Squid Adobo) 	2 1/4 pounds squid, cleaned |1/2 cup white vinegar |1/2 cup water |salt and ground black pepper to taste |2 tablespoons olive oil |1 small onion, minced |2 cloves garlic, minced |1 tomato, chopped |1 tablespoon soy sauce |	198	3100.0	7400.0	28.4	214	0
5eaddf2663d3c6fc1aa54100e5400f77	filipino	Rumaki 	1/4 cup soy sauce |1/4 cup vinegar |2 tablespoons white sugar |1 pound chicken livers, rinsed and trimmed |10 water chestnuts |3 ounces pineapple chunks, drained |5 slices bacon, cut in half crosswise |	95	5500.0	3800.0	9.3	490	169
ec74a0e2be1359e60827d787d4a71d5d	filipino	Meat and Potatoes Lumpia 	5 medium potatoes, peeled and cut into 1/2-inch chunks |1 pound lean ground beef |1/4 cup minced onion |1/4 cup minced green bell pepper |salt to taste |ground black pepper to taste |1 cup frozen mixed peas and carrots, thawed |1 cup canola oil |1 (16 ounce) package egg roll wrappers |	411	59100.0	10700.0	19	374	42
37e22b7cf13483b688130d38f067f905	filipino	Leyley's Spicy Chicken Adobo Wings 	3 pounds chicken wings, separated at joints, tips discarded |1 cup distilled white vinegar |1/2 cup water |2 bay leaves |1 teaspoon whole or cracked black peppercorns |1 medium onion, chopped |2 jalapeno peppers |1/2 cup soy sauce, or to taste |1 whole head garlic, minced |	50	1700.0	2800.0	4.4	313	12
e2ddffcec209d51f2441544c18c1c215	filipino	Savory Mussels 	2 tablespoons olive oil |1 onion, chopped |2 cloves garlic, minced |1 carrot, sliced |1 stalk celery, sliced |3 1/4 cups chicken broth |2 1/4 pounds mussels, cleaned and debearded |1 bunch fresh spinach, leaves torn in half |	335	18300.0	13400.0	34.4	1763	76
4a72afefeb6ce38afccdb86fa753a27d	filipino	Champorado 	1 cup glutinous sweet rice |2 cups light coconut milk |1/2 cup cocoa powder |1 cup white sugar |1 teaspoon salt |1 cup thick coconut milk |	428	53400.0	25200.0	4.9	407	0
8894e1ff5c750107360c687d0249caf8	filipino	Melon Chiller 	1 cantaloupe, halved and seeded |1 gallon water |2 cups white sugar |ice cubes, as needed |	174	44500.0	100.0	0.5	23	0
588e3709fedb318320dffe0407d6dd71	filipino	Empanada Pork Filling 	1 pound ground pork |salt and pepper to taste |2 tablespoons olive oil |1 onion, chopped |2 cloves garlic, minced |1 (9 ounce) box frozen peas and carrots |1 (1.5 ounce) box raisins |1 small potato, diced |	67	4400.0	3900.0	4	25	12
d15a752d3296dc9f8ff5fdb34caa1b60	filipino	Crab Omelet 	2 tablespoons olive oil |1 small potato, peeled and diced |1 onion, chopped |2 cloves garlic, minced |1/4 pound fresh crabmeat, drained and flaked |salt and pepper to taste |1 small tomato, diced |1 (1.5 ounce) box raisins |1/4 cup peas |1 red bell pepper, chopped |3 eggs, beaten |	165	17500.0	7400.0	8.4	104	104
248ec59c40f085088c1be4794148d826	filipino	Bringhe 	2 tablespoons olive oil |1 onion, chopped |2 cloves garlic, minced |1 teaspoon curry powder |2 chicken leg quarters, meat removed and cut into bite-sized pieces |1/2 pound tiger prawns, peeled and deveined |1/2 pound cubed fully cooked ham |2 bay leaves |salt and pepper to taste |1 (16 ounce) can coconut milk |1 cup uncooked glutinous white rice |	291	11700.0	19100.0	18.4	384	77
e4638b78bd193cd3f43e18586a3f91de	filipino	Kare Kare Pata (Oxtail Stew) 	4 1/2 pounds beef oxtails |3 cups water |2 beef bouillon cubes |1/2 pound bok choy, chopped |1/2 pound long beans, cut into bite-sized pieces |1/2 pound eggplant, cubed |2 tablespoons olive oil |1 onion, chopped |2 cloves garlic, minced |1 teaspoon achiote powder |3 tablespoons smooth peanut butter |	1071	30300.0	54900.0	116.5	1010	375
aed4bfc81aeb59140af98ac8767b1057	filipino	Maja Blanca Maiz (Corn Pudding) 	1 2/3 cups coconut milk |1 (14.5 ounce) can cream-style corn |1 cup rice flour |1 cup white sugar |	239	41100.0	8400.0	2.4	121	0
859c8e57996757d123d5ff4a98ddfbfb	filipino	Melon Ice Candy 	4 pounds cantaloupe, shredded |1 (12 fluid ounce) can evaporated milk |2 quarts water |1 1/4 cups white sugar |	105	21800.0	1600.0	2	37	5
c55ec9285a21d32b331da4068f4ba992	filipino	Coconut Sauce 	1 (14 ounce) can coconut milk |1 cup brown sugar |	161	22700.0	8400.0	0.8	11	0
d6fafa67cb5bc0ab1c39897addaf7ee0	filipino	Barbecued Spareribs 	1 (4 pound) package pork spareribs, rinsed and patted dry |salt and ground black pepper to taste |1 cup water |1 cup sweet chili sauce |	710	20600.0	48400.0	46.1	719	192
585a19a16ff7909c9d4b503ee925d84d	filipino	Pandesal 	1 1/2 cups warm milk |3/4 cup white sugar, divided |1 (.25 ounce) package active dry yeast |4 cups bread flour |2 teaspoons salt |1/4 cup vegetable oil |1 cup bread crumbs |	106	15500.0	4200.0	1.8	350	2
c0f13e7dc8bfe2efaef6ac3fbdded9d8	filipino	Caldereta (Filipino Beef Stew) 	3 tablespoons vegetable oil |1 1/2 pounds cubed beef stew meat |salt and ground black pepper to taste |3 cloves garlic, crushed |3 cups water |1/2 cup unsweetened pineapple juice |1 onion, chopped |1 (14 ounce) can tomato sauce |1/4 cup tomato paste |2 red potatoes, diced |1 red bell pepper, sliced |1 large carrot, sliced diagonally |1/2 pound miniature cocktail sausages |1 (8 ounce) can pineapple chunks, undrained |1 (6 ounce) can medium pitted ripe olives, drained |3 large bay leaves |1 tablespoon hot pepper sauce (such as Tabasco(R)) (optional) |	518	25200.0	35700.0	26	1168	86
ecd099713b0e10928583888d2c163dcc	filipino	Philippine Longanisa de Eugenio (Sweet Sausage) 	1/2 cup white sugar |1 teaspoon dried oregano |1/4 teaspoon ground ginger |1/2 teaspoon ground pepper |4 1/2 teaspoons fine salt |1/2 teaspoon curing salt (Prague powder #1) |1 tablespoon minced garlic |2 pounds ground pork |1 pound coarse ground pork back fat |1/4 cup distilled white vinegar |Hog casing, rinsed well |	496	8700.0	44400.0	14.6	1011	71
65878a9e7a4720f69354a41352c86709	filipino	Clams in Oyster Sauce 	2 tablespoons olive oil |1 onion, chopped |2 cloves garlic, minced |1 (2 inch) piece fresh ginger, peeled and grated |2 tablespoons oyster sauce |1/2 cup water |2 1/4 pounds clams in shell, scrubbed |	120	5300.0	7400.0	8.1	91	20
7129f11b6b3c6715695f13920c5206d0	filipino	Chicken with Chicharo (Snow Peas) 	1 tablespoon olive oil |1 onion, chopped |2 cloves garlic, minced |1 tablespoon oyster sauce |salt and pepper to taste |2 pounds bone-in chicken pieces, such as legs, thighs, and wings |1 tomato, diced |1 carrot, sliced |2 stalks celery stalks, sliced |1 pound fresh snow peas, trimmed |1 tablespoon cornstarch |1 teaspoon water |	403	13000	25600.0	29.1	183	127
e3e53649d96942c9f7afbd657ad8db06	filipino	Buko (Young Coconut) Pie 	1 fresh young coconut, drained with meat removed and chopped |2 (12 fluid ounce) cans evaporated milk |1 (14 ounce) can sweetened condensed milk |4 eggs, beaten |1/4 cup white sugar |1 pinch salt |	693	66900.0	40700.0	20.1	302	183
f0212ff495ec86c8f57dda38a2b3e418	filipino	Buchi 	3 1/2 ounces green mung beans |1 cup water |1/2 cup white sugar |2 cups glutinous rice flour |2 tablespoons white sugar |1/8 teaspoon salt |1/4 cup water |1 quart cooking oil |	243	38000	9300.0	2	44	0
2a691cbdca21447cd403fc510574f6db	filipino	Corn Soup 	4 ears fresh corn, shucked and desilked |1 tablespoon olive oil |1 medium onion, chopped |2 cloves garlic, minced |1/4 pound pork, cubed |1/4 pound uncooked prawns, peeled and deveined |salt and pepper to taste |4 cups chicken broth |1 bunch fresh spinach, washed and dried |	220	24500.0	7900.0	16.1	1342	62
5d72b0750736ad2e3470468a8e54b6ab	filipino	Embutido (Filipino Meatloaf) 	1 1/2 pounds ground pork |1 (12 ounce) container fully cooked luncheon meat (such as SPAM(R)), sliced thin |2 (4 ounce) links chorizo de bilbao (spicy Spanish semi-cured sausage), sliced thin |2 tablespoons chopped sweet pickle |1 (1.5 ounce) box raisins |3 eggs, beaten |1 teaspoon salt |1 teaspoon ground black pepper |2 tablespoons soy sauce, or to taste |1 tablespoon cornstarch |	483	8100.0	36200.0	30.2	1518	179
80040354b96cc7b7c422ec1b270d32c7	filipino	Bopis 	1/2 pound pork liver |1/2 pound pork lung |1/2 pound pork heart, cut into bite-size pieces |2 bay leaves |1/2 cup distilled white vinegar |1/2 cup water |salt and pepper to taste |3 tablespoons olive oil |1 onion, chopped |2 cloves garlic, minced |2 tomatoes, diced |	129	4300.0	6500.0	13	47	171
659622a9a967bb694ec68ee769721ab5	filipino	Chicken Adobo with Noodles Filipino-Mexican Fusion 	2 tablespoons extra-virgin olive oil, or as needed |8 large skinless, boneless chicken thighs |1/2 Spanish sweet onion, chopped |4 cloves garlic, crushed |1/2 cup rice wine vinegar |1/4 cup soy sauce |2 tablespoons ground cumin |2 bay leaves |2 tablespoons tomato paste |2 tablespoons chipotle sauce |1 1/2 tablespoons arrowroot powder, or as desired |1 (16 ounce) package dry flat rice noodles |	1018	105800.0	31800.0	70.5	1467	232
fc9cbc8cf2ab81461966907708e53512	filipino	Karioka Sweet Rice Balls 	1 cup rice flour |1 cup shredded coconut |3/4 cup coconut milk |2 cups vegetable oil for frying |1/2 cup coconut milk |1/4 cup brown sugar |	414	45400.0	25400.0	3.5	53	0
5a3a9b1a0d914279bdb5d89ae8641d51	filipino	Chicken Afritada (Filipino Stew) 	1 tablespoon vegetable oil |3 cloves garlic, crushed and chopped |1 onion, chopped |1 cup seeded and chopped tomatoes |1 (3 pound) whole chicken, cut into pieces |3 cups water |1 cup tomato sauce (optional) |3 potatoes, quartered |1 green bell pepper, seeded and cut into matchsticks |1 carrot, chopped |salt and ground black pepper to taste |	596	25600.0	44700.0	22.9	327	80
1ffaaad09be99382bb29f0000fa78fe5	filipino	Filippino Lechon Kawali 	1 1/2 pounds pork belly, cut into small pieces |3 cloves garlic, crushed |2 bay leaves |1/2 teaspoon salt |1/2 teaspoon ground black pepper |water to cover |oil for frying |	502	1800.0	45400.0	20.9	1587	62
96b981fafa1d7f1b6be40001d0cf26cb	filipino	Atsara (Papaya Relish) 	4 cups grated fresh green papaya |1/4 cup salt |1 carrot, peeled and sliced |1 red bell pepper, sliced into long strips |1 (2 inch) piece fresh ginger root, peeled and sliced |2 green chile peppers, sliced into thin rings |1 (1.5 ounce) box raisins |1 cup white vinegar |1 cup water |1 cup white sugar |1 teaspoon salt |	112	28200.0	200.0	1	241	0
cf9e573f767e5e1da35af1979e9675c1	filipino	Fruit Salad Abalos Style 	1 (30 ounce) can fruit cocktail, drained |1 (15 ounce) can lychees, drained |1 (12 ounce) jar macapuno (coconut preserves), drained |1 (20 ounce) can palm seeds, drained |1 (15 ounce) can creamed corn |1 Red Delicious apple, cored and diced |1 Asian pear, cored and cubed |1 (8 ounce) container sour cream |1 (14 ounce) can sweetened condensed milk |	482	61800.0	25900.0	9.8	204	23
b63074376eb78789862df59deda3940e	filipino	Melon Heaven 	1 large ripe cantaloupe |2 quarts cold water |1 large honeydew melon |	123	30500.0	600.0	2.3	70	0
a9fd1ff61da889a1f9e348847a08f901	filipino	Mocha Chiffon Cake 	2 1/3 cups all-purpose flour |1 cup white sugar |1 tablespoon baking powder |1 teaspoon salt |2/3 cup brewed coffee |1/2 cup cooking oil |8 egg yolks |8 egg whites |1/2 teaspoon cream of tartar |1/2 cup white sugar |	312	44400.0	12300.0	6.7	321	137
f7be2bdc7fbcb4b46f945c56a5a5902d	filipino	Filipino Menudo (Pork and Liver Stew) 	2 1/4 boneless pork chops |1/2 pound pork liver |3 tablespoons olive oil |2 cloves garlic, minced |1 onion, diced |salt and pepper to taste |2 tomatoes, diced |1 (15.5 ounce) can garbanzo beans, drained |1 (1.5 ounce) box raisins |2 potatoes, diced |	194	24700.0	6800.0	9.5	164	44
4f83c5e2b60bfc267aabf888fe27568d	filipino	Guinataan Sitar and Kalabasa (String Beans and Squash Stew) 	8 ounces boneless pork loin chops |2 cups light coconut milk |2 tablespoons shrimp paste |1 onion, chopped |1 (2 inch) piece fresh ginger root, peeled and sliced |1/2 pound peeled and deveined prawns |1 pound fresh green beans, trimmed and cut into 2-inch pieces |1 (1 pound) calabash gourd, peeled and cut into cubes |1 green chile pepper, halved lengthwise |1 cup thick coconut milk |	353	14700.0	25900.0	20.1	111	86
379d8a8a24aab5b7ac13d17c5eb9c45f	filipino	Pochero 	3 tablespoons olive oil |2 plantains, peeled and quartered |2 small potatoes, quartered |1 onion, chopped |2 cloves garlic, minced |4 pounds chicken legs, thighs, and wings |2 (4 ounce) links chorizo de bilbao (spicy Spanish semi-cured sausage), quartered |salt and pepper to taste |water to cover |2 tomatoes, diced |1 (15.5 ounce) can garbanzo beans, drained |1 small head cabbage, chopped |	959	58900.0	52300.0	64.1	886	203
02327ead738a1d5e2a30c7fc3c5559ef	filipino	Blue's Lumpia 	1 pound ground beef |1 pound ground pork |1 small onion, finely diced |1 cup shredded carrots |1 (8 ounce) can water chestnuts, chopped |2 tablespoons minced garlic |1 egg |1/2 cup oyster sauce |salt and ground black pepper to taste |100 lumpia wrappers (egg roll wrappers) |1 egg, beaten |1 quart vegetable oil for frying |	122	10400.0	6500.0	5	125	23
ed6c558ecf5c0278b255301768e87367	filipino	Ham Hocks with Lima Beans 	4 ounces dried lima beans |2 1/2 pounds ham hocks |1 (2 inch) piece fresh ginger root, sliced |1 large tomato, diced |1 onion, chopped |2 fresh green chile peppers |1 tablespoon tamarind soup base |3 cups water |salt to taste |1 bunch fresh spinach |	725	25000	48300.0	46.7	494	154
6b91ee028dd3160199989e4953ca8fda	filipino	Prawns in Peanut Soup 	2 cups water |salt to taste |2 1/4 pounds peeled and deveined prawns |1/2 pound fresh green beans, trimmed |1 large eggplant, diced |1/2 pound bok choy, chopped |2 tablespoons olive oil |1 onion, chopped |2 cloves garlic, minced |1 teaspoon achiote powder |3 tablespoons smooth peanut butter |	280	15500.0	10400.0	32.7	396	259
532c6ae1fac0706fe17b6f78bb112f0b	filipino	Adobo Twist 	2 tablespoons vegetable oil, or as needed |1 onion, chopped |1 head garlic, crushed |2 pounds pork belly, cut into 1-inch squares |3/4 cup soy sauce, or to taste |1/4 cup water |1 1/2 teaspoons whole black peppercorns |2 bay leaves |1/4 cup cane vinegar |3 tablespoons brown sugar, or more to taste |1 1/2 teaspoons dried basil leaves, or more to taste |	288	12600.0	19100.0	16.2	2221	41
2326965250250548827ce661dbd23643	filipino	Purple Yam Jam 	1 pound purple yam root, unpeeled |1/4 cup butter |1 (10 ounce) can sweetened condensed milk |1/4 teaspoon vanilla extract |1/2 (12 fluid ounce) can evaporated milk |	262	37300.0	10700.0	5.3	115	34
6e5ad9627dc785c08e3043bb20d3be44	filipino	Filipino-Style Congee (Lugaw) 	5 cups water |2 cups uncooked white rice |3 tablespoons vegetable oil |1 whole head garlic, minced |1 tablespoon sliced ginger |2 tablespoons sliced onion |2 skinless, boneless chicken breasts, cut into cubes |1 tablespoon fish sauce, or to taste |ground black pepper to taste |1 teaspoon annatto powder |2 hard-boiled eggs, peeled, or to taste |2 tablespoons chopped spring onions, or to taste |	552	80200.0	14800.0	22	348	135
59f5093354b52f86730821941c38d617	filipino	Lazy Longanisa (Filipino-Style Breakfast Sausage) 	1 pound smoked kielbasa sausage, cut into thick slices |1/2 cup brown sugar |4 teaspoons white vinegar |1 tablespoon soy sauce |1/2 cup water |1 tablespoon vegetable oil |	522	29300.0	37900.0	14.5	1166	81
2089ce16b678e829c0a327eae7d5adff	filipino	Papaya Soup 	2 tablespoons coconut oil |1 small onion, chopped |3/4 cup red bell pepper, chopped |6 fresh chives, chopped |3 cloves garlic, minced |1 tablespoon chopped fresh rosemary |3 fresh sage leaves, chopped |2 teaspoons thinly sliced fresh ginger |1 small hot chile pepper (optional) |1 (14 ounce) package firm tofu, drained and cut into 3/4-inch cubes |salt to taste |2 tablespoons vegetarian Worcestershire sauce |1/2 teaspoon lime juice |6 cups water |3 cubes vegetable bouillon |1 small green papaya, peeled and cut into chunks |1 bunch fresh spinach, trimmed |1 tablespoon fried onions, or to taste |	221	16700.0	13800.0	11.5	330	0
07af9ddad192ff40a50caaa8ad407c3d	filipino	Healthier Crema de Fruta 	1 1/2 cups 2% evaporated milk |1 1/2 cups 2% milk |3/4 cup white sugar |1/2 cup water |1/4 cup all-purpose flour |5 egg yolks |1 1/4 cups water |1 (16 ounce) can fruit cocktail in heavy syrup, syrup drained and reserved |3 (1 ounce) packages unflavored gelatin |2 tablespoons lemon juice, or to taste |2 (5.3 ounce) packages ladyfingers |	336	49900.0	8600.0	16	124	183
d017f2f63f7f6a79553f6f3fe30448e9	filipino	Kwek Kwek (Filipino Street Food) 	12 quail eggs |1/4 cup rice vinegar |1/4 cup ketchup |1/4 cup brown sugar |2 teaspoons soy sauce |1/2 cup water |1 drop yellow food coloring |1 drop red food coloring |1 cup all-purpose flour |salt and freshly ground black pepper to taste |oil for deep frying |1/4 cup cornstarch |bamboo skewer |	150	16200.0	8500.0	2.4	133	76
d4027c3fcf66b32a696042f12f3c0043	filipino	Filipino Fried Chicken 	1 cup cornstarch |1/2 cup white sugar |1/2 cup all-purpose flour |2 tablespoons salt |1 teaspoon monosodium glutamate (such as Ajinomoto(R)) (optional) |4 eggs, slightly beaten |1/2 bunch green onions, chopped |1/4 cup soy sauce (such as Aloha(TM) Shoyu) |10 cloves garlic, minced |5 pounds chicken wings |vegetable oil for frying |	364	35100.0	17800.0	15.3	2019	119
49f295383c55d3d124a3678aaa089df7	filipino	Filipino Corned Beef and Cabbage 	1/3 cup butter |1 teaspoon olive oil |1/2 onion, chopped |3 cloves garlic, minced |4 Roma tomatoes, cubed |1/3 small head cabbage, cored and cut into strips |1/4 cup chicken stock, or more to taste |1 (12 ounce) can corned beef |	398	9400.0	29300.0	24.7	1012	113
c17b776e64adc57f596b9c6531ce15ab	filipino	Chocolate-Orange Rice Pudding 	5 1/2 cups milk |1 cup Arborio rice |2/3 cup white sugar |2 tablespoons orange juice |1 1/2 teaspoons grated orange zest |2 tablespoons orange liqueur |1 tablespoon unsweetened cocoa powder |1 cup semisweet chocolate chips |	356	60600.0	9700.0	8.3	72	13
bd648e81a19aab78c814aef868d398d6	filipino	Pancit Molo (Filipino Wonton Soup) 	1 1/2 pounds ground pork |1 pound uncooked medium shrimp, peeled and deveined |1 (8 ounce) can sliced water chestnuts, drained |salt and ground black pepper to taste |1 (16 ounce) package wonton wrappers, or as needed |2 tablespoons olive oil |1 onion, chopped |2 cloves garlic, minced |1 cooked chicken breast, shredded |1 1/4 quarts chicken broth |1 small head bok choy, cut into bite-sized pieces |2 green onions, chopped |	372	30800.0	14500.0	27.5	880	127
b46982af152f5adaac3361dd6412963d	filipino	Maja Blanca 	2 cups thin coconut milk |3 tablespoons white sugar |2 cups thin coconut milk |3/4 cup cream-style corn |1/2 cup cornstarch |1/2 cup white sugar |3 tablespoons corn kernels |	227	21800.0	16200.0	1.9	56	0
0bea1b0fa9c1698c4510c11f9af5d4af	filipino	Lumpia Mollica 	1 tablespoon vegetable oil |1 yellow onion |1 large stalk celery, finely chopped |1 large carrot, finely chopped |salt to taste |2 pounds ground pork |1 tablespoon minced fresh garlic |1 teaspoon red pepper flakes |1 teaspoon garlic powder |1/2 teaspoon ground turmeric |1/2 teaspoon ground ginger |1/2 teaspoon ground cumin |1/2 teaspoon ground coriander |1/4 teaspoon celery seed |2 (16 ounce) packages lumpia wrappers |1 quart vegetable oil for frying |	214	22300.0	9200.0	9.6	229	29
7807dc1c213d91560f6a710094d5923e	filipino	Chicken Binakol 	2 tablespoons vegetable oil |2 small onions, quartered |3 lemon grass stalks, white parts only, cut into 1-inch pieces |1 (1 inch) piece fresh ginger, sliced |4 cloves garlic, chopped |1 (3 pound) whole chicken, cut into 4 pieces |2 young coconuts, liquid only |1 chayote squash, diced |1 tablespoon fish sauce |	820	14500.0	70500.0	31.4	493	121
9ba03d3dc0f74279c1add85147fbf301	filipino	Fried Tulingan (Mackerel) 	1 (3 1/2) pound whole mackerel, gutted and cleaned |2 cups water |1 tablespoon tamarind soup base |1 teaspoon fish sauce |oil for frying |	974	800.0	70000	77.6	841	222
689cd8fd3bbe4c5e76d7310881c47d35	filipino	Mango Relish 	1 green mango - peeled, seeded, and diced |1 tomato, finely chopped |2 sprigs cilantro, finely chopped |1 small onion, finely chopped |salt and pepper to taste |	8	1900.0	0	0.1	9	0
232656f5dc12c0e04419c7a068e3f6b1	filipino	Dinengdeng 	2 (8 ounce) fillets milkfish (bangus) |1 tomato, quartered |1 onion, chopped |2 tablespoons shrimp paste (bagoong) |1 cup water |salt and pepper to taste |1/2 pound long beans, cut into bite-size pieces |1/2 pound zucchini, cut into bite-size pieces |1/2 pound fresh okra |	288	32700.0	5800.0	27.5	101	43
0313cc206442c02840d3c134640aa417	filipino	Buko (Young Coconut) Chiller 	2 fresh young coconuts |1 cup water |1 tablespoon white sugar, or to taste |ice cubes |	1430	66700.0	133000	13.2	87	0
a7b2342523965cbedd9e997480648956	filipino	Maja Blanca Especiale (Corn and Coconut Cream Pudding) 	1 cup coconut cream |1 1/2 cups cornstarch |1 3/4 cups white sugar |4 cups unsweetened coconut cream |2 tablespoons light butter |2 teaspoons vanilla extract |1 (14.75 ounce) can cream-style corn |1 cup frozen corn |	556	69100.0	32300.0	4.2	126	2
c660a355a811bea61849a7c512acdcaf	filipino	Bitter Melon Stir-Fry 	2 tablespoons olive oil |1 small onion, diced |2 cloves garlic, crushed |1/2 pound pork loin, cut into small cubes |1/2 pound tiger prawns, peeled and deveined |1 tomato, chopped |salt and pepper to taste |1 bitter melon, seeded and sliced |	159	4500.0	8400.0	16.1	128	91
ae7157b611e748907accb1b6ffba1819	filipino	Bitter Melon and Brinjal (Eggplant) Relish 	1 bitter melon, seeded and cut into matchsticks |1 eggplant, cut into matchsticks |1 carrot, cut into matchsticks |4 cloves garlic, sliced thin |2 green chile peppers, seeded and sliced thin |1 small sweet onion, diced |1/2 cup water |1/2 cup distilled white vinegar |2 (2 inch) pieces minced fresh ginger root |1 cup white sugar |1 teaspoon salt |	34	8400.0	100.0	0.4	75	0
f2495d7c450e3a0849432d96cf895d89	filipino	Tokneneng (Filipino Street Food) 	12 eggs |oil for deep frying |4 tablespoons cornstarch, plus more as needed |bamboo skewer |1/4 cup rice vinegar |1/4 cup ketchup |1/4 cup brown sugar |2 teaspoons soy sauce |1 cup all-purpose flour |1/2 cup water |salt and freshly ground black pepper to taste |red and yellow food coloring |	790	49700.0	57500.0	20.3	546	491
da4ed0f7ed4bbca77f0c0316eb887c24	filipino	Pork Tocino (Sweet Cured Pork) 	4 1/2 pounds boneless pork shoulder |2 1/4 cups brown sugar |3 tablespoons seasoned salt |1 tablespoon garlic salt |1 tablespoon ground black pepper |1 teaspoon curing salt (Prague powder #1) |cooking oil |	440	50100.0	15600.0	24.9	1672	81
3c5786c83a0cbb21987734a70343657f	filipino	Latik (Fried Coconut Milk Curd) 	2 cups freshly grated mature coconut |2 cups warm water |	142	6100.0	13400.0	1.3	12	0
659f835fd67cb1e4f5089caaa6dab709	filipino	Halo-Halo Especial 	1 (12 ounce) can jackfruit, drained and diced |1 (12 ounce) jar sweetened white kidney beans |1 (12 ounce) jar red (adzuki) beans, drained |shaved ice |1/2 cup evaporated milk, or to taste |1/2 cup vanilla ice cream, or to taste |	462	94600.0	4900.0	11.7	241	16
ce680a0952954336bd1876159aa10db0	filipino	Fresh Lumpia  	2 tablespoons olive oil |1 onion, chopped |2 cloves garlic, crushed |3 (6 ounce) lean pork tenderloins, sliced into small pieces |4 cups uncooked medium shrimp, peeled and deveined |1/2 small jicama (singkamas or yambean), peeled and cut into matchsticks |1 1/2 cups bean sprouts |2/3 cup chickpeas, drained |1 cup fresh green beans, trimmed |2 stalks celery, diced |1 large carrot, minced |1 cup crushed salted peanuts |1 cup crushed salted peanuts, or to taste |1 head green leafy lettuce, or to taste |1 (16 ounce) package lumpia wrappers |	156	14100.0	6700.0	10.5	218	35
1c5110ebed0d264c34e6367f7d73afa8	filipino	Lumpia Sauce for Fresh Filipino Lumpia 	1 tablespoon olive oil |3 cloves garlic, crushed |2 cups water |2 tablespoons peanut butter |2 tablespoons brown sugar |2 tablespoons corn flour |1 tablespoon soy sauce |	31	3100.0	1900.0	0.7	67	0
51461456633468954eac97c2181a48a2	filipino	Fresh Lumpia with Ubod 	2 cups shrimp - deveined, cut into strips, heads reserved |2 tablespoons olive oil |2 cloves garlic, minced |1 medium onion, chopped |1/3 cup diced ham |1 chorizo de bilbao (spicy Spanish semi-cured sausage), cut into strips |1 (18.4 ounce) lean pork tenderloin, diced |salt and ground black pepper to taste |1 tablespoon soy sauce |1 teaspoon white sugar |1/2 head cabbage, shredded |1 potato, cut into strips |2/3 cup chickpeas, drained |2 stalks celery, cut crosswise into slices |1 carrot, cut into strips |1 ubod (heart of palm), cut into strips |25 leaves lettuce |25 lumpia wrappers |	92	8700.0	2900.0	7.6	168	27
c7934471f293b9b833e0adefa59fb409	filipino	Filipino Lechon Sauce 	1 (14 ounce) can liver spread |1 1/2 cups water |1 cup white vinegar |1/2 cup brown sugar |2 tablespoons soy sauce |3 bay leaves |salt and ground black pepper to taste |3 tablespoons olive oil |1 medium onion, chopped |2 cloves garlic, minced |1/2 cup dry bread crumbs |1 tablespoon cornstarch (optional) |	236	17500.0	15500.0	6.7	517	101
7c44117a9f8afd4a56f8291ce4b4f79f	filipino	Filipino Lechon (Roasted Pork Leg) 	6 1/2 pounds pork leg with skin |3 tablespoons butter at room temperature, or as needed |salt to taste |1 cup water |	350	0	11900.0	60.9	1944	170
654a36c88481a8fa7442a5c259fdaa87	filipino	Pancit Luglug 	1 (16 ounce) package dried rice vermicelli noodles |2 1/4 pounds small shrimp, peeled and deveined |1 tablespoon olive oil |1 onion, chopped |2 cloves garlic, minced |1 1/2 teaspoons achiote powder |2 1/4 pounds ground pork |salt and ground black pepper to taste |2 (10.75 ounce) cans cream of chicken soup |3 1/4 cups chicken broth |3 hard-boiled eggs, crumbled (optional) |green onions, chopped (optional) |	698	56000	28000	50.5	1408	365
111dd4ad9a5ef737c24325134214c731	filipino	Filipino Pancit Bihon with Canton 	1/2 (8 ounce) package pancit bihon (rice noodles) |2 tablespoons olive oil |1 onion, chopped |2 cloves garlic, minced |1 cup chopped cooked chicken |salt and ground black pepper to taste |2 cups fresh shrimp, peeled and deveined |2 tablespoons soy sauce |1 small head cabbage, shredded |2 stalks celery, sliced |1 carrot, peeled and cut into matchsticks |2 cups water |1/2 (8 ounce) package pancit canton (yellow Chinese noodles) |	316	40100.0	8100.0	20.7	486	98
eb5f2e7760e38d11d36146c9b92a6704	filipino	Filipino Patola Soup with Misua 	2 tablespoons olive oil |1 onion, chopped |2 cloves garlic, minced |1/3 pound prawns, peeled and deveined |1 tablespoon fish sauce |1/8 teaspoon ground black pepper |3 1/4 (14.5 ounce) cans chicken broth |1 patola (luffa squash), peeled and cut crosswise into chunks |1 (8 ounce) package misua (salted wheat) noodles, or to taste |	302	41100.0	8700.0	13.1	2098	65
dcd5725146c71ce455af90922f3c407f	filipino	Pancit Molo Wrappers 	2 cups all-purpose flour |2 egg yolks, beaten |1/8 teaspoon salt |water as needed |	51	9600.0	600.0	1.6	16	20
0b28bad76acdf65aa46d74dc64e4c327	filipino	Filipino Fish Stew (Paksiw na Bangus) 	3 1/4 pounds whole milkfish (bangus) |1 eggplant, cut into chunks |1 onion, diced |1 (2 inch) piece ginger, thinly sliced crosswise, or to taste |2 large green chile peppers, chopped |1 teaspoon salt to taste |1 cup water |3/4 cup vinegar |1 green bell pepper, cut into chunks |1 small bitter melon, cut into chunks |	419	12600.0	16900.0	52.6	571	129
0c58a4ca9e3efe695a064d1438097b97	filipino	Beef Morcon (Filipino Meat Roll) 	1 (1 1/2) pound beef top sirloin steak |2 tablespoons soy sauce |1/2 lemon, juiced |1/2 pound ground pork |1 tablespoon sweet pickle relish |salt and ground black pepper to taste |2 links chorizo de bilbao (spicy Spanish semi-cured sausage), halved lengthwise |2 hard-boiled eggs, halved lengthwise |1 carrot, halved lengthwise |2 slices ham, halved lengthwise |1 tablespoon vegetable oil, or as needed |2 cups water |2 tomatoes, diced |1 small onion, chopped |2 cloves garlic, crushed |1 tablespoon whole black peppercorns, crushed |2 bay leaves |1 (4 ounce) can tomato sauce |salt and ground black pepper to taste |	304	6600.0	18700.0	27	700	127
93887c1987a04cc0c36463bbf86dae43	filipino	Siopao (Filipino Steamed Buns) 	3 1/3 cups all-purpose flour |1/2 cup white sugar |1/2 teaspoon salt |1 (.25 ounce) package active dry yeast |1 cup lukewarm water |1/4 cup vegetable oil |1 teaspoon vegetable oil, or as needed |	153	26300.0	4000	2.9	74	0
1aa0e58e4e3a24d8b8fdb6b52bd13156	filipino	Sinigang (Pork Spare Ribs in Sour Soup) 	2 1/4 pounds pork spareribs |3 pounds raw taro root, peeled and cut into 1/2-inch cubes |2 cups water |1 onion, chopped |1 small white radish, peeled and chopped |2 large green chile peppers, chopped |1 small tomato, quartered |1 tamarind pod |1 (1/2 inch) piece fresh ginger root, peeled and chopped |salt to taste |3 pounds fresh green beans, trimmed |1 small eggplant, chopped |	623	34800.0	40500.0	34.5	195	136
5adc915e83d3aa8f156f91aec1535239	filipino	Filipino Baked Milkfish (Baked Bangus)  	2 pounds whole milkfish (bangus), or more to taste |1 tomato, diced |1 onion, chopped |1 (2 inch) piece ginger, thinly sliced crosswise, or to taste, divided |salt and ground black pepper to taste |4 calamansi, juiced |1/2 cup soy sauce |2 cloves garlic, chopped |	394	14300.0	15500.0	49.8	2010	119
31ab08c6108d1c8f1f4b479ecb80e9cf	filipino	Filipino Chicken Relleno 	1 (4.5 pound) whole chicken |2 tablespoons soy sauce |1 lemon, juiced |1 pound ground pork |1 onion, diced |1 tomato, diced |2 large eggs |1 carrot, cut into matchsticks |1 link chorizo de bilbao (spicy Spanish semi-cured sausage), finely chopped |1/2 cup shredded Cheddar cheese |1 (1.5 ounce) box raisins |2 cloves garlic, minced |salt and ground black pepper to taste |1 cup chicken broth |1 tablespoon corn flour |	597	7900.0	48800.0	30.6	450	145
f201025a4ab87f02bccc7428377323c8	filipino	Filipino Stew (Caldereta) 	2 1/4 pounds beef stew meat, cut into 1 1/2-inch chunks |2 cups water |2 beef bouillon cubes |3 tablespoons olive oil, divided |1 onion, chopped |2 cloves garlic, minced |1 teaspoon paprika |salt and ground black pepper to taste |3 tomatoes, diced |2 potatoes, quartered |2 carrots, cut in chunks |3/4 (6 ounce) package frozen peas |1 red bell pepper, cut into chunks |1 (3 ounce) can liver spread |1 tablespoon vinegar, or to taste |1 teaspoon white sugar |	263	14700.0	12500.0	22.3	319	75
eedd5c1ddfb46603722bf8b55bed6c84	filipino	Pickled and Fried Filipino Fish (Daing Na Bangus) 	1 (6 ounce) whole milkfish (bangus), or to taste |salt and ground black pepper to taste |5 cloves garlic, minced |1/2 cup white vinegar |vegetable oil for frying |	129	1200.0	9600.0	8.9	70	22
deb505b28528a3480617024d7c67c3a9	filipino	Filipino Fish Escabeche 	1 cup oil for frying |1 (4 ounce) whole tilapia, cleaned and scaled |salt to taste |3 tablespoons olive oil |1 onion, chopped |2 cloves garlic, minced |1 red bell pepper, cut into chunks |1 (1 inch) piece ginger, thinly sliced crosswise, or to taste |1 1/4 cups water |1 cup distilled white vinegar |5 tablespoons white sugar |salt and ground black pepper to taste |1 tablespoon cornstarch |	259	22600.0	16100.0	6.4	95	10
6c0ae7592b37022f22776d2cff06151c	filipino	Filipino Rice (Arroz Valenciana) 	3 tablespoons olive oil |1 onion, chopped |2 cloves garlic |2 teaspoons paprika |2 1/4 pounds chicken legs, thighs, and wings |1 1/2 cups sweet peas |1 (7 ounce) can olives |2 links chorizo de bilbao (spicy Spanish semi-cured sausage), or to taste |salt and ground black pepper to taste |2 tomatoes, diced |1 cup water |2 cups glutinous sweet rice (malagkit) |1 (14 ounce) can coconut milk |1 red bell pepper, sliced lengthwise |2 hard-boiled eggs, sliced lengthwise |	580	38800.0	39500.0	17.8	438	89
0b606ad5bc0214685dfc932f9f5919c8	filipino	Stuffed Filipino Fish (Bangus Relleno) 	1 (8 ounce) fillet whole milkfish (bangus), or to taste |1 lemon |1 tablespoon soy sauce |2 tablespoons olive oil |1 onion |2 cloves garlic, crushed |6 1/2 tablespoons green peas |1 carrot, diced |1 stalk celery, diced |1/4 cup raisins, or more to taste |salt and ground black pepper to taste |vegetable oil for frying |	264	18400.0	16300.0	14	344	30
365ee0cf2f901ae59a1775445c91ca5e	filipino	Filipino Fish Lumpia (Bangus Lumpia) 	1 milkfish (bangus) |1 tablespoon soy sauce |1/4 lemon |2 tablespoons olive oil |1 onion, chopped |2 cloves garlic, chopped |1 cup frozen peas |1 carrot, cut into matchsticks |1 (1.5 ounce) box raisins |1 stalk celery, diced |salt and ground black pepper to taste |25 lumpia wrappers |oil for frying |	91	7800.0	5400.0	3.2	105	5
abf50cdec5daebdbf67922d7f2197b94	filipino	Filipino Banana Blossoms Sisig 	2 banana blossoms, sliced crosswise into fine strips |salt to taste |2 tablespoons olive oil |2 cloves garlic, chopped |1 onion, chopped |1 (16 ounce) pork loin, diced |salt and ground black pepper to taste |1/2 cup white vinegar |1/2 cup water |	241	12500.0	11200.0	23.3	185	63
2b3cc999f022ddf2aafafbc55478c24c	filipino	Ginataan 	2 (14 ounce) cans coconut milk |3/4 cup white sugar |1 (20 ounce) can plantain bananas, drained |3/4 cup tapioca pearls |1 (15 ounce) can cut yams, drained |1/2 cup canned jackfruit, drained |	456	69900.0	21200.0	3.1	41	0
fb20a0b29f2eee075aff570e4a75cbd2	filipino	Filipino Cassava Cake 	3 pounds grated cassava root |2 (13.5 ounce) cans coconut milk |1 (14 ounce) can sweetened condensed milk, divided |1 (12 ounce) jar macapuno (coconut sport) |1/2 cup white sugar |	524	89500.0	17200.0	5.4	71	11
ca9e48441601f957923f2b24aefa8ead	filipino	Filipino Beef Giniling (Afritada Style) 	1 tablespoon oil, or as needed |1 clove garlic, minced |2 pounds ground beef |1 cup water, or as needed |ground black pepper to taste |6 tablespoons soy sauce, divided |2 medium red potatoes |10 baby carrots, or more to taste, cubed |1/2 cup raisins, or more to taste |2 (6.5 ounce) cans tomato sauce with salt (such as Contadina(R)) |1/2 orange bell pepper, diced |4 tablespoons white sugar |	488	35400.0	26100.0	28.6	1332	93
b1a76cdadc14d86582b442558a8dac97	filipino	Leche Flan 	Caramel: |1 cup sugar |3/4 cup water |1 (13 ounce) can evaporated milk |1 (13 ounce) can sweetened condensed milk |12 egg yolks |1 tablespoon vanilla extract |	387	55400.0	14000	10.6	119	336
678b466a19a0a821fc58653865b12331	filipino	Turon (Caramelized Banana Triangles) 	1 tablespoon butter |1 banana, halved lengthwise |1/4 cup brown sugar |1 dash ground cinnamon |1 tablespoon water |1 tablespoon all-purpose flour |1 tablespoon white sugar |1/4 teaspoon ground cinnamon |5 lumpia wrappers, cut into thirds, or more as needed |vegetable oil for frying |	67	8300.0	3800.0	0.4	22	2
9bc60608383804c7ed6954a293668d84	filipino	Filipino Leche Flan  	2 cups white sugar, divided |3/4 cup water |2 (11.3 ounce) cans evaporated milk |8 egg yolks |zest of 1 lime |	293	47700.0	8900.0	7	82	185
3b2b0c0f7db55473088f8110b3e79bfc	filipino	Pork Lumpia 	3 tablespoons olive oil |1 onion, chopped |2 cloves garlic, crushed |salt and ground black pepper to taste |2 1/4 pounds lean ground pork |1 1/2 (12 ounce) packages frozen mixed vegetables |1 1/2 (12 ounce) packages fresh green beans, diced |1 (16 ounce) package shredded fresh cabbage |2 stalks celery, diced |2 (16 ounce) packages lumpia wrappers |vegetable oil for frying |	237	26600.0	9000	12.1	249	30
ee6f2b1aa03e4c0aa7177d4d1f227bed	filipino	Pancit Sotanghon 	1 cup dried wood ear mushrooms (tenga ng daga) |1 tablespoon vegetable oil |1 clove garlic, minced |1 small onion, chopped |1/2 teaspoon achiote powder |1 3/4 cups chopped cooked chicken |2 teaspoons soy sauce |1 teaspoon fish sauce |1 cube chicken bouillon |1 cup water |1 (10.5 ounce) package green bean vermicelli |1 (8 ounce) package shredded cabbage |1 small head bok choy, chopped |1 carrot, chopped |1/4 teaspoon ground black pepper, or to taste |1 pinch chili powder (optional) |2 hard-boiled eggs, sliced |	331	51000	7300.0	15	429	101
ff2f616f64157c1e7001d58e6440e022	filipino	Sisig (Sweet and Sour Pig's Ears)  	2 1/4 pounds pig&#39;s ears, cut into thin slices |3/4 cup water |1/3 cup white vinegar |2 tablespoons white sugar |1 teaspoon salt |1/4 teaspoon ground black pepper |1 green bell pepper, cut into thin strips |1 red bell pepper, cut into thin strips |1 large green chile pepper, seeded and sliced |	129	2600.0	7700.0	11.6	215	42
aa07c023680f6a8a0a8afc04eef3fb61	filipino	Sinigang na Bangus (Filipino Milkfish in Tamarind Broth) 	5 cups water |2 onions, sliced |2 tomatoes, sliced |1 pound milkfish (bangus), cut into 5 pieces |2 small eggplants, sliced 1/8-inch thick |1 cup fresh green beans, cut into 1-inch pieces |2 white radishes (labanos), sliced |5 pods okra, sliced |3 small green chile peppers |1 cup watercress (kangkong) leaves and stems |1/2 cup tamarind powder |salt to taste (optional) |	291	38100.0	6800.0	23.2	126	47
3437c2e432d8672d158fdec1377ae5e6	filipino	Filipino Chicken Binakol  	1 pound chicken, cut into pieces |1 cup water |1 tablespoon canola oil |1 red onion, finely chopped |1 tablespoon crushed fresh ginger root |3 cloves garlic, chopped |2 tomatoes, cut into wedges |2 fresh young coconuts, juice and meat |1 cup sliced bok choy |1 tablespoon fish sauce |salt to taste |	881	37200.0	72500.0	30.2	418	59
c9e8a571785eba9030cf27eaceee83fd	filipino	Ate Mhalou's Pinoy Fishtek 	10 calamansi fruits, juiced |1/4 cup light soy sauce |1 pound boneless milkfish, cut into 4 pieces |1/4 cup vegetable oil, divided |1 onion, cut into rings |water, or as needed |salt and ground black pepper to taste |	743	47700.0	43600.0	52	1328	119
8f4414f9b8826215d3e1b7de52c11b36	filipino	Siopao Chicken and Pork Filling 	2 tablespoons olive oil |1 onion, chopped |2 cloves garlic, minced |2 1/4 pounds pork loin, diced |2 1/4 pounds chicken thighs, deboned and diced |1/4 cup soy sauce |1 tablespoon white sugar |salt and ground black pepper to taste |	183	1900.0	8900.0	22.3	292	74
817b72ca3c0c3076ad3d0e605073caa1	filipino	Filipino Pork Sinigang 	2 1/2 pounds pork neck bones |2 pounds pork spareribs |water to cover |1 tablespoon salt |1 1/2 onions, quartered |2 tomatoes, quartered, or more to taste |1 taro, peeled and cut into large chunks |1/2 cup fresh lemon juice |2 tablespoons fish sauce |1 pound bok choy, chopped |1 large leek, chopped |5 head-on shrimp |	546	11000	29000	58.2	2200	184
