938fc712753d484cb17f940be86eb10e£ Preheat oven to 350 degrees F (175 degrees C). Place chicken thighs in a large bowl; season with black pepper, cumin, and 1 teaspoon salt. Set aside. Stuff each cherry pepper generously with Italian sausage. Set aside. Heat olive oil in Dutch oven over medium-high heat. Place chicken thighs, skin-side down, in pan and brown, about 5 minutes. Turn chicken over and brown other side, about 1 minute. Remove chicken from pan. Cook onion in the Dutch oven with pinch of salt over medium-high heat; cook and stir until caramelized, about 5 minutes. Reduce heat to medium; stir in garlic, herbes de Provence, and crushed red pepper. Stir in pepperoncini and juices; cook until warmed through, about 2 minutes. Remove from heat. Place chicken, skin-side up, in a single layer on top of the onions and pepperoncinis in the Dutch oven. Pour stock into the pan until almost covering the chicken. Sprinkle artichoke hearts, olives, and stuffed cherry peppers over top of chicken. Return to medium-high heat and bring to a simmer. Cover and roast in preheated oven until sausage is cooked through and liquid is bubbling, about 1 hour. Garnish with chopped basil, oregano, and marjoram. 
beabcbbfcef71f75f1934f633433aa8d£ In a large salad bowl, toss together the cucumbers, feta cheese, olives, roma tomatoes, sun-dried tomatoes, 2 tablespoons reserved sun-dried tomato oil, and red onion. Chill until serving. 
a7ca8f050a4b358d38817935ed15a5e1£ Wrap onion in cheese cloth and squeeze out as much moisture as possible. Set aside. Place garbanzo beans, parsley, garlic, cumin, coriander, salt, and baking soda in a food processor. Process until the mixture is coarsely pureed. Mix garbanzo bean mixture and onion together in a bowl. Stir in the flour and egg. Shape mixture into four large patties and let stand for 15 minutes. Preheat an oven to 400 degrees F (200 degrees C). Heat olive oil in a large, oven-safe skillet over medium-high heat. Place the patties in the skillet; cook until golden brown, about 3 minutes on each side. Transfer skillet to the preheated oven and bake until heated through, about 10 minutes. 
1f2d9fedb663fbdfba5f52cc957de4be£ Bring the water, bouillon cubes, and garlic to a boil in a saucepan. Stir in the quinoa, reduce heat to medium-low, cover, and simmer until the quinoa is tender and the water has been absorbed, 15 to 20 minutes. Discard the garlic clove and scrape the quinoa into a large bowl. Gently stir the chicken, onion, bell pepper, olives, feta cheese, parsley, chives, and salt into the quinoa. Drizzle with the lemon juice, balsamic vinegar, and olive oil. Stir until evenly mixed. Serve warm or refrigerate and serve cold. 
4469f1c82df21b85ca26e8b59a899173£ In shallow salad bowl, or on serving platter, combine tomatoes, cucumber, and onion. Sprinkle with oil, lemon juice, oregano, and salt and pepper to taste. Sprinkle feta cheese and olives over salad. Serve. 
734d08e6087a6d617f6408fe31f98939£ In a blender, chop the garlic. Pour garbanzo beans into the blender, reserving about a tablespoon for garnish. Add reserved liquid, lemon juice, tahini, and salt to the blender. Blend until creamy and well mixed. Transfer the mixture to a medium serving bowl. Sprinkle with pepper and pour olive oil over the top. Garnish with reserved garbanzo beans. 
2eaf3bae8aa6b1c152b4af102473b9df£ Place a steamer insert into a saucepan, and fill with water to just below the bottom of the steamer. Cover, and bring the water to a boil over high heat. Add the kale, recover, and steam until just tender, 7 to 10 minutes depending on thickness. Whisk together the lemon juice, olive oil, garlic, soy sauce, salt, and black pepper in a large bowl. Toss steamed kale into dressing until well coated. 
8ea43b5f1966822e5d66f771a9ce5a86£ Preheat an oven to 350 degrees F (175 degrees C). Place halibut fillets on a large sheet of aluminum foil and season with Greek seasoning. Combine tomato, onion, olives, capers, olive oil, lemon juice, salt, and pepper in a bowl. Spoon tomato mixture over the halibut. Carefully seal all the edges of the foil to create a large packet. Place the packet on a baking sheet. Bake in the preheated oven until the fish flakes easily with a fork, 30 to 40 minutes. 
aa7f6900c4a73346082f4345d8013e78£ Bring barley and water to a boil in a saucepan over high heat. Reduce heat to medium-low, cover, and simmer until the barley is tender, but still slightly firm in the center, about 30 minutes. Drain and cool to room temperature in a bowl. Puree the sun-dried tomatoes, garlic, 2 tablespoons olive oil, and balsamic vinegar in a blender until smooth. Pour over the barley. Fold in the cilantro, olives, and remaining olive oil until blended. Cover, and refrigerate until cold. Stir before serving. 
6bbefb2477ac53ddb9730cb39ccfdd36£ Bring a large pot of lightly salted water to a boil. Cook pasta in boiling water until tender yet firm to the bit, 8 to 10 minutes; drain. Heat olive oil in a large skillet over medium-high heat. Add onion and garlic; saute until fragrant, about 2 minutes. Stir in the chicken and cook, stirring occasionally, until chicken is no longer pink in the center and the juices run clear, about 5 to 6 minutes. Reduce heat to medium-low; add artichoke hearts, tomato, feta cheese, parsley, lemon juice, oregano, and cooked pasta. Cook and stir until heated through, about 2 to 3 minutes. Remove from heat, season with salt and pepper, and garnish with lemon wedges. 
a596f22f310a0f86a147f03525c5c6e9£ Preheat the oven to 350 degrees F (175 degrees C). Spread tomato pesto onto one side of each pita bread and place them pesto-side up on a baking sheet. Top pitas with tomatoes, spinach, mushrooms, feta cheese, and Parmesan cheese; drizzle with olive oil and season with pepper. Bake in the preheated oven until pita breads are crisp, about 12 minutes. Cut pitas into quarters. 
2d8c130706f8654d7f99eabfca59dea4£ In a large pot with boiling salted water cook penne pasta until al dente. Drain. Meanwhile, in a large skillet over medium-high heat melt butter, add onion and garlic and cook for 2 minutes. Add chopped chicken and continue cooking, stirring occasionally until golden brown, about 5 to 6 minutes. Reduce heat to medium- low. Drain and chop artichoke hearts and add them, chopped tomato, feta cheese, fresh parsley, lemon juice, dried oregano, and drained penne pasta to the large skillet. Cook until heated through, about 2 to 3 minutes. Season with salt and ground black pepper. Serve warm. 
8ffdbb2a23d34900637f743583c39ef4£ In an electric blender or food processor, puree the chickpeas, red peppers, lemon juice, tahini, garlic, cumin, cayenne, and salt. Process, using long pulses, until the mixture is fairly smooth, and slightly fluffy. Make sure to scrape the mixture off the sides of the food processor or blender in between pulses. Transfer to a serving bowl and refrigerate for at least 1 hour. (The hummus can be made up to 3 days ahead and refrigerated. Return to room temperature before serving.) Sprinkle the hummus with the chopped parsley before serving. 
ebf6221d0f2508e25bc64a2fdcad571a£ Mince garlic in the bowl of a food processor. Add black beans, 2 tablespoons reserved liquid, 2 tablespoons lemon juice, tahini, 1/2 teaspoon cumin, 1/2 teaspoon salt, and 1/8 teaspoon cayenne pepper; process until smooth, scraping down the sides as needed. Add additional seasoning and liquid to taste. Garnish with paprika and Greek olives. 
ce5f95b551ff89617c9c0875f4ad800a£ In a blender or food processor combine garbanzo beans, garlic, cumin, salt and olive oil. Blend on low speed, gradually adding reserved bean liquid, until desired consistency is achieved. 
4dbf29c9596c4c1eee3cdec2735adccf£ Preheat oven to 350 degrees F (175 degrees C). In a small bowl, mix olive oil, water, garlic, lemon juice, thyme, rosemary, bouillon cubes and pepper. Arrange potatoes evenly in the bottom of a medium baking dish. Pour the olive oil mixture over the potatoes. Cover, and bake 1 1/2 to 2 hours in the preheated oven, turning occasionally, until tender but firm. 
aa5560211092e60f250c69911cad4e5a£ Cook the pasta in a large pot of boiling salted water until al dente. Meanwhile, combine tomatoes and beans in a large non-stick skillet. Bring to a boil over medium high heat. Reduce heat, and simmer 10 minutes. Add spinach to the sauce; cook for 2 minutes or until spinach wilts, stirring constantly. Serve sauce over pasta, and sprinkle with feta. 
4ff0f74767cc3cc8e2d03f37ccfdf5ec£ Place lentils in a large saucepan; add enough water to cover by 1 inch. Bring water to a boil and cook until tender, about 10 minutes; drain. Heat olive oil in a saucepan over medium heat. Add garlic, onion, and carrot; cook and stir until the onion has softened and turned translucent, about 5 minutes. Pour in lentils, 1 quart water, oregano, rosemary, and bay leaves. Bring to a boil. Reduce heat to medium-low, cover, and simmer for 10 minutes. Stir in tomato paste and season with salt and pepper. Cover and simmer until the lentils have softened, 30 to 40 minutes, stirring occasionally. Add additional water if the soup becomes too thick. Drizzle with 1 teaspoon olive oil and red wine vinegar to taste. 
c78a84cb0ede06bb13125f47110e8bb0£ Heat olive oil in a large saucepan over medium heat. Cook celery, onion, garlic, parsley, Italian seasoning, red pepper flakes, and salt in the hot oil until onion is translucent, about 5 minutes. Stir in chicken broth, tomatoes and tomato sauce, and simmer on low for 15 to 20 minutes. Add pasta and cook 10 minutes, until pasta is tender. Add undrained beans and mix well. Heat through. Serve with grated Parmesan cheese sprinkled on top. 
024a88920d0f9a71a9e7fdeac8977401£ Heat the oil and 2 tablespoons white wine in a large skillet over medium heat. Add chicken and saute about 4 to 6 minutes each side, until golden. Remove chicken from skillet and set aside. Saute garlic in pan drippings for 30 seconds, then add onion and saute for 3 minutes. Add tomatoes and bring to a boil. Lower heat, add 1/2 cup white wine and simmer for 10 minutes. Add thyme and basil and simmer for 5 more minutes. Return chicken to skillet and cover. Cook over low heat until the chicken is cooked through and no longer pink inside. Add olives and parsley to the skillet and cook for 1 minute. Season with salt and pepper to taste and serve. 
ed975df915cafcf45ef36716bf7a4084£ Bring a large pot of lightly salted water to a boil. Add pasta and cook for 8 to 10 minutes or until al dente; drain. Heat the oil in a skillet over medium heat. Stir in onion and garlic, and cook until onion is tender. Mix in wine and tomatoes, and continue cooking 10 minutes, stirring occasionally. Mix shrimp into the skillet, and cook 5 minutes, or until opaque. Toss with pasta and top with Parmesan cheese to serve. 
f1c2a5a563b551b9d9bd87c6377ac519£ On a large platter, alternate and overlap the tomato slices, mozzarella cheese slices, and basil leaves. Drizzle with olive oil. Season with sea salt and pepper. 
7e244839f8643d73a86ddbeb6c900c0b£ In a blender or food processor, combine garbanzo beans, jalapeno, cumin, lemon juice, garlic and 1 tablespoon of the reserved bean liquid. Blend until smooth. 
ad6701537715c4a120743e186e0eed80£ In a large plastic bowl with a lid, combine arugula, cherry tomatoes, pine nuts, oil, vinegar, and Parmesan cheese. Season with salt and pepper to taste. Cover, and shake to mix. Divide salad onto plates, and top with slices of avocado. 
a17d1af7fdbc73e18cebc30c0e5b01c3£ In a large saucepan, heat oil. Cook onion and celery in oil for 5 to 8 minutes, or until tender. Add garlic, and cook for 30 seconds, continually stirring. Stir in beans, chicken broth, pepper, thyme and 2 cups water. Bring to a boil, reduce heat, and then simmer for 15 minutes. With slotted spoon, remove 2 cups of the bean and vegetable mixture from soup and set aside. In blender at low speed, blend remaining soup in small batches until smooth, (it helps to remove the center piece of the blender lid to allow steam to escape.) Once blended pour soup back into stock pot and stir in reserved beans. Bring to a boil, occasionally stirring. Stir in spinach and cook 1 minute or until spinach is wilted. Stir in lemon juice and remove from heat and serve with fresh grated Parmesan cheese on top. 
934b0f66d6f7e6d2272d0e5ad8eb108a£ Stir together yogurt, grated cucumber, garlic, lemon juice, and olive oil in a bowl. Add lemon zest, dill, salt, and pepper; whisk until smooth. Pour into a serving dish, cover tightly, and refrigerate 8 hours before serving. 
25e0e9048b068c516f71dec35a565f4d£ Heat oil in 4-quart Dutch oven over medium heat until hot. Add onion and garlic and cook for 5 minutes or until onion is tender. Add undrained tomatoes, undrained cannellini beans, chicken broth, parsley, basil and pepper to Dutch oven and bring to a boil over high heat, stirring occasionally. Let boil for approximately 1 minute and then let simmer for 10 minutes, covered. Add pasta to Dutch oven and simmer approximately 10 to 12 minutes or until pasta is tender. Serve immediately and enjoy. 
7fb065a76a8472fa9578f0cd5818b415£ In a large salad bowl, combine the Romaine, onion, olives, bell peppers, tomatoes, cucumber and cheese. Whisk together the olive oil, oregano, lemon juice and black pepper. Pour dressing over salad, toss and serve. 
03e821e5e65bb203d45080e71e5da03e£ Preheat oven to 425 degrees F (220 degrees C). Bring a saucepan of water to a boil. Plunge tomatoes into the boiling water and immediately remove to a medium bowl of ice water; drain. Remove and discard skins from tomatoes. Chop tomatoes and set aside. Heat olive oil in a skillet over medium heat; saute onion until tender, about 5 minutes. Stir in tomatoes, garlic and Italian seasoning; cook until tomatoes are tender, 5 to 7 minutes. Mix in olives, wine, capers, lemon juice, and 1/2 the basil. Reduce heat, blend in Parmesan cheese, and cook until the mixture is reduced to a thick sauce, about 15 minutes. Place flounder in a shallow baking dish. Pour sauce over the fillets and top with remaining basil leaves. Bake 12 minutes in the preheated oven, until fish is easily flaked with a fork. 
3b7ee585f4b3cf466bef0d63209ed414£ Wrap onion in cheese cloth and squeeze out as much moisture as possible. Set aside. Place garbanzo beans, parsley, garlic, cumin, coriander, salt, and baking soda in a food processor. Process until the mixture is coarsely pureed. Mix garbanzo bean mixture and onion together in a bowl. Stir in the flour and egg. Shape mixture into four large patties and let stand for 15 minutes. Preheat an oven to 400 degrees F (200 degrees C). Heat olive oil in a large, oven-safe skillet over medium-high heat. Place the patties in the skillet; cook until golden brown, about 3 minutes on each side. Transfer skillet to the preheated oven and bake until heated through, about 10 minutes. 
04c2d64361de00b056dcd7a1b178cd29£ Stir together tuna, mayonnaise, green onions, red pepper, and balsamic vinegar in a bowl. Season with pepper and garlic salt, then pack the avocado halves with the tuna mixture. Garnish with reserved green onions and a dash of black pepper before serving. 
02a9fbf8abcfad0361623f129a67e74e£ In a large stock pot, combine diced tomatoes, beans, spinach, chicken broth, tomato sauce, water, garlic, bacon, parsley, garlic powder, salt, pepper, and basil. Bring to a boil, and let simmer for 40 minutes, covered. Add pasta and cook uncovered until pasta is tender, approximately 10 minutes. Ladle soup into individual serving bowls, sprinkle cheese on top, and serve. 
e023d490ad0557a953469e4a86fd00ca£ Drain pineapple, reserving juice. Sprinkle with salt. In a large frying pan, brown chicken in oil. Combine cumin and cinnamon, and sprinkle over chicken. Add garlic and onion; cook until onion is soft. Add reserved pineapple juice, tomatoes, olives, and salsa. Cover, and simmer 25 minutes. Mix cornstarch with water; stir into pan juices. Add bell pepper, and simmer until sauce boils and thickens. Stir in pineapple chunks, and heat through. 
81666ad3c1469a7e6e99f657bd3ecd5e£ In a large pot of boiling water, blanch broccoli for about 5 minutes. Drain, and set aside. Heat olive oil in a large skillet over medium heat. Saute garlic until lightly golden, being careful not to burn it. Add the broccoli. Saute, stirring occasionally, for about 10 minutes. Broccoli should be tender yet crisp to the bite. Meanwhile, cook cavatelli in a large pot of boiling salted water for 8 to 10 minutes, or until al dente. Drain, and place in a large serving bowl. Toss with the broccoli, and season with salt and hot pepper flakes. Serve with parmesan cheese. 
7aaab52ed149c71d307be8742963d876£ Heat butter and olive oil in a large skillet over medium heat. Cook and stir onions and garlic until onions are slightly tender, being careful not to burn the garlic. Add tomato sauce and cherry tomatoes, and bring to a simmer. Stir in green olives and marinated vegetables, and season with black pepper, cayenne pepper, and paprika. Cook fillets in sauce over medium heat for 5 to 8 minutes, or until easily flaked with a fork. Serve immediately. 
cbae60a1a324036f8abec5e5f4c8d332£
d9c1d6d6e56b528095af101abe247378£ Place eggplant strips in a big pot of lightly salted water and soak for 30 minutes (this will improve the taste; they will leave a brown color in the pot). Remove eggplant from pot and brush lightly with olive oil. Saute or grill until lightly browned and place in a 9x13 inch baking dish. Set aside. Saute diced chicken and onion in a large skillet over medium heat. Stir in tomato paste and water, cover skillet, reduce heat to low and simmer for 10 minutes. Preheat oven to 400 degrees F (200 degrees C). Pour chicken/tomato mixture over eggplant. Season with oregano, salt and pepper and cover with aluminum foil. Bake in the preheated oven for 20 minutes. 
612e90dce620e61b71e38443d8f74e2b£ Bring a large pot of lightly salted water to a boil. Add pasta and cook for 8 to 10 minutes or until al dente; drain. Meanwhile, in a medium skillet, heat olive oil over medium heat and add garlic and anchovies to cook for about 2 minutes; stir constantly. Stir in breadcrumbs and turn off heat. Add parsley and black ground pepper; mix together. Toss anchovy sauce with hot pasta and sprinkle with cheese; serve. 
5562341cfb6f7d1ab4eae535369c4fdc£ Preheat oven to 400 degrees F (200 degrees C). Spread potatoes, zucchini, and red onions in a 9x13-inch baking dish, or preferably a larger one. Use 2 baking dishes if necessary. Cover with pureed tomatoes, olive oil, parsley. Season with salt and freshly ground pepper. Toss all ingredients together so that the vegetables are evenly coated. Bake in the preheated oven, stirring after 1 hour, until vegetables are tender and moisture has evaporated, about 90 minutes. Cool slightly before serving, or serve at room temperature. 
32daa489d575bf478f7be423abb0fd45£ Place chicken in the bottom of a slow cooker. Add the garlic, onion, tomatoes, peaches, garbanzo beans, dried apricots, cumin, ginger, cinnamon, coriander, and cayenne pepper. Pour in the chicken broth. Cook on Low for 5 hours. Remove the chicken and keep warm. Mix the cornstarch and water in a small bowl. Stir the cornstarch mixture into the slow cooker. Cook on High until the sauce has thickened, about 15 minutes. Return the chicken to the slow cooker and heat through. Top with fresh cilantro and almonds before serving. 
9f75eef2044a3f4db4c571304ad543da£ Combine bulgur and boiling water in a large bowl. Cover, and set aside to soak for 1 hour. Add oil, lemon juice, onions, parsley, mint, tomatoes, and cucumber; toss to combine. Season to taste with salt and black pepper. Cover, and refrigerate for at least 1 hour. 
22f004871eff0a01dd8030789503274f£ Preheat oven to 350 degrees F (175 degrees C). Prepare asparagus by trimming woody base and cutting diagonally into 4 inch pieces. In a roasting pan, combine asparagus, bell pepper, mushrooms, roasted garlic and tomato. Sprinkle with rosemary and oregano, then drizzle with olive oil. Bake in preheated oven for 15 minutes. Bring a large pot of lightly salted water to a boil. Add pasta and cook for 8 to 10 minutes or until al dente; drain. Toss with Parmesan cheese, tapenade and roasted vegetables. 
f6376812f7cbeb78995039657c6f0384£ In a bowl, toss together the garbanzo beans, roma tomato, green bell pepper, onion, garlic, parsley, olive oil, and lemon juice. Cover, and chill until serving. 
bf5f5183d6ce567bf0b54333170c7bff£ In a 5 to 6 quart slow cooker, combine onion, bell pepper, garlic, rosemary, and oregano. Crumble sausages over onion mixture. Rinse chicken and pat dry; arrange in a single layer over sausage. Sprinkle with pepper. Pour in vermouth. Cover, and cook on Low setting for 5 to 7 hours, or until chicken is tender and cooked through when pierced. Transfer chicken to a warm, deep platter, and cover to keep warm. In a small bowl, stir together cornstarch and cold water. Stir into cooking liquid in slow cooker. Increase heat to High, and cover. Cook, stirring 2 to3 times, until sauce is thickened (about 10 more minutes). Season to taste with salt. Spoon sauce over chicken, and sprinkle with parsley. 
8413db97821387595513215d597d5bd3£ Preheat oven to 350 degrees F (175 degrees C). Coat large baking dish with cooking spray. Place spaghetti squash cut-side down in prepared baking dish. Bake in preheated oven until spaghetti squash is tender when pierced with a fork, about 45 minutes. Turn squash over and bake for another 5 minutes. Remove spaghetti squash from oven. Scrape the strands from the skin and place into a large bowl. Heat 1 tablespoon of olive oil in a large skillet over medium heat. Add Italian sausage and cook, stirring occasionally, until sausage is brown and crumbly, 5 to 8 minutes. Remove sausage. Return skillet to heat; add 1 tablespoon olive oil, spring onions, and garlic, cook and stir until onions are softened, about 5 minutes. Add zucchini, red peppers, and Italian seasoning and continue to cook and stir until the vegetables are soft, about 5 minutes. Stir spaghetti squash and feta cheese into vegetable mixture; cook and stir until cheese melts, about 3 minutes. Stir sausage into vegetable mixture; season with salt and lemon pepper. Sprinkle tomato and parsley on top to serve. 
4797b0154a9bac82671bd0ab5ad467d7£ Preheat oven to 350 degrees F (175 degrees C). Place chicken thighs in a large bowl; season with black pepper, cumin, and 1 teaspoon salt. Set aside. Stuff each cherry pepper generously with Italian sausage. Set aside. Heat olive oil in Dutch oven over medium-high heat. Place chicken thighs, skin-side down, in pan and brown, about 5 minutes. Turn chicken over and brown other side, about 1 minute. Remove chicken from pan. Cook onion in the Dutch oven with pinch of salt over medium-high heat; cook and stir until caramelized, about 5 minutes. Reduce heat to medium; stir in garlic, herbes de Provence, and crushed red pepper. Stir in pepperoncini and juices; cook until warmed through, about 2 minutes. Remove from heat. Place chicken, skin-side up, in a single layer on top of the onions and pepperoncinis in the Dutch oven. Pour stock into the pan until almost covering the chicken. Sprinkle artichoke hearts, olives, and stuffed cherry peppers over top of chicken. Return to medium-high heat and bring to a simmer. Cover and roast in preheated oven until sausage is cooked through and liquid is bubbling, about 1 hour. Garnish with chopped basil, oregano, and marjoram. 
aa3034f0ed198ec420bd343ca7315aa0£ Place sun-dried tomatoes in a bowl and cover with warm water for 5 minutes, or until tender. In a food processor or blender combine sun-dried tomatoes, basil, parsley, garlic, pine nuts and onion; process until well blended. Add vinegar, tomato paste, crushed tomatoes and red wine, and process. Stir in olive oil and Parmesan cheese. Season with salt to taste. 
90129fcb0040bc5d983313c488607ba5£ Bring a large pot of lightly salted water to a boil. Cook pasta for 8 to 10 minutes, or until al dente; drain. Place whole sausages and 1/3 cup water in a skillet over medium-high heat. Cover, and cook 5 to 8 minutes. Drain and thinly slice. Return sausage to skillet. Stir in garlic, onions, peppers, and Marsala wine. Cook over medium-high heat, stirring frequently, until sausage is cooked through. Stir in diced tomatoes, black pepper, and oregano. Cook about 2 minutes more, then remove from heat. Serve over cooked pasta. 
b147ae59e8efbfc5419c76b4d94ee992£ Cook pasta in a large pot of boiling water until al dente. Drain, and rinse in cold water. In a small bowl, mix together oil, lemon juice, basil, garlic salt, and black pepper. In a large bowl, combine pasta, tomatoes, green pepper, onion, cucumber, and black olives. Add dressing, and toss to coat. Chill in the refrigerator for 30 minutes. 
ac052925cf4bb9c5cd0885a2c4b6e078£ In a large skillet heat oil over medium high heat. Add chicken and season with garlic, seasoning, hot pepper flakes and salt and pepper to taste. Saute for 5 minutes, then add tomatoes and cook for another 5 minutes. Add green beans and stir all together. Cover skillet, reduce heat to medium low and simmer for approximately 15 to 20 minutes. 
f39b00872f6ab22d07fd7b76b051a2ce£ Soak the beans for 24 hours. Drain, and let sit for 2 to 3 days, until the bean&#39;s sprouts are about 1/2 inch long. Rinse the beans once or twice a day. Bring a large pot of water to a boil. Remove from heat, and let stand for 1 minute. Place the sprouted beans in the hot water, and let sit for 1 minute. Drain. If you do not do this step, the hummus will be awful. Place the sprouted beans into the container of a large food processor. Add the tahini, sea salt, lemon juice, and garlic. Process until smooth, adding water if necessary. It will take 3 to 5 minutes to blend. Let sit in the food processor for 5 minutes to allow the beans to absorb as much of the water as possible. If too thick, add more water, and blend again. Taste and adjust seasonings if needed. Spoon into a serving dish, and garnish with paprika. 
ca1ffd3d1e8888028fca64b8236193c9£ Place the lima beans in a large saucepan. Pour enough water to fill to 2 inches above top of the beans. Allow to soak overnight. Preheat oven to 375 degrees F (190 degrees C). Place the saucepan over medium heat; bring to a boil; reduce heat to medium-low and simmer 20 minutes; drain. Pour the beans into a 9 x 13 baking dish. Add the tomatoes, olive oil, garlic, salt, and dill; stir. Bake in preheated oven for 1 1/2 to 2 hours, stirring occasionally and adding water if the mixture appears dry. 
e8d58659539e681d02fb889865975b04£ In a large skillet over medium heat, warm oil and saute garlic until transparent. Add tomatoes, oregano, basil and red pepper flakes to skillet; reduce heat to low to simmer for 5 minutes. Meanwhile, bring a large pot of lightly salted water to a boil. Add pasta and cook for 8 to 10 minutes or until al dente; drain and reserve. Add wine and mussels to skillet; cover and increase heat to high for 3 to 5 minutes or until mussel shells are open. Pour over hot pasta, sprinkle with parsley and squeeze lemon wedge over all. Garnish with remaining lemon and serve. 
f6569aa6a6a4690b5f418732e35ba531£ Preheat an oven to 350 degrees F (175 degrees C). Brush each salmon fillet on all sides with olive oil and arrange into the bottom of a glass baking dish with the skin side facing down. Scatter the tomatoes, feta cheese, onion, basil, and olives over the fillets; sprinkle with the lemon juice. Bake in the preheated oven until the salmon flakes easily with a fork, about 20 minutes. 
067599256f34420547190c1d7fff1e78£ Preheat an oven to 350 degrees F (175 degrees C). Place halibut fillets on a large sheet of aluminum foil and season with Greek seasoning. Combine tomato, onion, olives, capers, olive oil, lemon juice, salt, and pepper in a bowl. Spoon tomato mixture over the halibut. Carefully seal all the edges of the foil to create a large packet. Place the packet on a baking sheet. Bake in the preheated oven until the fish flakes easily with a fork, 30 to 40 minutes. 
d7cb3a9ef01886a725f7d6a9848bf0ed£ In a medium bowl, combine the water, vinegar, oil, garlic, thyme, Italian-style seasoning, poultry seasoning, rosemary, salt and ground black pepper. Mix well and apply to your favorite meat. 
1848331ae878498b79165931e9f8221d£ Cook pasta in a large pot of boiling water until done. Drain. Meanwhile, heat oil in large saucepan. Add garlic and cook 2 minutes, stirring constantly. Crush herbs, and add to the garlic. Add linguine. Heat through, stirring frequently. Fold in tomatoes. Serve. 
447ac493a6320b6285449332f1152a73£ Preheat oven to 400 degrees F (200 degrees C). Heat olive oil in a large skillet over medium heat; cook and stir onion and garlic in the hot oil until onion is soft, about 5 minutes. Add spinach to skillet; cook and stir until spinach is wilted and cooked down, 5 more minutes. Stir olives, feta cheese, lemon rind, salt, oregano, and white pepper into spinach. Cook until feta cheese has melted and flavors have blended, about 5 more minutes. Spread spinach mixture into a 9x13-inch baking dish. Arrange tilapia fillets over spinach mixture. Mix butter and lemon juice in a small bowl and drizzle over fish; sprinkle with paprika. Bake fish in the preheated oven until the flesh is opaque and flakes easily, 20 to 25 minutes. 
bc7f9705ef51f0204c243672a5db626e£ Bring barley and water to a boil in a saucepan over high heat. Reduce heat to medium-low, cover, and simmer until the barley is tender, but still slightly firm in the center, about 30 minutes. Drain and cool to room temperature in a bowl. Puree the sun-dried tomatoes, garlic, 2 tablespoons olive oil, and balsamic vinegar in a blender until smooth. Pour over the barley. Fold in the cilantro, olives, and remaining olive oil until blended. Cover, and refrigerate until cold. Stir before serving. 
d1d68139539fba7579ce351b82c5cd20£ Whisk the olive oil, lemon juice, vinegar, garlic, cumin, oregano, thyme, salt, and black pepper together in a large glass or ceramic bowl. Add the chicken and toss to evenly coat. Cover the bowl with plastic wrap; marinate in the refrigerator for at least 2 hours. Soak wooden skewers in water for about 30 minutes before use. Preheat an outdoor grill for medium-high heat; lightly oil the grate. Remove the chicken from the marinade and shake off excess liquid. Discard the remaining marinade. Alternately thread pieces of the marinated chicken with pieces of bell pepper, onion, cherry tomatoes, and mushrooms onto the skewers. Cook the skewers on the preheated grill, turning frequently until nicely browned on all sides, and the chicken is no longer pink in the center, about 10 minutes. 
f44f30cdaf8d04b88fd572b59863e9b6£ Soak the raisins in warm water until they plump, about 10 minutes. Drain and set aside. Heat 3 tablespoons of olive oil in a saucepan over medium-high heat. Stir in the onion, garlic, pine nuts, and olives. Season with bay leaves, oregano, and cayenne. Cook until the onions have softened and begun to turn golden, about 5 minutes. Stir in the tomatoes and season with salt and pepper; cook for 5 more minutes. Add the raisins, balsamic vinegar, and sugar; cook, stirring occasionally until thickened, about 5 more minutes. Remove the bay leaves, and stir in the julienned basil. Cover and keep warm. Bring a large pot of lightly salted water to a boil. Add pasta and cook for 8 to 10 minutes or until al dente; drain. While the pasta is cooking, heat the remaining 1 tablespoon of olive oil in a skillet over medium heat. While the skillet is heating, toss the chicken with the lemon juice to coat (the lemon zest will be used later). Cook the chicken on both sides until golden brown and the juices run clear, about 15 minutes. Transfer to a warm plate, and allow to rest for about five minutes. To serve, slice each chicken breast against the grain into thin slices. Divide the pasta into four wide, shallow bowls. Fan the chicken slices out over top of the pasta, and spoon the tomato sauce over them. Sprinkle with lemon zest, Parmesan cheese, and a sprig of basil to garnish. 
6cbf591b1baa688b427392805d21d8a1£ Place tuna steaks and olive oil in a large resealable plastic bag. Seal, and refrigerate for 1 hour. Preheat the grill for medium heat. When coals are very hot, scatter a handful of hickory or mesquite wood chips over them for flavor. Lightly oil grill grate. Season tuna with salt and pepper, and cook on the preheated grill approximately 6 minutes, turning once. Transfer to a serving platter, and drizzle with freshly squeezed lime juice. Serve immediately. 
b1e38b60a22e8809651be09a3ff4224e£ Preheat oven to 400 degrees F (200 degrees C). Combine olive oil, lemon juice, lemon zest, garlic, oregano, salt, and black pepper in a bowl. Place chicken breasts into a 9x13-inch baking dish. Brush lemon juice mixture over chicken. Place potatoes, red bell pepper strips, red onion, and lemon slices in a bowl, pour remaining lemon juice mixture over vegetables, and toss to coat. Arrange vegetables and lemon slices around chicken breasts in baking dish. Bake in the preheated oven for 30 minutes; brush chicken and vegetables with pan drippings. Continue baking until chicken is browned, the juices run clear, and an instant-read meat thermometer inserted into the thickest part of a breast reads at least 160 degrees F (70 degrees C), about 30 more minutes. 
2385c7519c4e274c055cc08b7d0f0bb9£ In a large skillet, heat 1 Tb. oil. Saute onion and pepper until soft, about 10 minutes. Add 1 Tb. oil, garlic, mushrooms and eggplant. Simmer, stirring occasionally, until eggplant is softened but not mushy, about 15 minutes. Add tomatoes, olives, chickpeas and rosemary. Simmer until heated through, about 10 minutes. Stir in parsley. Sprinkle feta cheese over stew if desired. 
ef53c73369abbd12caddad3679fe1eaa£ Preheat grill for medium heat. Make a small incision in the bottom of each fig (large enough to hold pastry bag tip). Place goat cheese in pastry bag with plain tip. Fill figs with goat cheese by squeezing a small amount of cheese into the bottom of each fig. The figs will plump up when filled. Wrap each fig with a grape leaf, and skewer 2 to 3 figs on each skewer. Lightly oil the grill grate. Place fig skewers on hot grill. Cook for 2 to 3 minutes, turning once. Drizzle with honey, and serve. 
dab8a86b13cafac3a70fa3dddb7f3f99£ Place onion, green bell pepper, garlic, tomatoes, chicken broth, tomato sauce, mushrooms, olives, orange juice, wine, bay leaves, dried basil, fennel seeds, and pepper into a slow cooker. Cover, and cook on low 4 to 4 1/2 hours or until vegetables are crisp tender. Stir in shrimp and cod. Cover. Cook 15 to 30 minutes, or until shrimp are opaque. Remove and discard bay leaves. Serve. 
4b0e8dfae88f14ae240407834710950b£ Toss all ingredients together. 
43d4e487079bbc79a4190bead6100be4£ Fill a large pot with lightly salted water and bring to a rolling boil over high heat. Once the water is boiling, stir in the orzo, and return to a boil. Cook the pasta uncovered, stirring occasionally, until the pasta has cooked through, but is still firm to the bite, about 11 minutes. Drain well in a colander set in the sink, transfer to a bowl, and let cool in the refrigerator. In a small bowl, whisk together the olive oil, red wine vinegar, Dijon mustard, garlic powder, oregano, basil, onion powder, salt, and pepper. In a large bowl, stir together the cooked orzo, tomatoes, olives, feta cheese, and chicken breast meat until thoroughly combined. Pour the dressing over the orzo mixture, lightly mix to coat all ingredients with dressing, and spoon into the red pepper halves. Garnish each serving with an oregano sprig. 
d0650d63822f8bad5c039dd28c427286£ Place the onion, zucchini, eggplant, mushrooms, and bell pepper into a large container with a tight fitting lid. Drizzle the olive oil over the vegetables and season with salt and pepper. Close the lid and shake to coat. Heat a grill pan or skillet over medium heat. Place the seasoned vegetables on the preheated pan, stir and cook until tender, about 10 minutes. Spread each tortilla with 1 tablespoon goat cheese and 1 tablespoon pesto. Divide the sliced avocado among the tortillas and top with the mixed veggies. Fold in the bottom of each tortilla and roll each up into a snug wrap. 
98aecd5170172f5ef19c7ea8eb313e05£ Whisk together the olive oil, rice wine vinegar, rosemary, and oregano in a large bowl. Add small and large tomatoes, and toss until evenly coated. Cover and refrigerate until chilled, 10 to 15 minutes. Season with salt and black pepper. Toss again before serving. 
e239d2547478de6fddc433e36d82b266£ Toast the almonds in a skillet over medium heat until just golden, 3 to 5 minutes; set aside. Heat the cinnamon and quinoa together in a saucepan over medium heat until warmed through. Add the milk and sea salt to the saucepan and stir; bring the mixture to a boil, reduce heat to low, place a cover on the saucepan, and allow to cook at a simmer for 15 minutes. Stir the vanilla, honey, dates, apricots, and about half the almonds into the quinoa mixture. Top with the remaining almonds to serve. 
052658cc97215422458322baf0d9ff61£ In a large bowl, stir together the garbanzo beans, kidney beans, lemon juice and zest, tomato, onion, parsley, capers, olive oil and salt. Cover, and refrigerate for about 2 hours, stirring occasionally, before serving. 
e47b53312f2aeaa025b38a2b6de48ab6£ Place garbanzo beans in a food processor and blend into a spreadable paste. Mix in lemon juice, garlic, tahini and crushed red pepper. Blend until smooth, using more lemon juice if consistency is too thick. 
b396f8e9655be9b993a23d6f24c6ae44£ Bring a large pot of lightly salted water to a boil. Add the shallots, and cook uncovered for 3 minutes until just tender. Drain in a colander, then immediately immerse in ice water, or rinse with cold water for several minutes until cold to stop the cooking process. Once the shallots are cold, drain well, and set aside. Heat the olive oil and butter in a Dutch oven or large pot over medium heat until oil is hot and butter is melted and bubbling. Add the whole, blanched shallots and chicken pieces to the skillet and cook, turning chicken pieces over until no longer pink inside and shallots have softened and turned translucent, about 15 minutes. Stir in the chopped garlic and cook for another 3 minutes, until garlic starts to turn golden. Pour in red wine and tomato sauce, and add the parsley, salt and pepper, oregano, and bay leaves. Pour the chicken stock over the chicken pieces to cover, and stir to combine. Simmer the stew, covered, over medium-low heat for about 50 minutes, until the shallots are soft and the chicken is tender. 
e3199a2834a180647ac84197c86edaa9£ Heat the olive oil and minced anchovies in a large skillet over medium-high heat, stirring as the oil heats to dissolve the anchovies. Once the anchovies are sizzling, add the sea scallops, and cook without moving the scallops for 2 minutes. Meanwhile, toss red bell pepper, orange bell pepper, red onion, garlic, lime zest, and lemon zest in a bowl; season with salt and pepper. Sprinkle pepper mixture onto the scallops and continue cooking until scallops have browned, about 2 minutes more. Turn scallops, stir the pepper mixture, and continue cooking until the scallops have browned on the other side, 4 to 5 minutes. Garnish with parsley sprigs to serve. 
d83e25a111512b59e79f834092439964£ Separate romaine leaves. Cut crosswise into 1/2-inch-wide pieces, wash well, and spin dry. With a vegetable peeler, shave 1/3 cup parmesan curls. In a blender puree garlic and anchovies with lemon juice. With motor running add oil in a stream until dressing is emulsified. Season with salt and pepper. In a bowl toss romaine with dressing, 1/4 cup parmesan curls, and salt and pepper to taste. Divide salad between 2 plates and sprinkle with remaining parmesan curls. 
3b62cd3e8e79f1aca758684471da36fb£ Bring a large pot of salted water to a boil, add pasta and cook until al dente. Drain and rinse under cold water. Set aside to chill. In a large skillet heat the olive oil over medium low heat. Add the olives, oregano, parsley, scallions and chickpeas. Cook over low for about 20 minutes. Set aside to cool. In a large bowl toss the pasta with the chickpea mixture. Ad the vinegar, grated cheese and salt and pepper to taste. Let sit in refrigerator overnight. When ready to serve taste for seasoning and add more vinegar, olive oil and salt and pepper if desired. 
c7efefce452f3beb9e211659894e81b4£ Season chicken breasts with salt and pepper on all sides and place in a bowl or lidded container. Combine olive oil, lemon juice, garlic, oregano, and thyme in a small bowl and pour marinade over chicken breasts. Marinate for 10 minutes at room temperature. Preheat oven to 400 degrees F (200 degrees C). Set one oven rack about 6 inches from the heat source. Place chicken breasts into a baking dish and pour marinade on top. Bake chicken on the middle rack of the preheated oven until no longer pink in the center and the juices run clear, 35 to 45 minutes, depending upon thickness. Move baking dish to the top rack and broil chicken until well browned, about 5 minutes. 
b2623b285f1d965979fa05d4f6497b81£ Bring the vegetable stock to a simmer in a saucepan over medium heat. Heat 1 tablespoon olive oil in a skillet over medium heat. Stir in the couscous and cook and stir until golden brown, about 10 minutes. Stir the toasted couscous into the hot vegetable stock and return to a simmer. Cover and cook until the stock has been absorbed into the couscous, about 15 minutes. Scrape into a mixing bowl, fluff with a fork, and allow to cool to room temperature. Place the basil, parsley, garlic, oregano, thyme, and olives into a food processor; pulse until the herbs are coarsely chopped. Stir the herb mixture into the couscous along with the heirloom tomatoes, cherry tomatoes, cucumber, red onion, and feta cheese. Drizzle with the vinegar, 1/2 cup olive oil, and lemon juice. Stir until evenly combined. 
e4de594c17d8ca2b29d8f465d9e251e5£ Heat olive oil in a skillet over medium heat; cook and stir garlic in the hot oil until fragrant and beginning to brown, about 2 minutes. Stir in rice; cook until rice is hot and grains are separate, stirring often, 2 more minutes. Add spinach and cook until heated through, 3 more minutes. Stir artichoke hearts and roasted red peppers into rice mixture and cook 2 minutes; mix in feta cheese, remove from heat, and serve immediately. 
098d9f8096752ca79bd98dadb9f84ee7£ Preheat the oven to 350 degrees F (175 degrees C). Slice the eggplant in half lengthwise, and hollow out the halves leaving about a 1 centimeter shell. Set the flesh from the insides aside for later use. Place the shells on a baking tray, and drizzle with a little olive oil. Bake for about 30 minutes in the preheated oven, until soft. While those are baking, chop the leftover eggplant into small pieces. Heat about 2 tablespoons of olive oil in a large skillet over medium heat. Add the onion and garlic; cook and stir for a few minutes. Add the chopped eggplant; cook and stir until tender. Mix in the tomatoes and tomato paste until well blended. Simmer over low heat until the halves in the oven are ready. Remove the baked eggplant shells from the oven, and spoon in the tomato and eggplant mixture. Sprinkle a little cinnamon over the top of each one, and return them to the oven. Bake for another 30 minutes or so. 
c02fc38f675a031f8f2ba37fd9279a37£ Preheat oven to 350 degrees F (175 degrees C). Toss the bread cubes with the olive oil to evenly coat. Sprinkle with salt, and toss again. Spread the cubed bread evenly over a baking sheet, and bake in the preheated oven until golden brown, about 12 minutes. Remove from oven and allow to cool completely. Toss together the garbanzo beans, tomatoes, peppers, onion, and kalamata olives in a large bowl. In a separate bowl, whisk together the pesto, balsamic vinegar, rosemary, and pepper. Toss the tomatoes with the pesto mixture, and let stand at room temperature for 30 minutes to 1 hour. To serve, toss the toasted bread cubes and goat cheese with the tomato mixture. Line a serving platter with a few lettuce leaves. Shred the remaining lettuce, and mound in the center of the platter. Spoon the bread mixture over the lettuce, and sprinkle with toasted pine nuts. 
0194aabc069b0c67e3bc7f7a4db0c48b£ Combine the tomatoes, olive oil and 1 1/2 cans of the beans in a large saucepan. Bring to a boil. Puree the remaining 1/2 can of garbanzo beans using a blender or food processor, and stir into the saucepan. Place the sprigs of rosemary into the pan without breaking off the leaves. The sprigs will be removed before serving. Add acini de pepe pasta and simmer until pasta is soft, stirring gently to prevent sticking. Remove rosemary, and season with salt and pepper. 
0537940a0661b749d782e81a36574aea£ Preheat oven to 400 degrees F (200 degrees C). MIx potatoes, zucchini, onion, bell peppers, and tomatoes into a large bowl; add garlic, thyme, and red pepper flakes. Toss vegetable mixture and season with salt and pepper. Pour olive oil over the vegetables and toss to coat; pour into a glass baking dish. and bake in preheated oven for 15 minutes. Roast vegetables in preheated oven until tender, about 15 minutes. Season chicken with salt and pepper. Wrap each breast with two slices of prosciutto and secure prosciutto in place with toothpicks; place atop he vegetables and continue baking until the chicken has firmed and is no longer pink in the center, about 30 minutes. Remove chicken from the baking dish to cool for 5 minutes. Divide the roasted vegetables among two dinner plates. Remove toothpicks from chicken; cut each piece of chicken into five diagonal slices. Fan the chicken out on top of the vegetables. 
5aa76b3ccb001aa14b2ca660a9dd28f5£ Bring brown rice and water to a boil in a saucepan over high heat. Reduce heat to medium-low; cover and simmer until rice is tender and the liquid is absorbed, 45 to 50 minutes. Combine red bell pepper, peas, raisins, onion, and olives in a bowl. Whisk vegetable oil, vinegar, and mustard together in a separate bowl for the balsamic dressing. Stir brown rice and balsamic dressing into vegetable mixture. Season with salt and black pepper. Top brown rice and vegetables with feta cheese before serving. 
9f14f9703a9a427f602462aeba2e50b6£ Cook pasta in salted, boiling water until al dente. While the pasta is cooking, brown ham over medium heat. Add nuts and brown them also; do not burn! Add garlic, and remove from heat. Drain pasta. In a large bowl, toss together pasta, ham mixture, basil, cheese, and tomatoes. Whisk together olive oil and vinegar; pour over pasta, and toss. Serve. 
c0cf98748b101ac892f89933d557d70c£ Preheat the oven to 400 degrees F (200 degrees C). Bring a large pot of lightly salted water to a boil. Add rotini pasta, and cook until al dente, about 8 minutes. Drain and pour into a deep casserole dish. Stir tomatoes, green pepper, green onion, olives and tomato sauce into the pasta. Season with basil and oregano and mix until evenly blended. Sprinkle mozzarella and feta cheese over the top. Bake for 30 minutes in the preheated oven, until cheese is melted and bubbly. Let stand for a few minutes before serving. 
eacd8f8d40f1cdbc4dd951cefeb00a64£ In a large pot of lightly salted boiling water, cook pasta 10 to 12 minutes, or until al dente. While pasta is cooking, stir together tahini and lemon juice. Place in a food processor with yogurt, water, and garlic cloves; process until smooth. Heat the oil in a saute pan over medium heat. Add the onion, and cook until soft. Add the mushrooms, and cook until soft. During the final few minutes of cooking add the bell pepper; the pepper should be still crispish. Drain the pasta. Toss with the yogurt-tahini sauce, chopped parsley, and freshly ground black pepper. Serve the vegetable saute over the noodles. 
4b0f3a26b1aff1b3d562d02f98141a2d£ Preheat the oven&#39;s broiler and set the oven rack about 6 inches from the heat source. Lightly grease a baking dish. Rub both sides of each mackerel fillet with olive oil and place with the skin side down into the prepared baking dish. Season each fillet with the paprika, salt, and pepper. Top each fillet with two lemon slices. Bake the fillets under the broiler until the fish just begins to flake, 5 to 7 minutes. Serve immediately. 
381acb519ffb4668cd23d5c3bcf7c01d£ Place the bacon in a large, deep skillet, and cook over medium-high heat, stirring occasionally, until evenly browned, about 10 minutes. Drain the bacon slices on a paper towel-lined plate. Meanwhile, fill a large saucepan with 2 to 3 inches of water and bring to a boil over high heat. Reduce the heat to medium-low, pour in the vinegar, and keep the water at a gentle simmer. Crack an egg into a small bowl, then gently slip the egg into the simmering water, holding the bowl just above the surface of the water. Repeat with the remaining eggs. Poach the eggs until the whites are firm and the yolks have thickened but are not hard, 2 1/2 to 3 minutes. Remove the eggs from the water with a slotted spoon, dab on a kitchen towel to remove excess water, then place onto a warm plate. Divide the romaine lettuce evenly over four plates, and sprinkle with garlic. Top each salad with tomatoes, onion, bacon, and a poached egg. Whisk together the olive oil, red wine vinegar, Dijon mustard, sugar, herbes de Provence, and salt and pepper in a bowl. Spoon the dressing over the salad, or serve on the side. 
9fced0232ac3b535c691bc95ca33acad£ In a 4-quart serving bowl or soup tureen, combine cucumber, bell pepper, green onion, garlic, tomatoes, celery, navy beans, olive oil, vinegar and tomato juice Season with cumin, parsley, basil, oregano and salt. Adjust spices and seasonings to taste. Chill in refrigerator at least 4 hours before serving cold. 
6a4f0d911f0e27fac6d190e994837c6b£ Preheat the oven to 350 degrees F (175 degrees C). Puncture eggplants with a fork, and place on a baking sheet. Bake for 1 1/2 hours, or until soft, turning occasionally. Cool, then peel and dice. In a large bowl, stir together the garlic, olive oil, vinegar, sugar, parsley, oregano, basil, salt and pepper. Add the diced eggplant, and stir to coat. Refrigerate for at least 2 hours before serving to marinate. 
45e41e18d5b21545bcf9ebb4905eef5f£ Place the spinach and water into a saucepan, and bring to a boil over high heat. Reduce heat to medium-low, cover, and simmer 4 to 6 minutes until tender. Meanwhile, whisk together the tahini, garlic, cumin, paprika, cayenne pepper, and red wine vinegar. Season to taste with salt and pepper. Drain the cooked spinach, and top with the tahini sauce to serve. 
561799af86d0f99e7d65ab08e3df3735£ Bring about 2 inches of water to a boil in a large saucepan. Add the shrimp, the water should just cover them. Boil for 5 minutes, then drain, reserving the liquid, and set aside. Heat about 2 tablespoons of oil in a saucepan. Add the onions; cook and stir until the onions are soft. Mix in the parsley, wine, tomatoes, garlic powder, and remaining olive oil. Simmer, stirring occasionally, for about 30 minutes, or until the sauce is thickened. While the sauce is simmering, the shrimps should have become cool enough to handle. First remove the legs by pinching them, and then pull off the shells, leaving the head and tail on. When the sauce is thickened, stir in the shrimp stock and shrimp. Bring to a simmer, and cook for about 5 minutes. Add the feta cheese and remove from the heat. Let stand until the cheese starts to melt. Serve warm. 
dc9170c04fd5485cfa69ed1aa95ef464£ Preheat oven to 400 degrees F (200 degrees C). Place the potatoes, peppers, fennel, zucchini, and garlic in a large baking dish. Drizzle the olive oil evenly over the vegetables. Sprinkle the salt, bouillon powder, and rosemary over the top. Stir the mixture until the vegetables are coated. Bake in the preheated oven until tender, stirring occasionally, about 1 hour. Stir the balsamic vinegar into the vegetables; serve immediately. 
b5bef06504cf5d066c1930df4273a0fb£ Place the olive oil in a deep pan and heat over medium-high heat. Stir in the onion, and cook until transparent, about 5 minutes. Mix in the carrots, celery, potatoes, zucchini, and leek. Stir and cook 5 minutes more. Pour in the hot water to cover the vegetables. Stir in the Swiss chard, Savoy cabbage, and kale. Cover, reduce heat to medium, and simmer for 1 hour. Place 1 can of beans in a blender or food processor bowl. Blend until smooth. Stir pureed beans into the vegetable mixture along with the second can of beans. Season to taste with salt and pepper. Reduce heat to low, and simmer for 20 minutes, stirring occasionally. Stir in the tomato puree. Prepare the soup by layering slices of bread with the vegetable mixture in a casserole or soup dish. Cover, and refrigerate for at least 8 hours, or overnight. To serve the soup, place in a pot, and reheat over medium heat. Serve hot. 
e2b99c9b09f83b324237e4b442e035e9£ Preheat an outdoor grill for medium-high heat. Pierce the eggplant a few times with the tip of a paring knife or fork. Cook eggplant on preheated grill, turning often, until the skin is charred and the eggplant is tender, about 15 minutes. Set aside until cool enough to handle. Remove the skin from the eggplant and dice the pulp. Place into a mixing bowl, and add tomato, onion, parsley, olive oil, vinegar, and feta cheese; mix well. Refrigerate for one hour, and season to taste with salt before serving. 
ddfa6bea37d4cacf45b2dcc2f5e0e5ca£ Heat a skillet over medium heat. Add walnuts and drizzle with 1 tablespoon olive oil. Cook and stir frequently until walnuts smell toasted and are lightly browned, about 5 minutes. Remove from heat and transfer walnuts to a plate to cool. Reserve 2 or 3 to coarsely chop and use for garnish. Place the skillet over medium heat; add 1 tablespoon olive oil. Sprinkle in the breadcrumbs; cook and stir frequently until crumbs turn golden brown, 3 or 4 minutes. Remove from heat and sprinkle onto plate with walnuts. Place peppers in bowl of a food processor. Add walnuts, toasted bread crumbs, garlic, lemon juice, pomegranate molasses, salt, paprika, Aleppo pepper flakes, cumin, and cayenne pepper. Drizzle with remaining 2 tablespoons olive oil. Pulse on and off, scraping mixture down occasionally, until mixture is fairly fine and smooth. Transfer to a bowl; cover and refrigerate until chilled, about 2 hours. Transfer to a shallow serving bowl. Use the back of a spoon to swirl indentations on the surface to capture the garnishes. Garnish with reserved chopped walnuts, a drizzle of olive oil, pepper flakes, and chopped parsley. 
44309c580f4e9fabb5723442f1b1b1db£ Heat the olive oil in a skillet over medium heat. Cook the portobello mushroom and red onion in the olive oil until the mushroom has softened, 3 to 5 minutes. Whisk the egg whites and water together in a small bowl; pour over the mushroom and onion mixture. Season the egg whites with salt and pepper. Cook, stirring occasionally, until the egg whites are no longer runny, about 5 minutes. Sprinkle the mozzarella cheese over the mixture; top with the pesto. Fold the omelette in half and continue cooking until the cheese melts, 2 to 3 minutes. 
0f345ac1c4fa858d2fcfb3363df98edd£ Place potatoes in a large saucepan, cover with water, and bring to a boil over high heat. Reduce the heat to medium-low, and simmer until the potatoes are tender, about 15 minutes. Drain and cool, then cut into 1-inch cubes. Combine the potatoes, cucumber, celery, onion, and olives in a large bowl. Whisk together the olive oil, red wine vinegar, and garlic powder in a small bowl. Pour the dressing over the potatoes and vegetables; mix well. Season with salt and pepper, then chill. Stir the potato salad again before serving. 
81dd93ba23c5a271d57b3f568315c6c1£ Grind onion, pepper and garlic in meat grinder. In a large saucepan combine ground vegetables, whole tomatoes, diced tomatoes, tomato puree, tomato paste, tomato sauce, vegetable oil and Italian seasoning. Bring to boil; reduce heat to simmer for 4 to 5 hours. Stir occasionally. 
df041b95df6110dc0e719d6f1d92de9f£ Beat eggs and black pepper together in a bowl. Place bread crumbs in a separate, shallow bowl. Heat olive oil in a large skillet over medium heat. Dip each piece of chicken breast into the beaten eggs, and then press into the bread crumbs. Brush loose bread crumbs off the chicken, and place into the hot oil. Pan fry until golden brown on each side, 5 to 8 minutes per side. Remove chicken from heat. Arrange chicken pieces on serving platter, and drizzle a small amount of the caper juice over the chicken. Top with the capers, and serve with lemon wedges. 
c129630754f827ee3d1213e447fa009f£ Cut zucchini into spirals using a spiralizer (fitted with the large shredding blade). Cut zoodles into smaller pieces. Combine zoodle pieces, mozzarella, tomatoes, and vinaigrette in a bowl; mix well. Refrigerate until ready to use. Just before serving mix in arugula and basil. 
82a35b1fd3a9596fd1ca7d9e9871338a£ In a large pot bring 6 quarts of unsalted water to boil. Cook pasta until al dente. Drain well. Place pasta back in the pot, add one Tablespoon of olive oil and mix to prevent the leaves from sticking together. Cover and keep warm while the sauce finishes simmering. Warm oven-safe dinner plates in a 150 degree F(65 degree C) oven. Meanwhile, in a 12 inch saute pan, heat 2 tablespoons of extra virgin olive oil over medium high heat. Add the minced garlic and saute until the aromatic oils are released - about 1 minute. Add the chopped onion and bell pepper and saute 3 minutes. Add the cubed chicken breast, dried thyme, dried basil, rubbed sage, salt, and black pepper. Cook until the chicken is no longer pink. Add the Chardonnay and Burgundy wines, and pasta sauce and heat until bubbling. Add the Portobella mushroom pieces and cook until the mixture has reduced and is thick and hot. To serve, place two large serving spoonfuls of Autumn Leaves on each warmed plate and top with a large ladle of the chicken and Portobella sauce. 
5ad86cdb20a2f09336f9eb4ac70f5b09£ In a large pot, place cranberry beans and water. Bring to a boil. Cover pot and turn heat off. Allow to stand for one hour on burner. Drain beans and return to large cooking pot. Add wine, beef broth, and chicken broth. Bring to boil, cover and simmer for 30 minutes. Puree half of the beans. Return to the pot. Add the garlic, tomato paste, parsley, and farfalle pasta. Simmer gently, uncovered, for 25 to 30 minutes, or until pasta is tender and soup is thick. Stir in the grated Parmesan cheese. Garnish with drizzled olive oil, and additional grated Parmesan cheese. 
1485db56161bbe91a033ebe05960ffc9£ Preheat the oven to 400 degrees F (200 degrees C). Place tomatoes in a bowl and toss gently with olive oil and season with salt and pepper. Arrange on a baking sheet and top each tomato half with Parmesan cheese. Bake in the preheated oven until Parmesan cheese is melted and slightly browned, 15 to 20 minutes. 
ff8b93b9d67f06779724a35cb8b14a32£ Toss shrimp with lemon juice, salt, and black pepper in a bowl; set aside to marinate, about 15 minutes. Mix tomatoes, quinoa, cucumber, yellow bell pepper, green bell pepper, kalamata olives, red onion, and feta cheese together in a large bowl. Whisk together olive oil, vinegar, and oregano in a separate bowl; add to vegetable and quinoa mixture and toss well to combine. Top quinoa mixture with marinated shrimp to serve. 
786bff64185956a476507af0a3aa68ea£ In a food processor or blender, pulse garlic and onions until finely chopped. Add garbanzo beans, one can at a time, and pulse to puree. Blend in sage, basil, oregano, parsley, lemon juice and oil; puree until smooth. 
c6796c487eafa842cc6f0529ca4fb011£ In a large glass bowl, mix the tomatoes, garbanzo beans, celery, cucumber, green onions, sweet onion, parsley, red bell pepper, yellow bell pepper, lemon juice, and garlic. Pour in the tomato juice. Season with curry powder, tarragon, pepper, and hot pepper sauce. Chill in the refrigerator at least 2 hours before serving. 
fb80905d9bfa200296245d277cdfce8c£ Heat oil in a saucepan over low heat. Add onion and garlic. Cook and stir until soft and translucent, about 5 minutes. Add passata, basil, and salt. Cover and simmer over medium heat, stirring occasionally, until tomato sauce has thickened, about 20 minutes. Remove garlic halves before serving. 
35819061293d959dadd4cfa746a4adfe£ Heat olive oil in a large skillet and cook onion until soft and translucent, about 5 minutes. Add garlic and cook for 30 seconds. Add zucchini and cook until softened, about 3 minutes. Stir in tomato paste and tomato. Season with herbes de provence, salt, black pepper, and sugar. Stir in basil and serve. 
7910d4ff338afd92ca07c8a034677a34£ Heat olive oil in a heavy saucepan over medium heat. Add onions and 1 teaspoon salt; cook, stirring occasionally, until softened, about 8 minutes. Add thyme sprigs, garlic, cumin, and bay leaves; cook, stirring, for 1 minute more. Add vegetable broth, tomatoes, red lentils, tomato paste, oregano, remaining salt, and pepper to the saucepan. Cover partially and simmer, stirring occasionally, until lentils are very soft and falling apart, 30 to 45 minutes. Discard thyme sprigs and bay leaves. Let soup cool briefly, about 10 minutes. Transfer 4 cups of soup to a blender; blend until smooth. Mix back into the saucepan. Stir in water. Ladle soup into bowls; garnish with chopped parsley and a squirt of lemon juice. 
20eeb9b501e2084499a3bdfae9494fcb£ Preheat oven to 450 degrees F (230 degrees C). Place pizza crust onto a floured work surface and spread with pesto. Arrange artichoke heart pieces over pesto; scatter kalamata olives and pepperoncini slices over pizza. Top with feta cheese. Bake in the preheated oven until crust is crisp on the bottom and feta cheese has melted, 10 to 12 minutes. 
22224aa61ede2100622d57c118aff1ba£ Cook pasta in a large pot of boiling salted water until al dente. Meanwhile, place sun-dried tomatoes, olives, parsley, olive oil, anchovy fillets, and garlic in a large serving bowl. Drain pasta. Transfer to serving bowl, and toss with the sauce. Serve. 
fd0b0997b28ac3e2b9a46c77da65d79c£ Preheat the oven to 400 degrees F (200 degrees C). Line a baking sheet with aluminum foil and brush with olive oil. Brush eggplant slices on both sides with olive oil and place on the baking tray in a single layer. Bake in the preheated oven until soft and browned, about 20 minutes, turning slices over once after 10 minutes. Transfer slices to a large serving place, brush with vinegar, and sprinkle with salt. Let cool. Heat a drizzle of olive oil in a skillet over medium-low heat and cook garlic until softened and fragrant without browning, about 3 minutes. Mix parsley and walnuts in a bowl. Add sauteed garlic and a little bit of olive oil to make a paste. Mix well, season with salt, and spread the paste onto the cooled eggplant slices. 
530500be31bb5358c93f927b40d505be£ Combine potatoes and salt in a large pot filled with cold water. Bring to a boil. Cook until potatoes are tender, but not mushy, about 10 minutes depending on size. Drain and set aside until cool enough to handle. While potatoes are cooking, whisk 3 tablespoons olive oil and white wine vinegar together in a small bowl. Add garlic and set aside. Peel cooked and cooled potatoes and cut into 1-inch cubes. Combine potatoes, green onions, and parsley in a bowl and lightly toss. Season with salt and pepper. Drizzle with olive oil mixture and lightly toss, taking care not to break the potatoes. Top with remaining 1 tablespoon olive oil and red pepper flakes right before serving. 
4c374f0b593449178eea1f134fb0483a£ Combine zucchini slices, olive oil, garlic, basil, salt, and pepper in a bowl. Mix well, cover, and refrigerate for 6 hours. Transfer everything including liquid to a large saucepan over high heat. Cover and cook until just tender, about 2 minutes. Remove with a slotted spoon. 
88b131c097fa09a612ee10020c551237£ Combine tomatoes, cucumber, bell pepper, onion, vinegar, garlic, and salt in the bowl of a food processor; pulse until blended. Pour olive oil in slowly, with the processor running, until gazpacho is smooth. Add small amounts of cold water as needed to achieve desired consistency. Serve gazpacho chilled with chopped onion, bell pepper, and cucumber sprinkled over each serving. 
004e0a40381f6ab7410d4abefc71149e£ Peel eggplants in such a way that 3 strips of skin remain on each eggplant. Cut peeled eggplant into 1/2-inch slices. The strips of skin will prevent the eggplant slices from falling apart while cooking. Bring vegetable broth to a boil in a large pot and cook eggplant slices in batches for 1 minute. Pour into a sieve and drain well. Preheat oven to 375 degrees F (190 degrees C). Grease a large baking dish with 1 tablespoon olive oil. Spread out eggplant slices on the bottom of the baking dish. Heat remaining 2 tablespoons olive oil in a large skillet over medium heat and cook bell peppers, onions, and garlic until softened, 5 to 10 minutes. Season with salt and pepper and layer over eggplant. Add tomato slices; season with salt and pepper. Bake in the preheated oven until vegetables are tender, 20 to 30 minutes. 
e2cb8f2309909a985846a18d27ebed4e£ Combine olive oil, lemon juice, garlic, salt, and pepper in a bowl. Add chicken wings, cover with a plate or plastic wrap, and marinate in the refrigerator for 1 hour. Set an oven rack about 6 inches from the heat source and preheat the oven&#39;s broiler. Line a baking sheet with aluminum foil. Remove chicken wings from the marinade and place on the prepared baking sheet Broil until no longer pink at the bone and juices run clear, approximately 7 minutes, flipping chicken wings once after 4 minutes. An instant-read thermometer inserted near the bone should read 165 degrees F (74 degrees C). Sprinkle with parsley. 
4a2fc7c9c0c8b5c00a15955389e2d08a£ Preheat the oven to 400 degrees F (200 degrees C). Combine cauliflower, onions, 2 tablespoons olive oil, and salt in a large bowl. Spread out onto a baking sheet. Reserve bowl. Bake in the preheated oven, turning every 10 minutes, until cauliflower is soft and slightly browned, about 30 minutes. Combine olives, capers, and raisins in the bowl. Add roasted cauliflower and onions. Stir together 3 tablespoons olive oil, lemon juice, and mustard in a cup. Pour over salad and mix well. Stir in parsley and dill. Season with salt and pepper. 
1be118ca8247a2255be261f188ac752c£ Turn on a multi-functional pressure cooker (such as Instant Pot(R)) and select Saute function to heat the pot. Add olive oil and onion; cook until onion is translucent, 3 to 5 minutes. Add garlic and cook until fragrant, about 1 minute. Pour in red wine and simmer until reduced by half. Pour diced tomatoes and whole tomatoes into the pot. Bring to a simmer. Stir in basil, oregano, parsley, salt, pepper, red pepper flakes, and bay leaf. Press Keep Warm. Close and lock the lid. Seal the vent. Select Manual function and set timer for 10 minutes. Allow 10 to 15 minutes for the pressure to build. Release pressure carefully using the quick-release method according to manufacturer&#39;s instructions, about 5 minutes. Unlock and remove the lid. Discard bay leaf. Use an immersion blender to puree the sauce. 
505d7cf0deedb6ccac22c24890dc8345£ Preheat oven to 375 degrees F (190 degrees C). Whisk orange juice, Dijon mustard, olive oil, Greek oregano, salt, and pepper together in a large bowl. Add potatoes and coat thoroughly with the mixture. Transfer potatoes to a large baking dish. Stuff garlic cloves into the chicken underneath the skin. Place the chicken into the bowl with the remaining orange juice mixture; coat thoroughly and transfer to the baking dish on top of the potatoes. Pour any remaining orange juice mixture over the chicken and potatoes. Bake uncovered in the preheated oven until no longer pink at the bone and the juices run clear, 60 to 90 minutes. An instant-read thermometer inserted into the thickest part of the thigh, near the bone, should read 165 degrees F (74 degrees C). Check every 30 minutes while roasting and add a bit of hot water if the potatoes seem too dry. Remove chicken from the oven, cover with a doubled sheet of aluminum foil, and allow to rest in a warm area for 10 minutes before slicing. 
923240eac73bb1ddeb17a56e924dd5e1£ Lightly coat chicken with flour on all sides. Heat oil in a heavy, large skillet over medium-high heat and cook chicken in batches until browned, 5 to 10 minutes per batch. Season with salt and remove chicken pieces from skillet. Add garlic and basil to the same oil in the skillet and cook for 2 minutes. Return chicken pieces to the skillet and add white wine. Cover and simmer over low heat until chicken is cooked through and the juices run clear, about 30 minutes. Add lemon juice just before serving. 
f9bab0c9702f19ff76808fc3eeb9eba4£ Preheat the oven to 350 degrees F (175 degrees C). Drizzle a baking sheet with 3 tablespoons olive oil. Arrange cherry tomatoes in a single layer on the prepared baking sheet. Season with salt and pepper and drizzle with 4 tablespoons olive oil. Combine grated bread, Pecorino Romano cheese, basil, parsley, garlic, and salt and pepper to taste in a bowl. Distribute mixture on top of the cherry tomatoes in the baking sheet and drizzle with remaining 5 tablespoons olive oil. Bake in the preheated oven until tomatoes are soft and topping is lightly browned, about 10 minutes. Bring a large pot of lightly salted water to a boil. Cook spaghetti in the boiling water, stirring occasionally, until tender yet firm to the bite, about 12 minutes. Drain. Divide pasta between 4 plates and top with cherry tomato and toasted bread crumb mixture. 
971796352a59763ca597bcd846a0be9d£ Cut the round watermelon slice into 6 to 8 wedges, but keep them arranged into a circle. Sprinkle feta cheese, tomato, olives, and mint evenly over the watermelon. Serve immediately. 
b40ba3afbfa62b840517d50cf995b727£ Heat 2 tablespoons olive oil in a large saucepan over medium heat and cook onion until soft and translucent, about 5 minutes. Add tomatoes and cook for 2 minutes, stirring constantly. Pour water into the saucepan and bring to a boil. Add 4 sprigs of mint and zucchini. Reduce heat to low and simmer soup, covered, for 15 minutes. Remove mint. Stir together cornstarch and cold water and add to the soup. Increase heat to medium and whisk cornstarch mixture so soup thickens. Season with salt and pepper. Remove from heat and set aside to cool. Chill soup in the refrigerator until cold, about 2 hours. Before serving, add lemon juice and garnish with remaining mint, basil, and remaining olive oil. 
2a680c6ea548e130a75e1e7da453828f£ Heat olive oil in a skillet over medium heat and cook onion and garlic until softened, about 4 minutes. Add zucchini, saffron, cumin, turmeric, salt, and pepper. Cook and stir until zucchini are softened but still firm to the bite, about 8 minutes. Remove from heat and allow to cool. Drizzle zucchini mixture with lemon juice and season with salt and pepper. Sprinkle with mint. Serve chilled or at room temperature. 
9b28c246d509dd871c1b863ff980b18b£ Bring a large pot of lightly salted water to a boil. Cook spaghetti in the boiling water, stirring occasionally, until tender yet firm to the bite, about 12 minutes. Drain. Meanwhile, heat olive oil in a skillet over medium-low heat and cook garlic until translucent and fragrant, about 2 minutes. Add cherry tomatoes. Increase heat, cook, and stir until lightly browned, 5 to 7 minutes. Season with salt and pepper. Remove skillet from heat and mix in arugula. Mix in cooked spaghetti and drizzle with olive oil. Serve immediately with Parmesan cheese. 
879a6bc5f3f27fedc6f575d879a132aa£ Preheat the oven to 475 degrees F (245 degrees C). Grease a baking dish. Arrange tomato slices and mozzarella slices in the prepared baking dish like tiles. Season with oregano, garlic powder, herb salt, and pepper. Mix bread crumbs and Parmesan cheese and sprinkle over gratin. Dot generously with butter cubes. Bake in the preheated oven until cheese is melted and bubbly, about 10 minutes. Sprinkle with parsley. 
3ace29a6acfa9a79648e5943c4cbbf10£ Heat olive oil in a pan and add almonds. Cook and stir until almonds start to brown slightly, 1 to 2 minutes. Add zucchini and toss with olive oil and almonds. Cook briefly until zucchini are tender, about 5 minutes. Season with salt and pepper. 
09d00ed0029a4a68f4d730181add5c7c£ Rub zucchini slices with garlic. Place flour, egg, and bread crumbs separately in 3 small bowls. Turn zucchini slices in flour, dusting off excess. Dip in egg and turn in bread crumbs. Heat oil in a skillet and pan-fry breaded zucchini in batches on both sides until lightly browned, about 5 minutes. 
34619d5d4d8965128fb3253eba6f71a9£ Bring a large pot of lightly salted water to a boil and cook carrots until softened slightly yet firm to the bite, 5 to 10 minutes. Make sure not to overcook because they continue cooking even after they have been taken off the stove. Drain and cut into 1-inch long strips. Stir together olive oil, balsamic vinegar, oregano, salt, and cayenne pepper in a small bowl. Add garlic to marinade and mix to combine. Place carrot strips into a container with a tight-fitting lid and pour marinade on top. Cover and marinate in the refrigerator for 24 hours. 
6ed2c7ebfba50d2c239a3b4586df5f2a£ Combine olive oil, parsley, garlic, salt, black pepper, and red pepper flakes in a bowl. Add shrimp and mix well. Set aside to marinade for 10 minutes. Preheat an outdoor grill for high heat. Lay out a large piece of aluminum foil and fold in half. Fold up edges to create a pouch in the middle. Place marinated shrimp in the middle and drizzle with lemon juice. Lightly close pouch. Cook on the hot grill until shrimp are pink and cooked through, 8 to 10 minutes. Serve with lemon wedges. 
ce42a4e186930ff642ade791f27a73af£ Chop fennel greens and set aside. Heat 1 tablespoon oil in a nonstick pan over medium heat. Lay some fennel slices in a single layer in the pan; cook until nicely browned on both sides, about 5 minutes. Season with salt and lemon pepper. Remove from pan. Add another tablespoon oil and layer in the next batch of fennel slices and cook the same way. Repeat with remaining oil and fennel. Serve sprinkled with fennel greens. 
5bca86444dba02451b2e1e1eaca8cc0a£ Spread chickpeas on a double layer of paper towels, cover with another layer of paper towels, and let dry for 30 minutes. Preheat air fryer to 355 degrees F (180 degrees C). Combine dry chickpeas, nutritional yeast, olive oil, smoked paprika, garlic, salt, and cumin in a bowl; toss to coat. Add chickpeas to the air fryer and cook until crispy, 20 to 22 minutes, shaking them every 4 minutes. 
b8cb9fe1c9746fc78139a95dbc0128ff£ Preheat an outdoor grill for high heat and lightly oil the grate. Tuck in the chicken wing flaps so the wing forms a triangle. Combine olive oil with some of the garlic salt and pepper in a large bowl. Add a few chicken wings and turn to coat with seasonings. Add more wings, remaining garlic salt, and remaining pepper and turn to coat. Repeat until all wings are coated. Place on the preheated grill. Grill until wings are well browned, tender, and no longer pink at the bone and juices run clear, turning several times and rearranging them so they cook evenly, 30 to 40 minutes. 
63a6a8d041623885764d61757b08fb6b£ Pulse cauliflower florets in a food processor until chopped into rice-sized pieces, about 10 seconds. Transfer cauliflower &#39;rice&#39; to a large bowl; add lemon juice, olive oil, and garlic. Add tomatoes, scallions, mint, parsley, salt, and pepper; mix well. Serve immediately or refrigerate for a few hours for best flavor. 
941b78132dfad8dbf592abff5da2eb48£ Heat oil in a saucepan over medium heat and cook onion until soft and translucent. Add rice and toast until fragrant, 2 to 3 minutes. Pour in hot vegetable broth and bring to a boil. Add saffron and allspice, reduce heat to medium-low, cover, and simmer until rice is tender and liquid has been absorbed, about 20 minutes. Toast pistachios in a skillet over medium heat until nuts start to turn golden brown and become fragrant, 5 to 10 minutes. Set aside. Stir butter into the cooked rice. Remove from heat and mix in pistachios and pomegranate seeds. Fluff with fork and season with salt and pepper. 
5790cbed94a070004da954766db6bb17£ Remove salmon skin and cut out the grey colored blood line so you have only the shiny pink flesh. Cut salmon into small cubes and place in a bowl. Mix in shallot, parsley, chives, pickle, lemon juice, sea salt, and pepper. Let marinate for 5 minutes before serving. 
06fa7f9aae9db26259d3efb44ee9ba0c£ Take each spear of asparagus and break it towards the end, wherever it naturally snaps, to remove woody ends. Place asparagus in a microwave-safe glass container with a lid. Pour in water. Roll lemon on a flat work surface to release the juices; slice in half. Squeeze each half over the asparagus. Sprinkle with pepper and garlic powder. Cover container and place in the microwave. Cook on high until tender-crisp, 5 to 6 minutes. Drain and let stand for 5 minutes before serving. 
68c54ed52a80bca23a549a19791e26a4£ Heat olive oil in a large skillet over low heat and cook garlic until softened, about 10 minutes. Add zucchini and zucchini blossoms; mix well with olive oil. Add chickpeas and stir to combine. Season with salt and stir in basil. Serve immediately. 
3e4820391a7bb64652401c5fd69c4839£ Turn on a multi-functional pressure cooker (such as Instant Pot(R)) and select Saute function. Heat olive oil; add couscous and mung beans. Cook and stir for 2 minutes. Add vegetable broth and 1 teaspoon salt. Close and lock the lid. Select high pressure according to manufacturer&#39;s instructions; set timer for 20 minutes. Allow 10 to 15 minutes for pressure to build. Release pressure using the natural-release method according to manufacturer&#39;s instructions for 10 minutes and then quick-release the remaining pressure, about 5 minutes more. Unlock and remove lid. Fluff couscous with a fork. Let sit until cool, about 10 minutes. Combine couscous, mung beans, cucumber, tomatoes, lemon juice, and cilantro in a bowl. Sprinkle with 1 teaspoon salt and pepper. 
49727963bdf6509c5e8aa038d8e32af8£ Heat olive oil in a large stockpot over medium heat. Add onions and 1/2 of the garlic and cook until slightly softened, about 5 minutes. Stir in cumin, chile powder, cinnamon, turmeric, cloves, coriander, and ginger and cook for a few seconds. Add vegetable stock, tomatoes with their juice, pumpkin, sweet potato, celery, carrot, turnip, and green beans. Season with salt and pepper. Bring to a boil, reduce heat, and simmer until vegetables are just tender, 15 to 20 minutes. Stir in remaining garlic, zucchini, and garbanzo beans. Cook until vegetables are very tender, about 15 minutes. Meanwhile, combine couscous and raisins in a large bowl and cover with boiling water. Mix well to moisten the couscous. Set aside to soak for 5 minutes. Ladle 2 cups of cooking liquid from the vegetable stew over the couscous mixture. Cover and set aside to soak for 10 minutes. Cover stew to keep warm. Ladle 1 1/4 cups hot cooking liquid from the vegetables into a bowl. Stir in cilantro, lemon juice, and cumin. Add chile sauce. Reheat stew if necessary. Fluff up couscous with a fork and mound on a platter or large bowl. Sprinkle with orange flower water and cinnamon. Ladle some of the vegetable stew over the couscous and serve the rest separately. Serve with the chile sauce mixture on the side. 
d802bb604ab3ab302eef4d533afb2624£ Place lentils in a medium saucepan, cover with water, and bring to a boil. Boil for 10 minutes, drain well, and add to the slow cooker. Combine olive oil, carrots, red onion, tomato paste, garlic, oregano, bay leaves, salt, and pepper in the slow cooker and cover with about 6 to 7 cups of water. Cook on Low until lentils are soft, 6 to 8 hours. 
a88689a4810881436262ba47169b3baa£ Heat olive oil in a saucepan over medium heat and cook onion, turmeric, and cardamom, stirring constantly, until soft and translucent, about 5 minutes. Add rice and mix well. Pour chicken broth into the saucepan, stir, and bring to a boil. Reduce heat to medium-low, cover, and simmer until rice is tender and liquid has been absorbed, about 17 minutes. Toast pistachios in a dry skillet until fragrant, 3 to 5 minutes; remove from skillet and coarsely chop. Place golden raisins in a bowl and cover with boiling water. Soak for 1 minute and drain well. Remove rice from heat and allow to stand, covered, for 5 minutes. Fluff with a fork. Mix in pistachios, raisins, and green onions; season with salt. 
209f70cb0779a326f15853d24aefe875£ Combine artichokes with feta cheese, green onions, lemon juice, salt, and pepper in a bowl. Spoon into pita halves. Divide chicken slices and add to pita pockets. 
efbb3a21e07968fc9721de24f4e0c76e£ Heat oil in a large pot over medium heat and cook onion until soft and translucent, about 5 minutes. Add tomatoes, chickpeas, cilantro, parsley, mint, paprika, turmeric, ginger, harissa, and saffron. Add water and cook over medium heat until flavors have combined, about 30 minutes. Mix a few tablespoons of soup liquid with flour and cornstarch in a small bowl and return to the soup, stirring in well. Add cherry tomatoes. Bring to a boil, reduce heat, and simmer over low heat until soup thickens, about 10 minutes. Season with salt and pepper. 
9ef40cf4709c08218c423b0ed71be933£ Heat olive oil in a large pot over medium heat and cook onion until soft and translucent, about 5 minutes. Add potatoes, carrots, sweet potato, and vegetable broth and bring to a boil. Cover, reduce heat, and simmer until potatoes are soft, about 20 minutes. Puree vegetables with an immersion blender until smooth. Season with salt, pepper, and nutmeg. 
793f5fb322d9b4fcddc484ac08fad62d£ Preheat oven to 350 degrees F (180 degrees C). Grease 2 baking sheets with cooking spray. Combine ham, Gouda cheese, and hard-boiled eggs in a bowl; mix well. Arrange pastry disks on a flat surface; dab a little water around the rims. Place a large tablespoonful of ham and cheese mixture in the center; fold pastry over and press edge with a fork to seal well. Place empanadas on the prepared baking sheets. Brush with beaten egg. Bake in the preheated oven until golden, 20 to 25 minutes. Let cool for 5 minutes before serving. 
74afa9be123ec928c439544606eb5c0c£ Heat olive oil in a large skillet and cook onion until soft and translucent, about 5 minutes. Add carrots, bell peppers, and fennel; cook, stirring occasionally, until softened but still firm to the bite, 5 to 10 minutes. Season with Italian herbs, salt, and pepper. 
5c5c4625e0f0a3769b9d9b41b5a29d8d£ Place lentils in a saucepan. Add enough water to cover by 1 inch. Bring to boil. Reduce heat and simmer, uncovered, until lentils are tender but not mushy, 15 to 20 minutes. Drain. Combine lentils, apples, carrot, chives, and parsley in a bowl. Stir together olive oil, vinegar, mustard, salt, and pepper in a cup and pour over lentil mixture. Mix and serve. 
a30ce3f814e3bb30b3a4f1f292a35a5f£ Remove the tough ends of the asparagus spears and chop into 1-inch pieces. Reserve the tips. Heat 1 tablespoon oil in a large pot over medium-low heat and cook garlic until light golden, 1 to 2 minutes. Add asparagus pieces and cook over medium heat, stirring often, until softened, about 5 minutes. Stir in mushrooms and coat well with oil. Pour in wine and cook until liquid evaporates, about 4 minutes. Add reserved asparagus tips and cook for 2 minutes. Discard garlic and season sauce with salt and pepper. In the meantime, fill a large pot with lightly salted water and bring to a rolling boil. Cook tagliatelle at a boil until tender yet firm to the bite, about 8 minutes. Drain, reserving some of the cooking water. Add tagliatelle to pot with the sauce, toss, and cook everything over high heat for 30 seconds to 1 minute. Drizzle with remaining olive oil and add some cooking water to thin sauce. Distribute tagliatelle on serving plates and sprinkle with Parmesan cheese. 
f7bf280da5696a19fa0951702b0a33c4£ Preheat the oven to 350 degrees F (175 degrees C). Line a baking sheet with aluminum foil and spread asparagus out in one layer. Drizzle with olive oil and season with salt and pepper; mix. Bake in the preheated oven until asparagus is tender, about 10 minutes. Meanwhile, saute pancetta in a skillet over medium-high heat until crisp, 4 to 5 minutes. Remove from heat. Remove asparagus from the oven. Cut off asparagus tips and set aside. Puree asparagus stalks in a blender. Reduce oven temperature to 315 degrees F (160 degrees C). Grease a loaf pan with butter and sprinkle with 1/2 tablespoon Parmesan cheese. Beat eggs with an electric mixer until foamy, 3 to 5 minutes. Carefully fold in milk, remaining Parmesan cheese, salt, and pepper. Fold in pureed asparagus. Pour mixture into the prepared loaf pan. Place asparagus tips on top in a decorative pattern. Bake in the preheated oven until sformato is lightly browned and starts to pull away from the edges, 30 to 40 minutes. Remove from oven, cool for a few minutes, and serve. 
ad6f3445403aaccc1aa7a26737dd1e94£ Preheat an outdoor grill for high heat and lightly oil the grate. Close cover. Combine cherry tomatoes, olive oil, shallot, tapenade, salt, basil, thyme, and pepper in a bowl; mix well. Lay out foil on a work surface, shiny side-up. Place each salmon fillet skin side-down in the center of a piece of foil. Cover each piece of salmon with 1/4 of the cherry tomato mixture. Fold up the edges of the foil over the salmon to create a parcel, making sure to seal the edges well. Turn down the heat of the grill and carefully place the foil parcels on the grate. Close the cover and cook until salmon is pale pink in the center and flakes easily with a fork, 7 to 8 minutes. Remove parcels and let them sit for a few minutes before opening. 
042ffb511229ac905be0934bf3a24818£ Heat oil in a skillet over medium heat. Cook onion and bell pepper for 2 minutes. Stir in corn and continue cooking and stirring until onion is partially translucent, about 10 minutes. Season with cumin, salt, and pepper and stir to combine. Remove from heat and stir in feta cheese and spinach. 
6b9f26f1efb9255229235706e5b32413£ Preheat the oven to 450 degrees F (230 degrees C). Pat chicken dry and sprinkle salt on all sides and inside the cavity. Sprinkle with black pepper. Pluck the leaves from 1 spring of rosemary and sprinkle on the chicken. Place the other whole sprig inside the cavity along with garlic and lemon. Place the chicken on a roasting rack set inside a roasting pan. Bake in the preheated oven until no longer pink at the bone and the juices run clear, about 1 hour. An instant-read thermometer inserted into the thickest part of the thigh, near the bone, should read 165 degrees F (74 degrees C). 
1f6c4c438187c1819afa42b40a99a319£ Place eggplants in a colander. Sprinkle with salt and leave to drain for 30 minutes. Preheat the oven to 350 degrees F (175 degrees C). Lightly grease a baking pan. Heat 1 tablespoon olive oil in a skillet. Add onion, red bell pepper, and garlic; cook until onion is soft, about 10 minutes. Stir in sun-dried tomatoes, tomato paste, vinegar, sugar, and pepper. Remove from heat. Pat the eggplant slices dry with paper towels and arrange in the prepared baking pan. Drop a teaspoonful of the tomato mixture onto each eggplant slice. Drizzle remaining olive oil over and around slices. Cover with aluminum foil. Bake in the preheated oven until eggplant slices are tender, 40 to 50 minutes. Garnish with pine nuts and cilantro leaves. Serve at room temperature. 
32efeff8a1dd6af74a535fb49c9b4ff4£ Place tuna steaks in a bowl. Add olive oil, vinegar, garlic powder, onion powder, coriander, cumin, and tarragon and mix well. Cover with aluminum foil and marinate in the refrigerator for 2 to 4 hours. Preheat the oven to 350 degrees F (175 degrees C). Transfer tuna steaks to a baking sheet. Bake in the preheated oven until tuna is cooked through and flakes easily with a fork, 15 to 20 minutes. 
0f2a568b52a7254635832952df18cacc£ Heat 2 tablespoon olive oil in a skillet and cook zucchini slices in batches until soft and lightly browned on each side, about 5 minutes per batch. Combine 4 tablespoons olive oil, parsley, lemon zest, lemon juice, and garlic in a bowl. Arrange zucchini on a plate and drizzle with dressing. Sprinkle crumbled feta cheese on top. 
9ccd410080279f81023557cf9ab76bb2£ Season zucchini with salt and pepper and brush lightly with olive oil. Heat a grill pan over medium-high heat. Place zucchini slices, a few at a time, into hot pan and cook until the pattern of the pan is imprinted into zucchini, about 4 minutes. Turn and cook an additional 3 to 4 minutes. Combine olive oil, vinegar, parsley, garlic, salt, and pepper in a small bowl. Brush cooked zucchini with olive oil mixture and serve. 
125d01b21390edf8a05fcace795fb3e0£ Preheat the oven to 200 degrees F (95 degrees C). Place a serving platter in the oven to warm. Place yellow squash and zucchini in a colander in the sink, season with salt, and allow to drain. Bring a large pot of lightly salted water to a boil. Cook spaghetti in the boiling water, stirring occasionally, until tender yet firm to the bite, about 12 minutes. Drain and transfer to the warm serving platter. Meanwhile, heat olive oil in a large skillet and cook yellow squash and zucchini until softened and lightly brown on all sides, 5 to 10 minutes. Add garlic and parsley and season with pepper. Cook for 1 minute. Add to spaghetti on the platter and sprinkle with 1/2 the Pecorino Romano cheese. Serve with remaining Pecorino Romano cheese. 
773a0f45aa1fcfdd8395c96a8ec06680£ Bring water and rice to a boil in a saucepan. Reduce heat to medium-low, cover, and simmer until rice is tender and liquid has been absorbed, 18 to 20 minutes. Remove from heat and pour enough cold water on top of the cooked rice to cover it. Stir to cool. Drain well; transfer rice into a bowl. Stir in 1 tablespoon olive oil and season with herb salt. Mix capers, parsley, and lemon zest in a small bowl; add to rice. Mix in zucchini, carrots, yellow bell pepper, and red bell pepper. Season with remaining 1 tablespoon olive oil, lemon juice, and salt. 
e6f6934c390e87aa31a36bf2235bbb49£ Slice a little piece off the top and bottom of each orange so you have a stable cutting surface. Trim away all skin and pith with a small sharp knife without taking too much off the fruit. Slice oranges horizontally and arrange on a serving platter. Combine onion, olive oil, lemon juice, and salt in a bowl and pour over the oranges. Grind fresh pepper over the salad and arrange black olives on top. 
57b21a42457df67c00ff95c6bd0756c4£ Pat lamb chops dry and arrange in a single layer in a shallow glass baking dish. Whisk Dijon mustard, balsamic vinegar, garlic, and pepper together in a small bowl. Whisk in oil slowly until marinade is smooth. Stir in basil. Pour marinade over lamb chops, turning to coat both sides. Cover and refrigerate for 1 to 4 hours. Bring lamb chops to room temperature, about 30 minutes. Preheat grill for medium heat and lightly oil the grate. Grill lamb chops until browned, 5 to 10 minutes per side. An instant-read thermometer inserted into the center should read at least 145 degrees F (63 degrees C). 
7702f6f27d123ca8832ff79a23145fca£ Place olives, walnuts, olive oil, and harissa in a blender. Pulse until mixture is blended but retains a coarse texture. For a thinner, more dip-like tapenade, add additional olive 1 tablespoon at a time. Add salt and pepper to taste. 
9e3c212ed399523b72d1da2a5b3de743£ Mix olive oil, vinegar, garlic, Italian seasoning, lemon zest, and white pepper together in a bowl. 
d71f95550bbbb60ce70e22141ca7940d£ Combine mozzarella cheese, olive oil, lemon juice, garlic, salt, and pepper in a resealable plastic bag. Seal and refrigerate for 2 hours. Turn mozzarella a few times in the marinade. Arrange mozzarella and figs on a serving plate and drizzle with marinade. Sprinkle fresh mint on top. 
831e8df303fee1afccf89280c5672530£ Combine halloumi cheese, eggplant, red onion, red bell pepper, whole cherry tomatoes, and whole radishes in a large bowl. Drizzle olive oil and lemon juice on top. Sprinkle black pepper and ras el hanout over the mix. Toss to coat. Allow to marinate for 15 minutes. Preheat an outdoor grill for medium heat and lightly oil the grate. Slide 1 piece each eggplant, bell pepper, onion, halloumi cheese, tomato,radish, halloumi cheese, onion, bell pepper, and eggplant onto a skewer. Repeat with remaining skewers, cheese, and vegetables. Reserve any remaining marinade in the bowl. Place skewers on the preheated grill. Brush with reserved marinade and turn skewers to cook evenly on each side, 10 to 15 minutes. Meanwhile, mix tahini and lemon juice together in a bowl. Place 2 cooked skewers on each plate. Drizzle tahini sauce equally over each. Top with fresh cilantro and dukkah before, and serve with lemon wedges. 
87865984d0ec55f8da64d140213fe6cc£ Preheat the oven to 225 degrees F (99 degrees C). Line a large baking sheet with aluminum foil and place in the oven to preheat. Place celeriac in a bowl; drizzle olive oil over and season with salt and black pepper. Toss fries to coat evenly. Remove baking sheet from the hot oven. Transfer fries to the baking sheet in a single layer with some space between them. Bake in the preheated oven for 20 minutes. While fries bake, combine tomato paste, tomato sauce, apple cider vinegar, harissa, brown rice syrup, coriander, garlic powder, onion powder, and sea salt in a small bowl. Stir to combine until smooth. Add water, 1/4 teaspoon at a time until desired consistency. Set ketchup aside. Remove fries from oven and increase oven temperature to 450 degrees F (230 degrees C). Flip fries and return baking sheet to the hot oven. Bake until crispy, about 15 minutes more. Serve celery root fries with harissa ketchup. 
ed20d23f8135fc9ce5dbd717df02d4c3£ Preheat the oven to 450 degrees F (230 degrees C). Fill a large saucepan with lightly salted water and bring to a boil. Add potatoes to the water and boil until only partially cooked, 3 to 4 minutes. Strain. Heat olive oil in a large skillet over medium-high heat. Add potatoes, broccolini, green bell pepper, leek, and onion and stir. Add garlic, parsley, rosemary, bay leaves, thyme, basil, pepper, and salt. Squeeze lemon slices over the mixture in the skillet and drop them in. Saute, stirring often, for 5 minutes. Add additional olive oil as needed. Transfer mixture to a baking sheet. Bake in the preheated oven until potatoes are golden brown on the edges, about 12 minutes, tossing halfway through. Remove and discard lemons and bay leaves and serve immediately. 
9aabe88d4cbdf3fdaa213f3f68c9eeff£ Bring a large pot of lightly salted water to a boil. Add mushrooms and cook until softened, about 10 minutes. Drain and set aside to cool. Combine olive oil, white wine vinegar, red onion, oregano, thyme, garlic, salt, and pepper in a large jar with a lid. Close jar and shake well. Add cooked mushrooms and refrigerate at least 5 hours. Remove from refrigerator 10 minutes prior to serving. 
eeb674bb9189ff2f34d093d7f16bee5a£ Combine almonds, olive oil, vinegar, water, garlic and salt in a blender; blend until smooth. Add more cold water while blending until desired consistency is reached. The soup should be thick, but still pourable. Chill soup for a minimum of 15 minutes. Serve garnished with grapes. 
983387d015231aa2a61686c749999eee£ Preheat the oven to 325 degrees F (165 degrees C). Oil a baking sheet. Place zucchini, summer squash, Brussels sprouts, and onion on the prepared baking sheet and drizzle with olive oil. Season with salt and pepper. Bake in the preheated oven until tender, about 25 minutes. 
a20fc928f6cf963c87c421d65bdd8932£ Preheat air fryer to 400 degrees F (200 degrees C). Place potato wedges in a large bowl. Add olive oil, paprika, parsley, chili, salt, and pepper and mix well to combine. Place 8 wedges in the basket of the air fryer and cook for 10 minutes. Flip wedges with tongs and cook for an additional 5 minutes. Repeat with remaining 8 wedges. 
7902e1c1263080e16575159fcec7c0d7£ Preheat the oven to 425 degrees F (220 degrees C). Line a large rimmed baking sheet with aluminum foil. Whisk olive oil, juice of 1 lemon, vinegar, tarragon, oregano, paprika, salt, and pepper together in a large bowl. Add chicken thighs, onion, baby bell peppers, and potatoes. Stir until everything is evenly coated. Transfer vegetable-chicken mixture to the prepared baking sheet and spread in an even layer. Scatter lemon slices over the vegetables, making sure to leave the chicken uncovered so that the skin will brown. Bake in preheated oven for about 40 minutes. Remove from oven and top with feta, parsley, and olives. 
